PlayerID,Player,Team,G,GS,QS,CG,SHO,IP,W,L,H,HR,ER,BB,K,HLD,SV,BS,ERA,WHIP,K/9,BB/9,K/BB,HR/9
14996,Cory Abbott,FA,0,0,0,0,0,1,0,0,1.12,0,0.82,0.61,0.96,0,0,0,7.37,1.72,8.61,5.45,1.58,0.00
16805,Andrew Abbott,CIN,31,31,12,0,0,179,12,10,162,25,67,59,165,0,0,0,3.37,1.23,8.30,2.97,2.80,1.26
16679,Mick Abel,MIN,41,13,3,0,0,97,3,4,92,15,52,36,86,0,0,5,4.82,1.32,7.98,3.34,2.39,1.39
17448,Kevin Abel,CIN,0,0,0,0,0,1,0,0,1.05,0,0.77,0.77,0.81,0,0,0,6.90,1.81,7.25,6.90,1.05,0.00
17401,Philip Abner,ARI,29,0,0,0,0,30,1,1,26,3,13,11,26,0,0,0,3.90,1.23,7.80,3.30,2.36,0.90
19891,Alaska Abney,CLE,0,0,0,0,0,1,0,0,0.91,0,0.5,0.48,0.84,0,0,0,4.48,1.40,7.60,4.36,1.74,0.00
15744,Bryan Abreu,HOU,65,0,0,0,0,67,3,3,51,6,21,28,84,23,11,5,2.82,1.18,11.28,3.76,3.00,0.81
14063,Albert Abreu,FA,0,0,0,0,0,1,0,0,1.03,0,0.56,0.54,0.92,0,0,0,5.03,1.58,8.25,4.90,1.69,0.00
16892,Dane Acker,TEX,0,0,0,0,0,1,0,0,1.09,0,0.61,0.61,0.86,0,0,0,5.48,1.69,7.78,5.48,1.42,0.00
16405,Daison Acosta,SD,0,0,0,0,0,1,0,0,0.89,0,0.51,0.61,0.98,0,0,0,4.55,1.50,8.84,5.45,1.62,0.00
19344,Adrian Acosta,LAA,0,0,0,0,0,1,0,0,1.3,0,1.05,1.23,0.64,0,0,0,9.49,2.52,5.73,11.03,0.52,0.00
17058,Garrett Acton,MIA,25,0,0,0,0,25,1,1,21,3,11,10,20,0,0,0,3.96,1.24,7.20,3.60,2.00,1.08
18207,Jose Acuna,CIN,0,0,0,0,0,1,0,0,1.03,0,0.62,0.65,0.82,0,0,0,5.54,1.68,7.35,5.83,1.26,0.00
11588,Jason Adam,SD,46,0,0,0,0,46,3,2,34,5,14,16,47,29,5,3,2.74,1.09,9.20,3.13,2.94,0.98
14548,Chance Adams,FA,0,0,0,0,0,1,0,0,1.35,0,0.86,0.6,0.62,0,0,0,7.70,1.95,5.54,5.36,1.03,0.00
14614,Austin Adams,FA,0,0,0,0,0,1,0,0,1.07,0,0.67,0.61,1.13,0,0,0,6.05,1.68,10.21,5.48,1.86,0.00
19157,Mason Adams,CWS,0,0,0,0,0,1,0,0,1.11,0,0.54,0.38,0.79,0,0,0,4.90,1.49,7.10,3.45,2.06,0.00
19259,Cooper Adams,BOS,0,0,0,0,0,1,0,0,1.12,0,0.67,0.63,0.75,0,0,0,6.04,1.75,6.71,5.71,1.18,0.00
19934,Travis Adams,MIN,46,2,0,0,0,60,3,4,57,8,33,24,51,0,0,3,4.95,1.35,7.65,3.60,2.13,1.20
16213,Ty Adcock,SD,30,0,0,0,0,32,1,1,27,5,15,11,27,0,0,0,4.22,1.19,7.59,3.09,2.45,1.41
18100,Eric Adler,CWS,0,0,0,0,0,1,0,0,1,0,0.61,0.7,0.91,0,0,0,5.51,1.70,8.21,6.30,1.30,0.00
16030,Joan Adon,FA,0,0,0,0,0,1,0,0,1.14,0,0.8,0.75,0.81,0,0,0,7.19,1.90,7.29,6.76,1.08,0.00
14581,Melvin Adon,FA,0,0,0,0,0,1,0,0,1.09,0,0.62,0.56,0.94,0,0,0,5.57,1.65,8.43,5.06,1.67,0.00
17464,Matt Ager,PIT,0,0,0,0,0,1,0,0,1.4,0,1.05,1.18,0.45,0,0,0,9.48,2.58,4.02,10.66,0.38,0.00
19812,Zach Agnos,COL,45,0,0,0,0,47,2,3,42,6,25,19,36,3,2,2,4.79,1.30,6.89,3.64,1.89,1.15
17842,Julian Aguiar,CIN,23,2,1,0,0,32,1,0,28,5,16,11,24,0,0,0,4.50,1.22,6.75,3.09,2.18,1.41
20002,Robby Ahlstrom,TEX,0,0,0,0,0,1,0,0,1.02,0,0.56,0.66,0.9,0,0,0,5.05,1.68,8.14,5.98,1.36,0.00
20571,Blake Aita,STL,0,0,0,0,0,1,0,0,1.04,0,0.8,0.46,0.61,0,0,0,7.19,1.50,5.47,4.14,1.32,0.00
14349,Keegan Akin,BAL,65,0,0,0,0,65,3,3,59,8,29,24,63,20,4,3,4.02,1.28,8.72,3.32,2.63,1.11
17508,Glenn Albanese,LAA,0,0,0,0,0,1,0,0,1.01,0,0.51,0.45,0.94,0,0,0,4.63,1.46,8.49,4.05,2.10,0.00
20567,Alexander Alberto,TB,0,0,0,0,0,1,0,0,0.95,0,0.75,0.89,0.88,0,0,0,6.71,1.85,7.89,8.01,0.99,0.00
17408,Mason Albright,COL,0,0,0,0,0,1,0,0,1.31,0,0.85,0.53,0.66,0,0,0,7.68,1.84,5.93,4.75,1.25,0.00
17436,Luke Albright,ARI,0,0,0,0,0,1,0,0,1.17,0,0.89,0.85,0.88,0,0,0,7.99,2.02,7.88,7.65,1.03,0.00
14483,Jorge Alcala,TOR,19,0,0,0,0,19,1,1,17,3,10,8,18,0,0,1,4.74,1.32,8.53,3.79,2.25,1.42
14071,Sandy Alcantara,MIA,28,28,12,1,0,175,11,12,167,21,79,50,144,0,0,0,4.06,1.24,7.41,2.57,2.88,1.08
19357,Sam Aldegheri,LAA,19,6,1,0,0,46,1,1,42,6,21,18,38,0,0,4,4.11,1.30,7.43,3.52,2.11,1.17
16526,Pablo Aldonis,WSH,0,0,0,0,0,1,0,0,0.93,0,0.52,0.4,0.86,0,0,0,4.64,1.33,7.77,3.60,2.16,0.00
17525,Franco Aleman,CLE,0,0,0,0,0,1,0,0,1.13,0,0.82,0.64,1.15,0,0,0,7.39,1.77,10.35,5.73,1.81,0.00
17812,Jason Alexander,HOU,28,8,6,0,0,65,3,2,64,12,33,22,54,0,1,0,4.57,1.32,7.48,3.05,2.45,1.66
13880,Tyler Alexander,TEX,59,3,0,0,0,83,1,1,84,12,44,20,71,0,0,1,4.77,1.25,7.70,2.17,3.55,1.30
11684,Scott Alexander,FA,36,0,0,0,0,36,1,1,33,5,16,13,27,0,0,2,4.00,1.28,6.75,3.25,2.08,1.25
14898,A.J. Alexy,FA,0,0,0,0,0,1,0,0,0.98,0,0.89,1.09,0.86,0,0,0,8.04,2.07,7.71,9.80,0.79,0.00
16049,Matt Allan,NYM,0,0,0,0,0,1,0,0,0.96,0,0.54,0.65,0.91,0,0,0,4.84,1.61,8.21,5.85,1.40,0.00
13820,Kolby Allard,CLE,42,0,0,0,0,42,2,2,41,5,19,13,34,0,0,0,4.07,1.29,7.29,2.79,2.62,1.07
17884,Cam Alldred,FA,0,0,0,0,0,1,0,0,1.11,0,0.78,0.58,0.8,0,0,0,7.05,1.69,7.17,5.19,1.38,0.00
14079,Logan Allen,LAD,0,0,0,0,0,1,0,0,1.3,0,0.76,0.54,0.77,0,0,0,6.84,1.84,6.97,4.89,1.43,0.00
16715,Logan Allen,CLE,26,21,5,0,0,119,7,7,125,18,60,47,98,0,0,0,4.54,1.45,7.41,3.55,2.09,1.36
19697,Chase Allsup,BAL,0,0,0,0,0,1,0,0,1.12,0,0.97,1.14,0.76,0,0,0,8.72,2.25,6.87,10.23,0.67,0.00
13722,Yency Almonte,LAD,0,0,0,0,0,1,0,0,0.88,0,0.46,0.46,0.95,0,0,0,4.12,1.34,8.53,4.12,2.07,0.00
14530,Dan Altavilla,MIN,30,0,0,0,0,29,1,2,25,4,15,11,25,0,0,0,4.66,1.24,7.76,3.41,2.27,1.24
14493,Cristian Alvarado,FA,0,0,0,0,0,1,0,0,1.23,0,0.71,0.75,0.82,0,0,0,6.41,1.98,7.42,6.75,1.10,0.00
13995,Elvis Alvarado,ATH,58,0,0,0,0,60,3,4,50,8,24,26,59,13,4,3,3.60,1.27,8.85,3.90,2.27,1.20
14610,Jose Alvarado,PHI,58,0,0,0,0,57,4,3,49,7,23,20,56,19,4,6,3.63,1.21,8.84,3.16,2.80,1.11
19439,Andrew Alvarez,WSH,36,11,3,0,0,89,1,2,72,9,35,32,75,0,0,0,3.54,1.17,7.58,3.24,2.34,0.91
15098,Adbert Alzolay,NYM,61,0,0,0,0,59,3,3,53,9,25,19,50,3,1,1,3.81,1.22,7.63,2.90,2.63,1.37
19971,Kyle Amendt,ARI,0,0,0,0,0,1,0,0,0.91,0,0.46,0.56,1.08,0,0,0,4.16,1.47,9.68,5.06,1.91,0.00
19202,Ryan Ammons,NYM,0,0,0,0,0,1,0,0,0.75,0,0.51,1.04,1,0,0,0,4.58,1.78,9.00,9.32,0.97,0.00
19783,Aidan Anderson,TEX,0,0,0,0,0,1,0,0,1,0,0.6,0.51,0.86,0,0,0,5.36,1.51,7.74,4.61,1.68,0.00
14602,Drew Anderson,DET,0,0,0,0,0,1,0,0,1.08,0,0.5,0.55,0.95,0,0,0,4.50,1.63,8.55,4.95,1.73,0.00
14241,Ian Anderson,FA,0,0,0,0,0,1,0,0,1.04,0,0.6,0.55,0.86,0,0,0,5.36,1.58,7.71,4.92,1.57,0.00
14363,Shaun Anderson,LAA,0,0,0,0,0,1,0,0,1.26,0,0.71,0.39,0.75,0,0,0,6.41,1.64,6.73,3.50,1.92,0.00
11976,Justin Anderson,CWS,0,0,0,0,0,1,0,0,1.05,0,0.79,0.71,1.01,0,0,0,7.07,1.75,9.07,6.36,1.43,0.00
12142,Tyler Anderson,FA,28,27,8,0,0,151,5,10,146,25,76,64,119,0,0,0,4.52,1.39,7.08,3.81,1.86,1.49
12419,Chase Anderson,FA,0,0,0,0,0,1,0,0,1.01,0,0.58,0.43,0.83,0,0,0,5.24,1.44,7.51,3.87,1.94,0.00
16000,Grant Anderson,MIL,55,0,0,0,0,56,2,3,52,9,29,22,52,8,2,2,4.66,1.32,8.36,3.54,2.36,1.45
15796,Nick Anderson,ATH,18,0,0,0,0,18,1,1,16,2,8,5,15,2,1,1,4.00,1.17,7.50,2.50,3.00,1.00
20694,Jack Anderson,FA,0,0,0,0,0,1,0,0,1.16,0,0.68,0.37,0.83,0,0,0,6.15,1.54,7.49,3.37,2.22,0.00
16587,Clayton Andrews,SF,0,0,0,0,0,1,0,0,0.94,0,0.62,0.57,0.98,0,0,0,5.62,1.51,8.86,5.11,1.73,0.00
17741,Tanner Andrews,TOR,0,0,0,0,0,1,0,0,1.18,0,0.7,0.57,0.98,0,0,0,6.27,1.76,8.78,5.17,1.70,0.00
12237,Matt Andriese,MIA,0,0,0,0,0,1,0,0,1.33,0,0.77,0.38,0.74,0,0,0,6.97,1.71,6.67,3.38,1.97,0.00
20007,Roman Angelo,ARI,0,0,0,0,0,1,0,0,1.08,0,0.74,0.74,0.83,0,0,0,6.62,1.82,7.50,6.69,1.12,0.00
20295,Jack Anker,PIT,0,0,0,0,0,1,0,0,0.93,0,0.47,0.35,0.95,0,0,0,4.28,1.28,8.55,3.15,2.71,0.00
16495,Tejay Antone,CIN,0,0,0,0,0,1,0,0,1.03,0,0.6,0.41,0.93,0,0,0,5.36,1.44,8.40,3.72,2.26,0.00
20120,Rayven Antonio,ATL,0,0,0,0,0,1,0,0,1.22,0,0.86,0.73,0.68,0,0,0,7.76,1.95,6.12,6.53,0.94,0.00
19935,Koyo Aoyagi,PHI,0,0,0,0,0,1,0,0,1,0,0.76,0.89,0.84,0,0,0,6.86,1.89,7.54,7.99,0.94,0.00
19820,Cesar Aquino,PIT,0,0,0,0,0,1,0,0,1.33,0,0.93,0.41,0.65,0,0,0,8.32,1.74,5.85,3.71,1.58,0.00
19125,Patricio Aquino,MIL,0,0,0,0,0,1,0,0,1.31,0,0.74,0.64,0.61,0,0,0,6.65,1.95,5.53,5.78,0.96,0.00
20403,Wellington Aracena,ARI,0,0,0,0,0,1,0,0,0.9,0,0.65,0.95,0.9,0,0,0,5.84,1.85,8.09,8.54,0.95,0.00
20017,Luis Arestigueta,ATL,0,0,0,0,0,1,0,0,1.31,0,1.05,1.03,0.65,0,0,0,9.44,2.34,5.82,9.28,0.63,0.00
19113,Benjamin Arias,STL,0,0,0,0,0,1,0,0,1.08,0,0.74,0.63,0.7,0,0,0,6.62,1.71,6.29,5.65,1.11,0.00
18797,Michael Arias,NYY,0,0,0,0,0,1,0,0,1.01,0,0.58,0.67,0.95,0,0,0,5.25,1.68,8.56,6.01,1.42,0.00
16420,Luarbert Arias,FA,0,0,0,0,0,1,0,0,1.01,0,0.57,0.52,0.87,0,0,0,5.16,1.53,7.79,4.69,1.66,0.00
17000,Jaime Arias,FA,0,0,0,0,0,1,0,0,1.14,0,0.7,0.52,0.8,0,0,0,6.34,1.66,7.24,4.64,1.56,0.00
18387,Justin Armbruester,NYM,0,0,0,0,0,1,0,0,1.07,0,0.78,0.61,0.85,0,0,0,7.02,1.68,7.67,5.51,1.39,0.00
18568,Erubiel Armenta,PHI,0,0,0,0,0,1,0,0,0.9,0,0.6,0.76,0.98,0,0,0,5.40,1.66,8.84,6.88,1.29,0.00
13661,Shawn Armstrong,CLE,67,1,0,0,0,68,3,3,55,6,25,21,64,19,4,3,3.31,1.12,8.47,2.78,3.05,0.79
20449,Sam Armstrong,MIN,0,0,0,0,0,1,0,0,1.08,0,0.69,0.49,0.68,0,0,0,6.19,1.56,6.12,4.37,1.40,0.00
17672,Spencer Arrighetti,HOU,26,15,6,0,0,91,4,10,79,14,47,43,87,0,0,0,4.65,1.34,8.60,4.25,2.02,1.38
19822,Felix Arronde,KC,0,0,0,0,0,1,0,0,1,0,0.56,0.62,0.63,0,0,0,5.06,1.62,5.65,5.57,1.01,0.00
15540,Aaron Ashby,MIL,59,1,0,0,0,69,4,3,55,6,24,24,67,10,2,3,3.13,1.14,8.74,3.13,2.79,0.78
15488,Braxton Ashcraft,PIT,38,22,0,0,0,131,4,4,116,9,44,45,125,0,0,2,3.02,1.23,8.59,3.09,2.78,0.62
16192,Graham Ashcraft,CIN,56,1,12,0,0,63,6,4,65,6,31,23,52,18,3,3,4.43,1.40,7.43,3.29,2.26,0.86
20451,Micah Ashman,BAL,0,0,0,0,0,1,0,0,0.87,0,0.48,0.38,0.96,0,0,0,4.30,1.25,8.60,3.40,2.53,0.00
17913,Keyshawn Askew,TB,0,0,0,0,0,1,0,0,0.88,0,0.64,0.96,0.85,0,0,0,5.73,1.85,7.69,8.67,0.89,0.00
15233,Javier Assad,CHC,43,3,1,0,0,63,2,1,57,7,25,23,48,0,0,0,3.57,1.27,6.86,3.29,2.09,1.00
19387,Jose Atencio,FA,0,0,0,0,0,1,0,0,1.53,0,0.75,0.48,0.61,0,0,0,6.73,2.01,5.53,4.31,1.28,0.00
17571,Mason Auer,TB,0,0,0,0,0,0,0,0,0,0,0,0,0,0,0,0,0.00,0.00,0.00,0.00,0.00,0.00
19952,Brooks Auger,LAD,0,0,0,0,0,1,0,0,1.32,0,0.98,0.77,0.48,0,0,0,8.79,2.09,4.35,6.91,0.63,0.00
19769,Kelly Austin,NYY,0,0,0,0,0,1,0,0,0.99,0,0.48,0.59,0.84,0,0,0,4.28,1.58,7.56,5.29,1.43,0.00
18728,Luinder Avila,KC,29,0,0,0,0,32,2,1,26,3,13,11,28,0,0,0,3.66,1.16,7.88,3.09,2.55,0.84
18284,Nick Avila,FA,0,0,0,0,0,1,0,0,1,0,0.55,0.46,0.9,0,0,0,4.99,1.46,8.14,4.14,1.97,0.00
14626,Pedro Avila,FA,0,0,0,0,0,1,0,0,0.99,0,0.59,0.5,0.94,0,0,0,5.28,1.49,8.50,4.46,1.91,0.00
14313,Lake Bachar,MIA,54,0,0,0,0,55,3,3,49,8,24,21,52,9,3,2,3.93,1.27,8.51,3.44,2.48,1.31
17309,Sam Bachman,LAA,35,0,0,0,0,35,1,3,32,4,16,14,29,0,0,3,4.11,1.31,7.46,3.60,2.07,1.03
20010,Kyle Backhus,PHI,20,0,0,0,0,19,1,2,18,2,9,6,16,0,1,1,4.26,1.26,7.58,2.84,2.67,0.95
16578,Henry Baez,ATH,0,0,0,0,0,1,0,0,0.97,0,0.52,0.57,0.72,0,0,0,4.72,1.54,6.47,5.09,1.27,0.00
19790,Ethan Bagwell,ATL,0,0,0,0,0,1,0,0,0.98,0,0.62,0.53,0.73,0,0,0,5.56,1.52,6.57,4.81,1.37,0.00
18388,Andrew Baker,PHI,0,0,0,0,0,1,0,0,1.16,0,0.81,0.78,1.01,0,0,0,7.25,1.94,9.10,7.01,1.30,0.00
15697,Bryan Baker,TB,64,0,0,0,0,64,3,3,53,9,28,22,61,21,4,3,3.94,1.17,8.58,3.09,2.77,1.27
20527,Trent Baker,MIN,0,0,0,0,0,1,0,0,1.17,0,0.69,0.56,0.76,0,0,0,6.23,1.73,6.88,5.04,1.36,0.00
15575,Jordan Balazovic,FA,0,0,0,0,0,1,0,0,1.17,0,0.66,0.56,0.89,0,0,0,5.96,1.74,7.97,5.06,1.58,0.00
19776,Thomas Balboni,NYY,0,0,0,0,0,1,0,0,1.14,0,0.99,0.82,1.03,0,0,0,8.87,1.96,9.29,7.35,1.26,0.00
20495,Bryan Balzer,SD,0,0,0,0,0,1,0,0,1.47,0,1.36,0.89,0.76,0,0,0,12.28,2.36,6.82,7.98,0.85,0.00
13591,Anthony Banda,MIN,56,0,0,0,0,56,2,3,48,7,25,24,49,11,4,2,4.02,1.29,7.88,3.86,2.04,1.13
17811,Tanner Banks,PHI,60,0,0,0,0,62,3,2,54,8,25,17,55,9,2,3,3.63,1.15,7.98,2.47,3.24,1.16
17044,Caleb Baragar,MIN,0,0,0,0,0,1,0,0,1.04,0,0.82,0.75,0.9,0,0,0,7.42,1.80,8.08,6.77,1.19,0.00
20725,Gabriel Barbosa,FA,0,0,0,0,0,1,0,0,1.33,0,0.86,0.52,0.69,0,0,0,7.75,1.85,6.20,4.65,1.33,0.00
19095,Edgar Barclay,NYY,0,0,0,0,0,1,0,0,1.03,0,0.66,0.59,0.83,0,0,0,5.95,1.62,7.43,5.30,1.40,0.00
16068,Hunter Barco,PIT,33,14,3,0,0,100,2,1,85,12,41,33,83,0,0,0,3.69,1.18,7.47,2.97,2.52,1.08
9283,Daniel Bard,FA,0,0,0,0,0,1,0,0,0.91,0,0.5,0.45,0.98,0,0,0,4.51,1.37,8.78,4.06,2.16,0.00
19092,Alec Barger,COL,0,0,0,0,0,1,0,0,1.07,0,0.76,0.68,0.85,0,0,0,6.88,1.75,7.61,6.16,1.24,0.00
16436,Luke Barker,SEA,0,0,0,0,0,1,0,0,0.98,0,0.62,0.52,0.92,0,0,0,5.58,1.50,8.28,4.68,1.77,0.00
16371,Joe Barlow,FA,0,0,0,0,0,1,0,0,1.12,0,0.61,0.46,0.93,0,0,0,5.50,1.58,8.33,4.17,2.00,0.00
15272,Scott Barlow,ATH,57,0,0,0,0,57,3,3,46,6,26,29,59,13,10,4,4.11,1.32,9.32,4.58,2.03,0.95
12133,Matt Barnes,FA,0,0,0,0,0,1,0,0,0.99,0,0.52,0.41,0.92,0,0,0,4.68,1.40,8.28,3.69,2.24,0.00
14092,Jacob Barnes,FA,0,0,0,0,0,1,0,0,1.03,0,0.54,0.41,0.86,0,0,0,4.88,1.44,7.76,3.68,2.11,0.00
14908,Charlie Barnes,CHC,0,0,0,0,0,1,0,0,1.55,0,0.85,0.32,0.93,0,0,0,7.65,1.88,8.33,2.92,2.85,0.00
18118,Mason Barnett,ATH,23,5,1,0,0,47,1,1,43,6,24,18,38,0,0,0,4.60,1.30,7.28,3.45,2.11,1.15
14022,Kyle Barraclough,FA,0,0,0,0,0,1,0,0,0.9,0,0.55,0.74,0.89,0,0,0,4.97,1.64,8.02,6.66,1.20,0.00
14511,Jaime Barria,FA,0,0,0,0,0,1,0,0,0.97,0,0.56,0.33,0.79,0,0,0,5.04,1.30,7.12,2.96,2.40,0.00
17936,Brandon Barriera,TOR,0,0,0,0,0,1,0,0,0.95,0,0.71,0.57,0.93,0,0,0,6.43,1.52,8.36,5.14,1.63,0.00
20003,Andrew Bash,MIN,0,0,0,0,0,1,0,0,0.94,0,0.44,0.58,0.74,0,0,0,3.99,1.52,6.68,5.19,1.29,0.00
13613,Chris Bassitt,BAL,29,28,13,1,0,160,11,9,159,20,70,54,155,0,0,0,3.94,1.33,8.72,3.04,2.87,1.13
19190,Brady Basso,ATH,52,0,0,0,0,55,2,2,48,6,22,20,45,0,0,0,3.60,1.24,7.36,3.27,2.25,0.98
19085,Angel Bastardo,TOR,0,0,0,0,0,1,0,0,1.09,0,0.87,0.76,0.88,0,0,0,7.83,1.85,7.94,6.87,1.16,0.00
19535,Boston Bateman,BAL,0,0,0,0,0,1,0,0,1.19,0,0.71,0.63,0.83,0,0,0,6.38,1.82,7.48,5.71,1.31,0.00
19752,Gilberto Batista,TOR,0,0,0,0,0,1,0,0,1.39,0,0.91,0.58,0.72,0,0,0,8.22,1.97,6.49,5.19,1.25,0.00
19107,Aldrin Batista,CWS,0,0,0,0,0,1,0,0,1.11,0,0.69,0.66,0.81,0,0,0,6.20,1.77,7.31,5.98,1.22,0.00
18725,Edinson Batista,TOR,0,0,0,0,0,1,0,0,1.14,0,0.9,0.82,0.76,0,0,0,8.06,1.96,6.83,7.40,0.92,0.00
17550,Peyton Battenfield,FA,0,0,0,0,0,1,0,0,1.2,0,0.83,0.51,0.62,0,0,0,7.44,1.70,5.58,4.55,1.23,0.00
16229,Tyler Baum,WSH,0,0,0,0,0,1,0,0,1.04,0,0.69,0.64,0.95,0,0,0,6.26,1.68,8.58,5.72,1.50,0.00
14924,Mike Baumann,NYM,0,0,0,0,0,1,0,0,0.94,0,0.5,0.43,0.96,0,0,0,4.51,1.37,8.67,3.86,2.24,0.00
18917,Garrett Baumann,ATL,0,0,0,0,0,1,0,0,1.18,0,0.62,0.46,0.72,0,0,0,5.58,1.64,6.44,4.10,1.57,0.00
17341,Jackson Baumeister,TB,0,0,0,0,0,1,0,0,0.95,0,0.64,0.71,0.81,0,0,0,5.73,1.66,7.30,6.41,1.14,0.00
16796,Carter Baumler,TEX,0,0,0,0,0,1,0,0,0.94,0,0.52,0.5,0.91,0,0,0,4.69,1.44,8.23,4.51,1.82,0.00
17297,Kelvin Bautista,LAD,0,0,0,0,0,1,0,0,1.29,0,1.01,1.27,0.82,0,0,0,9.06,2.55,7.34,11.40,0.64,0.00
17700,Felix Bautista,BAL,0,0,0,0,0,0,1,1,0,0,0,0,0,0,0,0,0.00,0.00,0.00,0.00,0.00,0.00
18719,Jorge Bautista,FA,0,0,0,0,0,1,0,0,1.22,0,0.88,0.65,0.69,0,0,0,7.91,1.87,6.25,5.86,1.07,0.00
14774,Shane Baz,BAL,28,28,13,0,0,159,9,9,135,22,72,57,155,0,0,0,4.08,1.21,8.77,3.23,2.72,1.25
17129,Eduard Bazardo,SEA,64,0,0,0,0,65,3,2,52,7,28,21,61,8,1,2,3.88,1.12,8.45,2.91,2.90,0.97
19545,Drew Beam,KC,0,0,0,0,0,1,0,0,1.24,0,0.74,0.39,0.61,0,0,0,6.65,1.63,5.49,3.50,1.57,0.00
17241,Octavio Becerra,FA,0,0,0,0,0,1,0,0,0.88,0,0.55,0.75,0.93,0,0,0,4.95,1.63,8.33,6.75,1.23,0.00
17447,Brendan Beck,NYY,0,0,0,0,0,1,0,0,0.92,0,0.49,0.38,0.79,0,0,0,4.44,1.30,7.11,3.45,2.06,0.00
14816,Tristan Beck,SF,33,0,0,0,0,37,1,1,32,4,15,11,30,0,1,0,3.65,1.16,7.30,2.68,2.73,0.97
20115,Jagger Beck,HOU,0,0,0,0,0,1,0,0,1.05,0,0.75,0.68,0.93,0,0,0,6.75,1.72,8.33,6.08,1.37,0.00
15457,Austin Becker,COL,0,0,0,0,0,1,0,0,1.06,0,0.59,0.62,0.91,0,0,0,5.34,1.68,8.21,5.60,1.47,0.00
16768,Ian Bedell,STL,0,0,0,0,0,1,0,0,1.07,0,0.73,0.54,0.85,0,0,0,6.55,1.61,7.66,4.82,1.59,0.00
15902,David Bednar,NYY,65,0,0,0,0,64,4,6,53,6,26,23,68,0,29,4,3.66,1.19,9.56,3.23,2.96,0.84
17328,Will Bednar,SF,0,0,0,0,0,1,0,0,1,0,0.75,0.83,1.04,0,0,0,6.77,1.83,9.32,7.46,1.25,0.00
12165,Tyler Beede,CHC,0,0,0,0,0,1,0,0,1.12,0,0.72,0.55,0.91,0,0,0,6.52,1.67,8.22,4.96,1.66,0.00
15207,Jalen Beeks,TEX,51,0,0,0,0,51,4,3,45,5,24,19,44,12,2,3,4.24,1.25,7.76,3.35,2.32,0.88
16744,Clayton Beeter,WSH,62,0,0,0,0,63,2,3,52,7,28,23,57,12,12,4,4.00,1.19,8.14,3.29,2.48,1.00
20415,Landon Beideischies,ATL,0,0,0,0,0,1,0,0,1.18,0,0.65,0.4,0.93,0,0,0,5.85,1.57,8.33,3.60,2.31,0.00
19726,Charlie Beilenson,SEA,0,0,0,0,0,1,0,0,1.15,0,0.65,0.37,0.92,0,0,0,5.81,1.52,8.31,3.32,2.50,0.00
14324,Jeff Belge,CHC,0,0,0,0,0,1,0,0,0.93,0,0.57,0.69,0.94,0,0,0,5.09,1.62,8.48,6.22,1.36,0.00
19251,Nigel Belgrave,MIA,0,0,0,0,0,1,0,0,0.84,0,0.48,0.57,0.97,0,0,0,4.36,1.41,8.72,5.09,1.72,0.00
13779,Andrew Bellatti,PHI,0,0,0,0,0,1,0,0,1,0,0.57,0.58,0.96,0,0,0,5.09,1.58,8.68,5.24,1.66,0.00
15839,Brayan Bello,BOS,27,27,13,0,0,155,12,9,148,18,67,55,129,0,0,0,3.89,1.31,7.49,3.19,2.35,1.05
19970,Juan Bello,HOU,0,0,0,0,0,1,0,0,1.07,0,0.72,0.72,0.76,0,0,0,6.44,1.79,6.80,6.44,1.06,0.00
20142,Jose Bello,BOS,0,0,0,0,0,1,0,0,1.03,0,0.58,0.6,0.84,0,0,0,5.20,1.63,7.60,5.40,1.41,0.00
19348,Valente Bellozo,COL,0,0,0,0,0,1,0,0,1.08,0,0.59,0.39,0.76,0,0,0,5.28,1.46,6.87,3.50,1.96,0.00
17218,Anthony Bender,MIA,64,0,0,0,0,63,3,3,51,5,24,23,56,17,4,4,3.43,1.17,8.00,3.29,2.43,0.71
19489,Keyner Benitez,MIA,0,0,0,0,0,1,0,0,1.1,0,0.6,0.82,0.76,0,0,0,5.41,1.92,6.87,7.39,0.93,0.00
19119,Angel Benitez,NYY,0,0,0,0,0,1,0,0,0.9,0,0.47,1.08,0.9,0,0,0,4.28,1.98,8.10,9.68,0.84,0.00
15741,Jorge Benitez,FA,0,0,0,0,0,1,0,0,0.91,0,0.71,0.96,0.88,0,0,0,6.37,1.87,7.96,8.63,0.92,0.00
17019,Wes Benjamin,SD,0,0,0,0,0,1,0,0,1.36,0,0.93,0.6,0.68,0,0,0,8.38,1.96,6.15,5.40,1.14,0.00
16454,Nick Bennett,MIL,0,0,0,0,0,1,0,0,1.16,0,0.72,0.52,0.77,0,0,0,6.48,1.68,6.91,4.72,1.47,0.00
18002,Jake Bennett,BOS,0,0,0,0,0,1,0,0,1.05,0,0.48,0.4,0.78,0,0,0,4.30,1.44,7.01,3.59,1.95,0.00
18546,Donovan Benoit,FA,0,0,0,0,0,1,0,0,1.09,0,0.67,0.69,0.83,0,0,0,6.04,1.77,7.49,6.17,1.21,0.00
20287,Sam Benschoter,CIN,0,0,0,0,0,1,0,0,1.19,0,0.79,0.56,0.81,0,0,0,7.07,1.75,7.32,5.00,1.46,0.00
18741,Ryan Bergert,KC,27,9,1,0,0,63,1,1,51,7,26,28,58,0,0,0,3.71,1.25,8.29,4.00,2.07,1.00
17467,Jesse Bergin,FA,0,0,0,0,0,1,0,0,0.9,0,0.5,0.44,0.92,0,0,0,4.45,1.34,8.26,4.00,2.07,0.00
18157,Austin Bergner,TEX,0,0,0,0,0,1,0,0,1.02,0,0.62,0.62,0.87,0,0,0,5.62,1.65,7.80,5.62,1.39,0.00
17699,Jonathan Bermudez,FA,0,0,0,0,0,1,0,0,1.05,0,0.68,0.63,0.84,0,0,0,6.13,1.68,7.55,5.63,1.34,0.00
18114,Jonatan Bernal,ARI,0,0,0,0,0,1,0,0,1.22,0,0.81,0.46,0.64,0,0,0,7.24,1.68,5.73,4.14,1.38,0.00
18212,Brennan Bernardino,COL,58,0,0,0,0,57,3,3,50,5,23,22,52,10,3,3,3.63,1.26,8.21,3.47,2.36,0.79
12492,Jose Berrios,TOR,32,15,10,0,0,105,7,5,97,15,45,32,90,0,0,0,3.86,1.23,7.71,2.74,2.81,1.29
16419,Prelander Berroa,CWS,29,0,0,0,0,29,1,1,23,3,12,13,26,0,0,0,3.72,1.24,8.07,4.03,2.00,0.93
17443,Tanner Bibee,CLE,29,29,12,1,0,177,12,8,158,23,72,51,172,0,0,0,3.66,1.18,8.75,2.59,3.37,1.17
12961,Phil Bickford,DET,0,0,0,0,0,1,0,0,0.89,0,0.52,0.42,0.99,0,0,0,4.68,1.31,8.87,3.81,2.33,0.00
17924,Osvaldo Bido,NYY,18,0,0,0,0,23,1,1,22,3,11,9,21,0,0,0,4.30,1.35,8.22,3.52,2.33,1.17
19273,Brandan Bidois,PIT,0,0,0,0,0,1,0,0,0.8,0,0.41,0.55,0.95,0,0,0,3.70,1.34,8.51,4.91,1.74,0.00
14383,Shane Bieber,TOR,19,19,8,0,0,110,5,3,95,13,38,29,108,0,0,0,3.11,1.13,8.84,2.37,3.72,1.06
15722,Brandon Bielak,FA,0,0,0,0,0,1,0,0,1.07,0,0.59,0.49,0.77,0,0,0,5.35,1.56,6.97,4.39,1.59,0.00
19677,Hunter Bigge,TB,42,0,0,0,0,43,1,1,37,6,18,14,37,10,2,2,3.77,1.19,7.74,2.93,2.64,1.26
19054,Ryan Birchard,MIL,0,0,0,0,0,1,0,0,0.95,0,0.7,0.98,0.9,0,0,0,6.30,1.93,8.08,8.80,0.92,0.00
17917,Jake Bird,NYY,49,0,0,0,0,49,3,4,48,6,24,20,44,5,1,4,4.41,1.39,8.08,3.67,2.20,1.10
18010,Brandon Birdsell,CHC,0,0,0,0,0,1,0,0,1.08,0,0.55,0.41,0.83,0,0,0,4.99,1.48,7.44,3.68,2.02,0.00
18391,Hayden Birdsong,SF,22,9,1,0,0,60,2,2,51,9,30,30,61,0,0,0,4.50,1.35,9.15,4.50,2.03,1.35
16687,Nick Bitsko,FA,0,0,0,0,0,1,0,0,1.01,0,0.97,1.06,0.88,0,0,0,8.71,2.07,7.90,9.53,0.83,0.00
19302,Spencer Bivens,SF,62,0,0,0,0,68,3,3,65,8,28,20,53,0,1,0,3.71,1.25,7.01,2.65,2.65,1.06
13198,Ty Blach,TEX,0,0,0,0,0,1,0,0,1.26,0,0.61,0.3,0.66,0,0,0,5.52,1.55,5.97,2.67,2.23,0.00
17437,Mason Black,KC,22,3,1,0,0,38,1,3,35,6,19,12,33,0,0,0,4.50,1.24,7.82,2.84,2.75,1.42
12505,Paul Blackburn,NYY,45,4,3,0,0,64,1,3,66,9,34,21,54,0,0,0,4.78,1.36,7.59,2.95,2.57,1.27
17020,Nolan Blackwood,FA,0,0,0,0,0,1,0,0,1.09,0,0.55,0.52,0.68,0,0,0,4.92,1.62,6.15,4.72,1.30,0.00
19014,Bradley Blalock,MIA,11,1,0,0,0,15,1,1,16,2,10,6,10,0,0,0,6.00,1.47,6.00,3.60,1.67,1.20
17206,Ronel Blanco,HOU,10,2,1,0,0,19,1,1,15,3,8,8,18,0,0,0,3.79,1.21,8.53,3.79,2.25,1.42
10692,Richard Bleier,FA,0,0,0,0,0,1,0,0,1.04,0,0.51,0.33,0.83,0,0,0,4.55,1.37,7.48,2.93,2.55,0.00
13412,Scott Blewett,STL,22,0,0,0,0,24,1,1,21,3,10,9,20,0,0,0,3.75,1.25,7.50,3.38,2.22,1.13
18868,Jake Bloss,TOR,13,0,0,0,0,13,1,1,12,3,6,4,10,0,0,0,4.15,1.23,6.92,2.77,2.50,2.08
19336,AJ Blubaugh,HOU,36,3,3,0,0,55,3,3,53,9,28,23,47,2,0,1,4.58,1.38,7.69,3.76,2.04,1.47
20746,Joshua Blum,FA,0,0,0,0,0,1,0,0,1.14,0,0.65,0.6,0.73,0,0,0,5.85,1.74,6.53,5.40,1.21,0.00
20039,Adrian Bohorquez,MIN,0,0,0,0,0,1,0,0,0.96,0,0.79,0.8,0.83,0,0,0,7.08,1.76,7.51,7.19,1.04,0.00
18778,Caleb Bolden,BOS,0,0,0,0,0,1,0,0,1.17,0,0.8,0.7,0.86,0,0,0,7.16,1.87,7.78,6.30,1.23,0.00
15915,Cody Bolton,HOU,0,0,0,0,0,1,0,0,1,0,0.51,0.44,0.93,0,0,0,4.59,1.44,8.33,4.00,2.08,0.00
14831,Bryce Bonnin,FA,0,0,0,0,0,1,0,0,0.87,0,0.64,0.63,0.89,0,0,0,5.79,1.50,7.97,5.66,1.41,0.00
20056,Paul Bonzagni,TEX,0,0,0,0,0,1,0,0,1.04,0,0.61,0.51,0.88,0,0,0,5.52,1.55,7.92,4.56,1.74,0.00
17476,Rodney Boone,CLE,0,0,0,0,0,1,0,0,1.03,0,0.58,0.49,0.76,0,0,0,5.18,1.52,6.82,4.43,1.54,0.00
18682,Cam Booser,TB,0,0,0,0,0,1,0,0,1.05,0,0.6,0.51,1.05,0,0,0,5.36,1.56,9.44,4.62,2.04,0.00
14613,Ryan Borucki,FA,0,0,0,0,0,1,0,0,0.92,0,0.49,0.39,0.95,0,0,0,4.42,1.31,8.54,3.54,2.41,0.00
19260,Jacob Bosiokovic,FA,0,0,0,0,0,1,0,0,1.02,0,0.84,0.8,0.96,0,0,0,7.60,1.82,8.60,7.20,1.19,0.00
17471,Julian Bosnic,PIT,0,0,0,0,0,1,0,0,0.94,0,0.68,1.24,0.85,0,0,0,6.16,2.18,7.65,11.14,0.69,0.00
18872,Josh Bostick,SF,0,0,0,0,0,1,0,0,1.09,0,0.75,0.6,0.86,0,0,0,6.78,1.69,7.70,5.37,1.43,0.00
20070,Ryan Bourassa,ATL,0,0,0,0,0,1,0,0,0.81,0,0.51,0.62,0.99,0,0,0,4.57,1.43,8.95,5.54,1.61,0.00
17723,Caleb Boushley,FA,0,0,0,0,0,1,0,0,1.12,0,0.61,0.39,0.76,0,0,0,5.51,1.50,6.86,3.49,1.96,0.00
14294,Ben Bowden,ATH,0,0,0,0,0,1,0,0,0.92,0,0.47,0.59,0.96,0,0,0,4.26,1.51,8.64,5.32,1.62,0.00
19087,Darren Bowen,MIN,0,0,0,0,0,1,0,0,1.21,0,0.95,0.7,0.62,0,0,0,8.55,1.90,5.54,6.26,0.89,0.00
15503,Jonathan Bowlan,PHI,52,0,0,0,0,55,3,2,53,11,27,21,48,6,1,2,4.42,1.35,7.85,3.44,2.29,1.80
14132,Matt Bowman,MIN,0,0,0,0,0,1,0,0,0.97,0,0.5,0.38,0.9,0,0,0,4.51,1.35,8.14,3.41,2.39,0.00
13007,Matthew Boyd,CHC,27,27,12,0,0,155,11,8,134,18,63,46,154,0,0,0,3.66,1.16,8.94,2.67,3.35,1.05
19780,Ryan Boyer,FA,0,0,0,0,0,1,0,0,0.96,0,0.56,0.39,0.94,0,0,0,4.99,1.35,8.50,3.51,2.42,0.00
18408,Sean Boyle,SD,0,0,0,0,0,1,0,0,1.05,0,0.66,0.44,0.81,0,0,0,5.94,1.49,7.27,3.99,1.82,0.00
16840,Joe Boyle,TB,25,16,3,0,0,94,3,3,76,10,43,42,87,0,0,0,4.12,1.26,8.33,4.02,2.07,0.96
16193,Cody Bradford,TEX,24,14,4,0,0,86,4,3,76,12,40,21,76,0,0,0,4.19,1.13,7.95,2.20,3.62,1.26
15482,Kyle Bradish,BAL,25,25,10,0,0,140,9,7,106,12,48,47,161,0,0,0,3.09,1.09,10.35,3.02,3.43,0.77
15684,Taj Bradley,MIN,32,17,7,0,0,108,5,7,101,17,59,40,113,0,0,0,4.92,1.31,9.42,3.33,2.83,1.42
19204,Ryan Brady,KC,0,0,0,0,0,1,0,0,1.18,0,0.6,0.46,0.83,0,0,0,5.42,1.63,7.46,4.10,1.82,0.00
20084,Braxton Bragg,BAL,0,0,0,0,0,1,0,0,1.07,0,0.51,0.45,0.94,0,0,0,4.62,1.51,8.43,4.04,2.09,0.00
20587,Kade Bragg,MIA,0,0,0,0,0,1,0,0,0.9,0,0.5,0.59,0.92,0,0,0,4.50,1.49,8.30,5.30,1.57,0.00
17010,Stevie Branche,FA,0,0,0,0,0,1,0,0,0.97,0,0.59,0.75,0.97,0,0,0,5.27,1.71,8.69,6.72,1.29,0.00
16240,Matt Brash,SEA,62,0,0,0,0,61,3,3,53,5,22,23,67,25,5,3,3.25,1.25,9.89,3.39,2.91,0.74
10218,Ryan Brasier,TEX,51,0,0,0,0,51,3,1,44,5,22,15,43,0,0,1,3.88,1.16,7.59,2.65,2.87,0.88
17498,Mitch Bratt,ARI,0,0,0,0,0,1,0,0,1.19,0,0.63,0.37,0.88,0,0,0,5.63,1.56,7.95,3.31,2.40,0.00
19146,Lucas Braun,ATL,0,0,0,0,0,1,0,0,0.99,0,0.6,0.41,0.81,0,0,0,5.37,1.40,7.25,3.68,1.97,0.00
18181,Huascar Brazoban,NYM,54,0,0,0,0,56,2,2,46,5,23,23,51,11,2,2,3.70,1.23,8.20,3.70,2.22,0.80
14981,John Brebbia,COL,17,0,0,0,0,17,1,1,16,3,9,6,16,5,2,2,4.76,1.29,8.47,3.18,2.67,1.59
17366,Brody Brecht,COL,0,0,0,0,0,1,0,0,1.05,0,0.54,0.86,1.03,0,0,0,4.82,1.91,9.27,7.76,1.19,0.00
17064,Jake Brentz,FA,0,0,0,0,0,1,0,0,0.99,0,0.75,0.71,0.94,0,0,0,6.70,1.69,8.45,6.39,1.32,0.00
19767,Jacob Bresnahan,SF,0,0,0,0,0,1,0,0,1.04,0,0.69,0.78,0.89,0,0,0,6.19,1.81,7.98,7.00,1.14,0.00
12247,Colten Brewer,FA,0,0,0,0,0,1,0,0,0.88,0,0.5,0.48,0.93,0,0,0,4.48,1.36,8.35,4.33,1.93,0.00
18718,Will Brian,NYY,0,0,0,0,0,1,0,0,0.98,0,0.48,0.51,0.95,0,0,0,4.33,1.49,8.54,4.58,1.86,0.00
12904,Austin Brice,FA,0,0,0,0,0,1,0,0,1.03,0,0.69,0.58,1,0,0,0,6.18,1.60,8.96,5.19,1.72,0.00
14135,Endrys Briceno,FA,0,0,0,0,0,1,0,0,1.14,0,0.98,0.75,0.85,0,0,0,8.78,1.89,7.65,6.75,1.13,0.00
17745,Beau Brieske,DET,45,0,0,0,0,46,2,2,41,6,22,18,38,5,1,1,4.30,1.28,7.43,3.52,2.11,1.17
18545,Trevor Brigden,FA,0,0,0,0,0,1,0,0,1.03,0,0.69,0.55,1.03,0,0,0,6.26,1.57,9.23,4.91,1.88,0.00
13488,Jeff Brigham,CHC,0,0,0,0,0,1,0,0,0.98,0,0.59,0.51,1.03,0,0,0,5.31,1.49,9.30,4.60,2.02,0.00
18134,Trace Bright,BAL,0,0,0,0,0,1,0,0,1.01,0,0.74,0.88,0.83,0,0,0,6.69,1.89,7.51,7.96,0.94,0.00
19637,Nick Brink,MIA,0,0,0,0,0,1,0,0,1.19,0,0.58,0.58,0.64,0,0,0,5.20,1.77,5.77,5.20,1.11,0.00
19741,Anderson Brito,TB,0,0,0,0,0,1,0,0,0.94,0,0.56,0.79,0.94,0,0,0,5.04,1.73,8.45,7.12,1.19,0.00
18221,Moises Brito,FA,0,0,0,0,0,1,0,0,1.09,0,0.77,0.65,0.93,0,0,0,6.97,1.74,8.33,5.85,1.42,0.00
17893,Jhony Brito,SD,19,0,0,0,0,20,1,1,19,3,9,6,15,0,0,2,4.05,1.25,6.75,2.70,2.50,1.35
20833,Raul Brito,MIN,0,0,0,0,0,1,0,0,1.12,0,0.73,0.69,0.97,0,0,0,6.54,1.81,8.72,6.25,1.39,0.00
16212,Kyle Brnovich,COL,0,0,0,0,0,1,0,0,1.05,0,0.72,0.55,0.9,0,0,0,6.46,1.60,8.11,4.95,1.64,0.00
19268,T.J. Brock,TOR,0,0,0,0,0,1,0,0,0.94,0,0.54,0.48,1.04,0,0,0,4.86,1.42,9.36,4.32,2.17,0.00
17032,Connor Brogdon,CLE,48,0,0,0,0,49,2,2,45,12,32,25,43,3,0,1,5.88,1.43,7.90,4.59,1.72,2.20
13292,Aaron Brooks,FA,0,0,0,0,0,1,0,0,1.27,0,0.73,0.44,0.68,0,0,0,6.53,1.70,6.09,3.92,1.56,0.00
20631,Jake Brooks,COL,0,0,0,0,0,1,0,0,1.18,0,0.65,0.37,0.65,0,0,0,5.89,1.55,5.89,3.36,1.75,0.00
16771,Cam Brown,FA,0,0,0,0,0,1,0,0,1.03,0,0.72,0.67,0.95,0,0,0,6.45,1.69,8.55,6.00,1.42,0.00
16123,Hunter Brown,HOU,32,32,21,0,0,195,13,9,166,22,74,65,216,0,0,0,3.42,1.18,9.97,3.00,3.32,1.02
19429,Aaron Brown,FA,0,0,0,0,0,1,0,0,1.45,0,1.01,0.56,0.72,0,0,0,9.07,2.01,6.45,5.05,1.28,0.00
17388,McCade Brown,COL,16,16,3,0,0,85,1,5,79,12,45,36,72,0,0,0,4.76,1.35,7.62,3.81,2.00,1.27
18206,Ben Brown,CHC,35,3,3,0,0,55,2,4,52,7,29,18,60,0,0,0,4.75,1.27,9.82,2.95,3.33,1.15
15795,JT Brubaker,SF,44,1,0,0,0,49,2,2,40,4,21,18,40,0,0,0,3.86,1.18,7.35,3.31,2.22,0.73
17602,Justin Bruihl,STL,44,0,0,0,0,43,2,2,39,6,20,15,37,3,1,2,4.19,1.26,7.74,3.14,2.47,1.26
16872,Ryan Bruno,ARI,0,0,0,0,0,1,0,0,0.88,0,0.57,0.94,0.96,0,0,0,5.17,1.81,8.66,8.44,1.03,0.00
17337,Maddux Bruns,LAD,0,0,0,0,0,1,0,0,1.14,0,0.93,1.07,0.9,0,0,0,8.35,2.21,8.12,9.65,0.84,0.00
17194,Zach Bryant,TEX,0,0,0,0,0,1,0,0,1.16,0,0.88,0.62,0.81,0,0,0,7.94,1.78,7.32,5.61,1.30,0.00
16854,Zach Brzykcy,MIA,13,0,0,0,0,13,0,0,12,2,7,5,11,0,0,0,4.85,1.31,7.62,3.46,2.20,1.38
15433,Kris Bubic,KC,27,27,12,0,0,149,6,11,133,12,54,40,147,0,0,0,3.26,1.16,8.88,2.42,3.68,0.72
11142,David Buchanan,FA,0,0,0,0,0,1,0,0,1.2,0,0.65,0.42,0.74,0,0,0,5.81,1.62,6.65,3.74,1.78,0.00
13815,Walker Buehler,SD,17,17,4,0,0,89,4,5,98,17,50,39,70,0,0,0,5.06,1.54,7.08,3.94,1.79,1.72
13398,J.B. Bukauskas,MIL,0,0,0,0,0,1,0,0,0.97,0,0.47,0.35,0.93,0,0,0,4.27,1.33,8.38,3.19,2.62,0.00
15148,Aaron Bummer,ATL,60,0,0,0,0,60,3,2,55,5,28,22,60,6,1,2,4.20,1.28,9.00,3.30,2.73,0.75
17597,Tyler Burch,NYM,0,0,0,0,0,1,0,0,1.09,0,0.57,0.47,0.86,0,0,0,5.17,1.56,7.70,4.25,1.81,0.00
13380,Nick Burdi,NYM,11,0,0,0,0,11,0,0,9,2,5,4,9,0,0,0,4.09,1.18,7.36,3.27,2.25,1.64
19672,Raymond Burgos,SF,0,0,0,0,0,1,0,0,1.08,0,0.54,0.42,0.89,0,0,0,4.83,1.49,7.97,3.76,2.12,0.00
20284,Juan Burgos,ARI,34,0,0,0,0,34,1,1,31,4,16,13,29,0,0,3,4.24,1.29,7.68,3.44,2.23,1.06
17364,Sean Burke,CWS,27,27,8,0,0,145,8,6,141,22,73,72,147,0,0,0,4.53,1.47,9.12,4.47,2.04,1.37
13459,Brock Burke,CIN,64,0,0,0,0,63,3,2,59,9,29,21,57,11,1,3,4.14,1.27,8.14,3.00,2.71,1.29
18116,Blake Burkhalter,ATL,0,0,0,0,0,1,0,0,1.08,0,0.56,0.54,0.75,0,0,0,5.02,1.62,6.78,4.86,1.39,0.00
14264,Corbin Burnes,ARI,7,7,4,0,0,39,2,1,30,5,12,13,37,0,0,0,2.77,1.10,8.54,3.00,2.85,1.15
14799,Tanner Burns,CLE,0,0,0,0,0,1,0,0,1.03,0,0.68,0.79,0.78,0,0,0,6.10,1.82,6.99,7.14,0.98,0.00
17335,Chase Burns,CIN,29,24,11,0,0,129,7,8,109,15,52,46,159,0,0,0,3.63,1.20,11.09,3.21,3.46,1.05
15711,Ryan Burr,FA,0,0,0,0,0,1,0,0,0.94,0,0.49,0.39,1.02,0,0,0,4.43,1.33,9.15,3.53,2.59,0.00
13832,Beau Burrows,PIT,0,0,0,0,0,1,0,0,0.97,0,0.59,0.5,0.89,0,0,0,5.29,1.47,8.05,4.49,1.79,0.00
17633,Mike Burrows,HOU,30,23,4,0,0,127,6,11,101,20,50,57,105,0,0,0,3.54,1.24,7.44,4.04,1.84,1.42
14501,Alan Busenitz,CIN,0,0,0,0,0,1,0,0,1.11,0,0.67,0.43,0.82,0,0,0,5.99,1.53,7.40,3.83,1.93,0.00
17355,Ky Bush,CWS,16,0,0,0,0,16,2,2,15,1,8,7,12,0,0,0,4.50,1.38,6.75,3.94,1.71,0.56
17209,Jose Butto,SF,61,1,7,0,0,69,4,5,55,6,27,31,62,8,1,2,3.52,1.25,8.09,4.04,2.00,0.78
12481,Ty Buttrey,SEA,0,0,0,0,0,1,0,0,1.08,0,0.7,0.56,0.88,0,0,0,6.34,1.63,7.96,5.00,1.59,0.00
19351,Ike Buxton,MIA,0,0,0,0,0,1,0,0,1.11,0,0.74,0.88,0.76,0,0,0,6.63,1.99,6.85,7.94,0.86,0.00
19881,Jose Cabrera,ARI,0,0,0,0,0,1,0,0,1.3,0,0.84,0.62,0.66,0,0,0,7.59,1.92,5.90,5.57,1.06,0.00
18182,Jean Cabrera,PHI,0,0,0,0,0,1,0,0,1.13,0,0.72,0.63,0.73,0,0,0,6.44,1.76,6.61,5.65,1.17,0.00
14672,Edward Cabrera,CHC,24,24,7,0,0,135,9,9,114,17,62,60,150,0,0,0,4.13,1.29,10.00,4.00,2.50,1.13
15331,Genesis Cabrera,PHI,28,0,0,0,0,28,0,2,26,4,14,11,24,0,0,1,4.50,1.32,7.71,3.54,2.18,1.29
19131,Kelvin Caceres,LAA,0,0,0,0,0,1,0,0,1.14,0,0.7,0.83,0.99,0,0,0,6.27,1.97,8.93,7.48,1.19,0.00
18261,Blair Calvo,FA,0,0,0,0,0,1,0,0,1,0,0.6,0.48,0.95,0,0,0,5.44,1.48,8.52,4.33,1.97,0.00
15844,Daniel Camarena,FA,0,0,0,0,0,1,0,0,1.21,0,0.79,0.48,0.8,0,0,0,7.13,1.69,7.19,4.33,1.66,0.00
18727,Noah Cameron,KC,25,25,12,0,0,144,8,8,135,23,67,51,125,0,0,0,4.19,1.29,7.81,3.19,2.45,1.44
19507,Cam Caminiti,ATL,0,0,0,0,0,1,0,0,1.11,0,0.65,0.61,0.9,0,0,0,5.87,1.72,8.14,5.52,1.48,0.00
16080,Isaiah Campbell,ARI,20,0,0,0,0,20,2,2,19,3,11,7,16,0,0,1,4.95,1.30,7.20,3.15,2.29,1.35
16649,Paul Campbell,MIA,0,0,0,0,0,1,0,0,1.01,0,0.62,0.43,0.8,0,0,0,5.55,1.43,7.24,3.86,1.87,0.00
18713,Chris Campos,LAD,0,0,0,0,0,1,0,0,1.13,0,0.68,0.41,0.72,0,0,0,6.16,1.54,6.45,3.68,1.75,0.00
19701,Clark Candiotti,SD,0,0,0,0,0,1,0,0,1.31,0,1.1,1.1,0.98,0,0,0,9.92,2.41,8.79,9.92,0.89,0.00
14783,Griffin Canning,SD,15,15,4,0,0,85,5,4,81,13,41,33,77,0,0,0,4.34,1.34,8.15,3.49,2.33,1.38
17387,Jonathan Cannon,CWS,33,17,4,0,0,112,3,8,119,19,65,39,88,0,0,0,5.22,1.41,7.07,3.13,2.26,1.53
16308,Yennier Cano,BAL,52,0,0,0,0,50,3,4,46,6,21,18,46,18,3,4,3.78,1.28,8.28,3.24,2.56,1.08
15683,Joey Cantillo,CLE,40,19,5,0,0,125,7,9,107,15,54,49,131,0,0,0,3.89,1.25,9.43,3.53,2.67,1.08
13775,Matt Carasiti,FA,0,0,0,0,0,1,0,0,1.05,0,0.59,0.51,0.93,0,0,0,5.33,1.56,8.40,4.57,1.84,0.00
16337,Kristian Cardozo,SEA,0,0,0,0,0,1,0,0,1.46,0,1.32,1.07,0.73,0,0,0,11.89,2.53,6.59,9.64,0.68,0.00
17895,Juan Carela,CWS,0,0,0,0,0,1,0,0,1.01,0,0.7,0.66,0.83,0,0,0,6.28,1.68,7.43,5.98,1.24,0.00
16864,Max Carlson,BOS,0,0,0,0,0,1,0,0,1.18,0,0.58,0.43,0.96,0,0,0,5.22,1.60,8.66,3.84,2.25,0.00
14777,Sam Carlson,HOU,0,0,0,0,0,1,0,0,1.15,0,0.76,0.76,0.95,0,0,0,6.85,1.91,8.51,6.85,1.24,0.00
12697,Ryan Carpenter,FA,0,0,0,0,0,1,0,0,1.56,0,1.34,0.71,0.61,0,0,0,12.05,2.27,5.49,6.41,0.86,0.00
19839,Michael Carpenter,MIN,0,0,0,0,0,1,0,0,1.56,0,1.02,0.83,0.75,0,0,0,9.14,2.39,6.77,7.44,0.91,0.00
18873,Kyle Carr,NYY,0,0,0,0,0,1,0,0,1,0,0.6,0.71,0.69,0,0,0,5.40,1.71,6.25,6.43,0.97,0.00
9449,Carlos Carrasco,ATL,12,5,0,0,0,32,2,2,36,7,21,11,25,1,0,0,5.91,1.47,7.03,3.09,2.27,1.97
16717,Burl Carraway,FA,0,0,0,0,0,1,0,0,0.94,0,0.63,0.78,0.93,0,0,0,5.65,1.72,8.35,7.00,1.19,0.00
19764,Nicolas Carreno,NYM,0,0,0,0,0,1,0,0,1.11,0,0.9,0.86,0.86,0,0,0,8.10,1.97,7.76,7.76,1.00,0.00
20521,Jesus Carrera,HOU,0,0,0,0,0,1,0,0,1.05,0,0.65,0.51,0.92,0,0,0,5.81,1.55,8.31,4.57,1.82,0.00
20347,Alex Carrillo,NYM,24,0,0,0,0,26,1,3,23,4,13,9,22,0,0,0,4.50,1.23,7.62,3.12,2.44,1.38
15677,Gerardo Carrillo,ARI,0,0,0,0,0,1,0,0,1,0,0.57,0.48,0.93,0,0,0,5.14,1.49,8.33,4.34,1.92,0.00
19723,Greysen Carter,NYY,0,0,0,0,0,1,0,0,1.05,0,1.09,2.1,0.69,0,0,0,9.79,3.15,6.19,18.90,0.33,0.00
17403,Irv Carter,TOR,0,0,0,0,0,1,0,0,1.28,0,1.01,0.76,0.76,0,0,0,9.12,2.04,6.88,6.88,1.00,0.00
18274,Ross Carver,CLE,0,0,0,0,0,1,0,0,1.08,0,0.76,0.63,0.86,0,0,0,6.86,1.71,7.71,5.71,1.35,0.00
19466,Luichi Casilla,COL,0,0,0,0,0,1,0,0,1.45,0,1.9,1.88,0.93,0,0,0,17.10,3.33,8.33,16.88,0.49,0.00
19579,Conrad Cason,BOS,0,0,0,0,0,0,0,0,0,0,0,0,0,0,0,0,0.00,0.00,0.00,0.00,0.00,0.00
17451,Ben Casparius,LAD,45,0,0,0,0,49,1,0,45,4,20,17,47,0,0,0,3.67,1.27,8.63,3.12,2.76,0.73
17846,Victor Castaneda,FA,0,0,0,0,0,1,0,0,1.06,0,0.64,0.51,0.91,0,0,0,5.80,1.57,8.17,4.58,1.78,0.00
19921,Blas Castano,SEA,9,0,0,0,0,10,1,0,8,2,4,3,8,0,0,0,3.60,1.10,7.20,2.70,2.67,1.80
19744,Eiberson Castellano,COL,0,0,0,0,0,1,0,0,1.16,0,0.81,0.59,0.91,0,0,0,7.25,1.75,8.17,5.29,1.54,0.00
17082,Humberto Castellanos,FA,0,0,0,0,0,1,0,0,0.96,0,0.56,0.45,0.81,0,0,0,5.07,1.41,7.25,4.08,1.78,0.00
15605,Starlyn Castillo,FA,0,0,0,0,0,1,0,0,1.34,0,1.12,1.04,0.75,0,0,0,10.07,2.37,6.75,9.33,0.72,0.00
15259,Diego Castillo,COL,0,0,0,0,0,1,0,0,1.03,0,0.62,0.64,0.92,0,0,0,5.59,1.66,8.24,5.73,1.44,0.00
15193,Max Castillo,FA,0,0,0,0,0,1,0,0,1.1,0,0.67,0.44,0.78,0,0,0,6.07,1.54,7.05,3.92,1.80,0.00
13702,Jose Castillo,FA,0,0,0,0,0,1,0,0,1,0,0.5,0.42,0.97,0,0,0,4.50,1.42,8.73,3.79,2.30,0.00
14495,Luis Castillo,SEA,29,29,17,0,0,175,11,12,160,25,71,46,163,0,0,0,3.65,1.18,8.38,2.37,3.54,1.29
19899,Rayner Castillo,DET,0,0,0,0,0,1,0,0,1.23,0,0.97,0.77,0.64,0,0,0,8.76,2.00,5.78,6.97,0.83,0.00
18224,Luis F. Castillo,FA,0,0,0,0,0,1,0,0,1.01,0,0.52,0.4,0.92,0,0,0,4.72,1.41,8.24,3.59,2.29,0.00
20558,Brayan Castillo,COL,0,0,0,0,0,1,0,0,0.97,0,0.68,0.76,0.88,0,0,0,6.08,1.73,7.91,6.88,1.15,0.00
20087,Manuel Castro,SD,0,0,0,0,0,1,0,0,1.04,0,0.66,0.62,0.94,0,0,0,5.92,1.66,8.43,5.58,1.51,0.00
13708,Miguel Castro,FA,24,0,0,0,0,24,2,2,21,3,12,9,19,0,0,1,4.50,1.25,7.13,3.38,2.11,1.13
17130,Kervin Castro,NYY,0,0,0,0,0,1,0,0,0.81,0,0.39,0.59,0.93,0,0,0,3.48,1.40,8.33,5.30,1.57,0.00
15448,Tim Cate,FA,0,0,0,0,0,1,0,0,1.11,0,0.75,0.66,0.86,0,0,0,6.71,1.77,7.70,5.97,1.29,0.00
19718,A.J. Causey,ATH,0,0,0,0,0,1,0,0,0.84,0,0.32,0.41,0.79,0,0,0,2.93,1.25,7.08,3.71,1.91,0.00
16074,Keoni Cavaco,HOU,0,0,0,0,0,0,0,0,0,0,0,0,0,0,0,0,0.00,0.00,0.00,0.00,0.00,0.00
16692,Cade Cavalli,WSH,24,24,6,0,0,137,7,9,138,19,63,45,113,0,0,0,4.14,1.34,7.42,2.96,2.51,1.25
19954,Argenis Cayama,SF,0,0,0,0,0,1,0,0,1.25,0,0.78,0.86,0.7,0,0,0,7.06,2.11,6.34,7.78,0.82,0.00
14062,Dylan Cease,TOR,29,29,11,0,0,174,9,10,149,19,75,70,213,0,0,0,3.88,1.26,11.02,3.62,3.04,0.98
20639,Jack Cebert,NYY,0,0,0,0,0,1,0,0,0.93,0,0.47,0.35,1,0,0,0,4.28,1.28,9.00,3.15,2.86,0.00
15450,Slade Cecconi,CLE,26,26,9,0,0,146,5,9,149,25,80,34,119,0,0,0,4.93,1.25,7.34,2.10,3.50,1.54
17530,Eric Cerantola,KC,0,0,0,0,0,1,0,0,0.92,0,0.59,0.77,1.02,0,0,0,5.28,1.69,9.14,6.97,1.31,0.00
17109,Joel Cesar,MIN,0,0,0,0,0,1,0,0,1.25,0,1.05,0.55,0.68,0,0,0,9.45,1.80,6.08,4.95,1.23,0.00
14021,Luis Cessa,FA,0,0,0,0,0,1,0,0,1.21,0,0.76,0.51,0.69,0,0,0,6.85,1.72,6.24,4.56,1.37,0.00
19374,Moises Chace,PHI,0,0,0,0,0,1,0,0,0.95,0,0.68,0.87,1.01,0,0,0,6.09,1.82,9.07,7.83,1.16,0.00
17169,Javier Chacon,SD,0,0,0,0,0,1,0,0,1.03,0,0.71,0.88,0.86,0,0,0,6.39,1.91,7.78,7.92,0.98,0.00
12155,Andrew Chafin,FA,48,0,0,0,0,48,2,4,41,5,19,21,47,10,2,2,3.56,1.29,8.81,3.94,2.24,0.94
19787,Yordin Chalas,ARI,0,0,0,0,0,1,0,0,1.21,0,0.82,0.74,0.84,0,0,0,7.40,1.95,7.59,6.62,1.15,0.00
13835,Dakota Chalmers,FA,0,0,0,0,0,1,0,0,0.98,0,1.03,1.18,1.15,0,0,0,9.22,2.15,10.35,10.58,0.98,0.00
16849,Christian Chamberlain,KC,0,0,0,0,0,1,0,0,0.84,0,0.63,1.16,0.98,0,0,0,5.70,2.00,8.86,10.44,0.85,0.00
19215,Justin Chambers,LAD,0,0,0,0,0,1,0,0,0.94,0,0.71,0.79,0.95,0,0,0,6.37,1.72,8.59,7.07,1.22,0.00
17896,Chandler Champlain,KC,0,0,0,0,0,1,0,0,1.33,0,0.94,0.55,0.7,0,0,0,8.49,1.88,6.31,4.91,1.28,0.00
17314,Bubba Chandler,PIT,31,24,9,0,0,141,9,4,124,19,67,43,124,0,0,0,4.28,1.18,7.91,2.74,2.88,1.21
10866,Aroldis Chapman,BOS,60,0,0,0,0,58,5,4,40,5,20,24,73,2,27,5,3.10,1.10,11.33,3.72,3.04,0.78
20741,Emmanuel Chapman,FA,0,0,0,0,0,1,0,0,0.93,0,0.61,0.73,0.78,0,0,0,5.48,1.66,6.98,6.55,1.07,0.00
12525,JT Chargois,FA,0,0,0,0,0,1,0,0,0.93,0,0.5,0.39,0.93,0,0,0,4.49,1.32,8.34,3.53,2.36,0.00
14761,Wandisson Charles,DET,0,0,0,0,0,1,0,0,1.05,0,0.85,0.85,0.97,0,0,0,7.61,1.90,8.72,7.61,1.15,0.00
10506,Tyler Chatwood,ARI,0,0,0,0,0,1,0,0,0.94,0,0.52,0.42,0.91,0,0,0,4.64,1.36,8.23,3.80,2.17,0.00
10772,Jesse Chavez,FA,0,0,0,0,0,1,0,0,0.96,0,0.41,0.39,0.97,0,0,0,3.70,1.35,8.74,3.47,2.52,0.00
17111,Po-Yu Chen,PIT,0,0,0,0,0,1,0,0,1.22,0,0.79,0.61,0.68,0,0,0,7.11,1.83,6.15,5.53,1.11,0.00
20095,Will Childers,MIL,0,0,0,0,0,1,0,0,1.02,0,0.69,0.65,0.79,0,0,0,6.17,1.66,7.13,5.81,1.23,0.00
15140,Yonny Chirinos,FA,0,0,0,0,0,1,0,0,1.1,0,0.57,0.4,0.75,0,0,0,5.16,1.51,6.75,3.62,1.87,0.00
18721,Angel Chivilli,NYY,22,0,0,0,0,23,1,1,23,4,13,8,19,0,0,1,5.09,1.35,7.43,3.13,2.38,1.57
19857,Jack Choate,SF,0,0,0,0,0,1,0,0,1.08,0,0.61,0.67,0.91,0,0,0,5.45,1.74,8.16,5.99,1.36,0.00
16401,Hyun-il Choi,FA,0,0,0,0,0,1,0,0,1.12,0,0.74,0.43,0.68,0,0,0,6.63,1.55,6.09,3.85,1.58,0.00
20390,Kendry Chourio,KC,0,0,0,0,0,1,0,0,1.13,0,0.7,0.32,0.89,0,0,0,6.30,1.45,7.99,2.92,2.73,0.00
17518,Drew Christo,FA,0,0,0,0,0,1,0,0,1.03,0,0.52,0.57,1,0,0,0,4.72,1.60,9.00,5.17,1.74,0.00
18203,Marc Church,TEX,35,0,0,0,0,38,1,1,32,5,17,14,31,0,0,4,4.03,1.21,7.34,3.32,2.21,1.18
18663,Miguel Cienfuegos,SD,0,0,0,0,0,1,0,0,1.16,0,0.71,0.51,0.69,0,0,0,6.43,1.66,6.22,4.55,1.37,0.00
19518,Jurrangelo Cijntje,STL,0,0,0,0,0,1,0,0,0.95,0,0.73,0.76,0.82,0,0,0,6.54,1.71,7.41,6.86,1.08,0.00
13096,Adam Cimber,FA,0,0,0,0,0,1,0,0,1.06,0,0.57,0.38,0.89,0,0,0,5.09,1.44,8.04,3.43,2.34,0.00
11752,Jose Cisnero,FA,0,0,0,0,0,1,0,0,1,0,0.53,0.43,1.04,0,0,0,4.73,1.43,9.36,3.83,2.44,0.00
14366,Aaron Civale,ATH,24,24,6,0,0,129,6,8,121,19,62,40,116,0,0,0,4.33,1.25,8.09,2.79,2.90,1.33
19053,Chris Clark,TB,0,0,0,0,0,1,0,0,1.24,0,0.93,0.64,0.77,0,0,0,8.38,1.89,6.94,5.77,1.20,0.00
17479,Brandon Clarke,STL,0,0,0,0,0,1,0,0,0.77,0,0.63,0.77,1.04,0,0,0,5.63,1.55,9.34,6.97,1.34,0.00
13890,Taylor Clarke,ARI,57,0,0,0,0,59,2,2,51,9,27,18,52,0,0,1,4.12,1.17,7.93,2.75,2.89,1.37
16246,Chris Clarke,FA,0,0,0,0,0,1,0,0,1.13,0,0.6,0.38,0.82,0,0,0,5.43,1.51,7.36,3.39,2.17,0.00
12953,Ian Clarkin,ARI,0,0,0,0,0,1,0,0,1.18,0,0.73,0.45,1,0,0,0,6.53,1.63,9.00,4.05,2.22,0.00
13908,Garrett Cleavinger,TB,65,0,0,0,0,63,4,4,49,8,24,24,66,19,13,5,3.43,1.16,9.43,3.43,2.75,1.14
20275,Jake Clemente,MIA,0,0,0,0,0,1,0,0,0.88,0,0.38,0.45,0.9,0,0,0,3.38,1.33,8.10,4.05,2.00,0.00
18939,Alex Clemmey,WSH,0,0,0,0,0,1,0,0,0.97,0,0.74,1.07,0.88,0,0,0,6.62,2.04,7.96,9.59,0.83,0.00
20537,Tyler Cleveland,SEA,0,0,0,0,0,1,0,0,0.95,0,0.5,0.49,0.77,0,0,0,4.54,1.45,6.91,4.44,1.56,0.00
12784,Mike Clevinger,PIT,11,11,2,0,0,64,1,3,59,8,35,34,50,0,0,0,4.92,1.45,7.03,4.78,1.47,1.13
14472,Trevor Clifton,FA,0,0,0,0,0,1,0,0,1.1,0,0.7,0.63,0.93,0,0,0,6.30,1.73,8.33,5.63,1.48,0.00
9504,Alex Cobb,FA,14,14,5,0,0,79,5,3,73,8,30,19,59,0,0,0,3.42,1.16,6.72,2.16,3.11,0.91
13842,Kyle Cody,FA,0,0,0,0,0,1,0,0,1.08,0,0.61,0.46,0.88,0,0,0,5.46,1.53,7.88,4.10,1.93,0.00
16878,Adisyn Coffey,CWS,0,0,0,0,0,1,0,0,1.02,0,0.58,0.54,0.97,0,0,0,5.24,1.56,8.77,4.86,1.80,0.00
18808,Isaac Coffey,BOS,0,0,0,0,0,1,0,0,0.99,0,0.62,0.63,0.94,0,0,0,5.56,1.62,8.50,5.66,1.50,0.00
20736,Harrison Cohen,NYY,0,0,0,0,0,1,0,0,0.86,0,0.44,0.56,0.93,0,0,0,4.01,1.42,8.36,5.07,1.65,0.00
10510,Gerrit Cole,NYY,17,17,10,0,0,103,9,4,84,10,42,29,107,0,0,0,3.67,1.10,9.35,2.53,3.69,0.87
16913,Carson Coleman,NYY,0,0,0,0,0,1,0,0,0.89,0,0.46,0.36,0.93,0,0,0,4.10,1.25,8.37,3.24,2.58,0.00
15479,Dylan Coleman,NYY,0,0,0,0,0,1,0,0,0.91,0,0.58,0.7,0.98,0,0,0,5.24,1.61,8.84,6.33,1.40,0.00
20642,Dennis Colleran,KC,0,0,0,0,0,1,0,0,0.82,0,0.54,0.68,0.86,0,0,0,4.88,1.50,7.72,6.08,1.27,0.00
16158,Gavin Collyer,TEX,0,0,0,0,0,1,0,0,1.05,0,0.7,0.81,0.99,0,0,0,6.29,1.86,8.90,7.25,1.23,0.00
19945,Aaron Combs,PHI,0,0,0,0,0,1,0,0,1.12,0,0.69,0.51,0.92,0,0,0,6.23,1.63,8.31,4.57,1.82,0.00
19298,Luis Contreras,FA,0,0,0,0,0,1,0,0,0.89,0,0.54,0.58,0.94,0,0,0,4.83,1.47,8.42,5.26,1.60,0.00
17243,Efrain Contreras,FA,0,0,0,0,0,1,0,0,1.26,0,1.03,0.68,0.91,0,0,0,9.31,1.93,8.20,6.09,1.35,0.00
15584,Roansy Contreras,FA,0,0,0,0,0,1,0,0,0.99,0,0.53,0.43,0.8,0,0,0,4.81,1.42,7.16,3.86,1.85,0.00
19801,Alex Cook,TB,0,0,0,0,0,1,0,0,0.95,0,0.5,0.53,0.95,0,0,0,4.51,1.48,8.51,4.77,1.78,0.00
18827,Connor Cooke,TOR,0,0,0,0,0,1,0,0,1.02,0,0.64,0.62,1,0,0,0,5.80,1.64,8.96,5.56,1.61,0.00
19829,Patrick Copen,LAD,0,0,0,0,0,1,0,0,0.96,0,0.62,0.97,0.9,0,0,0,5.61,1.92,8.13,8.69,0.93,0.00
17405,Pierce Coppola,FA,0,0,0,0,0,1,0,0,0.93,0,0.47,0.73,1.03,0,0,0,4.28,1.65,9.23,6.53,1.41,0.00
11033,Patrick Corbin,FA,25,25,7,0,0,133,6,10,148,20,74,42,105,0,0,0,5.01,1.43,7.11,2.84,2.50,1.35
16119,Riley Cornelio,WSH,0,0,0,0,0,1,0,0,1.11,0,0.77,0.76,0.73,0,0,0,6.89,1.87,6.54,6.82,0.96,0.00
17147,Jose Corniell,TEX,26,3,1,0,0,42,1,3,36,5,20,15,35,0,0,0,4.29,1.21,7.50,3.21,2.33,1.07
20079,Alexander Cornielle,NYY,0,0,0,0,0,1,0,0,1.05,0,0.67,0.71,0.76,0,0,0,6.04,1.76,6.87,6.38,1.08,0.00
18511,Danis Correa,FA,0,0,0,0,0,1,0,0,0.94,0,0.57,0.57,0.94,0,0,0,5.09,1.51,8.50,5.09,1.67,0.00
14862,Seth Corry,FA,0,0,0,0,0,1,0,0,1.02,0,0.64,0.63,0.89,0,0,0,5.80,1.65,8.02,5.71,1.40,0.00
15285,Nestor Cortes,FA,11,11,3,0,0,58,3,3,56,13,32,23,53,0,0,0,4.97,1.36,8.22,3.57,2.30,2.02
17487,Chris Cortez,LAA,0,0,0,0,0,1,0,0,1.06,0,0.81,1.27,0.73,0,0,0,7.32,2.33,6.60,11.45,0.58,0.00
18266,Tom Cosgrove,HOU,0,0,0,0,0,1,0,0,0.96,0,0.55,0.48,0.95,0,0,0,4.91,1.44,8.55,4.35,1.97,0.00
18160,Ryan Costeiu,LAA,0,0,0,0,0,1,0,0,1.1,0,0.78,0.68,0.82,0,0,0,7.04,1.78,7.40,6.10,1.21,0.00
16861,Magdiel Cotto,PIT,0,0,0,0,0,1,0,0,1.04,0,0.64,0.66,0.86,0,0,0,5.78,1.70,7.77,5.98,1.30,0.00
13627,Danny Coulombe,BOS,50,0,0,0,0,50,2,3,39,5,18,16,46,9,2,3,3.24,1.10,8.28,2.88,2.88,0.90
18860,Isaiah Coupet,COL,0,0,0,0,0,1,0,0,1.1,0,0.76,0.52,0.95,0,0,0,6.83,1.62,8.51,4.64,1.83,0.00
19211,Josimar Cousin,FA,0,0,0,0,0,1,0,0,1.01,0,0.62,0.43,0.85,0,0,0,5.61,1.44,7.61,3.84,1.98,0.00
17535,Jake Cousins,FA,0,0,0,0,0,1,0,0,0.92,0,0.49,0.46,1.04,0,0,0,4.44,1.37,9.38,4.12,2.28,0.00
11442,Dylan Covey,FA,0,0,0,0,0,1,0,0,0.98,0,0.47,0.41,0.88,0,0,0,4.28,1.39,7.88,3.71,2.12,0.00
15679,Austin Cox,ATL,0,0,0,0,0,1,0,0,1.11,0,0.59,0.51,0.84,0,0,0,5.35,1.62,7.57,4.61,1.64,0.00
17981,Jackson Cox,COL,0,0,0,0,0,1,0,0,1.19,0,0.83,0.64,0.75,0,0,0,7.49,1.83,6.74,5.74,1.17,0.00
20385,Gabe Craig,PHI,0,0,0,0,0,1,0,0,0.88,0,0.45,0.4,0.95,0,0,0,4.05,1.28,8.55,3.60,2.37,0.00
19687,Hunter Cranton,ARI,0,0,0,0,0,1,0,0,0.92,0,0.46,0.41,0.97,0,0,0,4.16,1.34,8.72,3.73,2.33,0.00
17608,Kutter Crawford,BOS,43,8,4,0,0,85,3,5,70,14,40,23,85,0,0,0,4.24,1.09,9.00,2.44,3.70,1.48
12187,Kyle Crick,FA,0,0,0,0,0,1,0,0,0.91,0,0.46,0.44,0.97,0,0,0,4.18,1.35,8.76,3.92,2.23,0.00
14729,Nabil Crismatt,TEX,0,0,0,0,0,1,0,0,1.1,0,0.59,0.37,0.79,0,0,0,5.28,1.47,7.14,3.33,2.14,0.00
16777,Jeff Criswell,COL,19,0,0,0,0,20,1,1,17,3,8,8,19,0,0,0,3.60,1.25,8.55,3.60,2.38,1.35
17617,Cooper Criswell,SEA,39,8,1,0,0,74,1,1,75,10,33,24,54,0,0,0,4.01,1.34,6.57,2.92,2.25,1.22
16680,Garrett Crochet,BOS,29,29,19,1,1,180,14,8,144,20,62,46,219,0,0,0,3.10,1.06,10.95,2.30,4.76,1.00
16104,Matt Cronin,FA,0,0,0,0,0,1,0,0,0.88,0,0.4,0.48,0.92,0,0,0,3.59,1.36,8.30,4.33,1.92,0.00
19088,Declan Cronin,TEX,0,0,0,0,0,1,0,0,1.03,0,0.54,0.49,0.89,0,0,0,4.89,1.52,7.97,4.38,1.82,0.00
14797,Hans Crouse,BAL,0,0,0,0,0,1,0,0,0.92,0,0.5,0.49,1.07,0,0,0,4.54,1.41,9.62,4.40,2.19,0.00
17870,Coleman Crow,MIL,0,0,0,0,0,1,0,0,0.98,0,0.57,0.37,0.94,0,0,0,5.09,1.35,8.43,3.35,2.52,0.00
14806,Wil Crowe,PHI,0,0,0,0,0,1,0,0,1.14,0,0.74,0.57,0.83,0,0,0,6.63,1.71,7.44,5.13,1.45,0.00
18971,Wyatt Crowell,LAD,0,0,0,0,0,1,0,0,0.83,0,0.56,0.88,0.9,0,0,0,5.08,1.72,8.11,7.96,1.02,0.00
19266,Humberto Cruz,SD,0,0,0,0,0,1,0,0,1.18,0,1,0.62,0.83,0,0,0,9.00,1.80,7.48,5.54,1.35,0.00
18275,Jose Cruz,FA,0,0,0,0,0,1,0,0,0.88,0,0.73,0.93,1.05,0,0,0,6.56,1.80,9.43,8.35,1.13,0.00
18362,Steven Cruz,KC,41,0,0,0,0,42,2,2,33,5,17,15,35,5,0,2,3.64,1.14,7.50,3.21,2.33,1.07
10215,Fernando Cruz,NYY,61,0,0,0,0,60,3,5,48,7,28,26,76,24,3,1,4.20,1.23,11.40,3.90,2.92,1.05
16004,Yovanny Cruz,NYY,0,0,0,0,0,1,0,0,0.91,0,0.52,0.78,0.93,0,0,0,4.71,1.69,8.34,6.99,1.19,0.00
16792,Jesus Cruz,FA,0,0,0,0,0,1,0,0,1.18,0,0.64,0.62,0.87,0,0,0,5.80,1.80,7.80,5.60,1.39,0.00
16390,Omar Cruz,SD,0,0,0,0,0,1,0,0,1.01,0,0.66,0.72,0.94,0,0,0,5.93,1.73,8.42,6.51,1.29,0.00
20722,Stiven Cruz,FA,0,0,0,0,0,1,0,0,1.25,0,0.84,0.77,0.7,0,0,0,7.58,2.02,6.34,6.90,0.92,0.00
17911,Jose Cuas,KC,0,0,0,0,0,1,0,0,0.99,0,0.56,0.57,0.94,0,0,0,5.05,1.57,8.45,5.17,1.64,0.00
9262,Johnny Cueto,FA,0,0,0,0,0,1,0,0,1.09,0,0.62,0.31,0.76,0,0,0,5.61,1.41,6.81,2.81,2.43,0.00
19122,Candido Cuevas,NYM,0,0,0,0,0,1,0,0,1.03,0,0.7,0.73,0.93,0,0,0,6.30,1.75,8.33,6.53,1.28,0.00
20143,Michael Cuevas,FA,0,0,0,0,0,1,0,0,1.2,0,0.8,0.69,0.7,0,0,0,7.16,1.89,6.29,6.19,1.02,0.00
19025,C.J. Culpepper,MIN,0,0,0,0,0,1,0,0,1,0,0.52,0.56,0.81,0,0,0,4.67,1.56,7.32,5.02,1.46,0.00
19909,Ty Cummings,TB,0,0,0,0,0,1,0,0,1.18,0,0.61,0.53,0.69,0,0,0,5.48,1.71,6.25,4.79,1.31,0.00
19531,Bryce Cunningham,NYY,0,0,0,0,0,1,0,0,1,0,0.54,0.59,0.74,0,0,0,4.82,1.59,6.65,5.32,1.25,0.00
18279,Yoniel Curet,PHI,0,0,0,0,0,1,0,0,0.91,0,0.55,0.77,0.95,0,0,0,4.95,1.68,8.55,6.90,1.24,0.00
17284,Xzavion Curry,FA,0,0,0,0,0,1,0,0,1.08,0,0.69,0.47,0.76,0,0,0,6.19,1.55,6.80,4.24,1.60,0.00
17007,Aidan Curry,TEX,0,0,0,0,0,1,0,0,1.13,0,0.86,0.8,0.88,0,0,0,7.76,1.93,7.94,7.21,1.10,0.00
20073,Kolton Curtis,TEX,0,0,0,0,0,1,0,0,1.01,0,0.91,1.02,0.8,0,0,0,8.19,2.02,7.22,9.17,0.79,0.00
18855,Khristian Curtis,PIT,0,0,0,0,0,1,0,0,1.07,0,0.73,0.7,0.79,0,0,0,6.55,1.77,7.09,6.33,1.12,0.00
14732,John Curtiss,ARI,0,0,0,0,0,1,0,0,1.06,0,0.63,0.34,0.77,0,0,0,5.64,1.40,6.94,3.03,2.29,0.00
19922,Luis Curvelo,TEX,36,0,0,0,0,36,1,3,31,4,17,14,31,8,1,4,4.25,1.25,7.75,3.50,2.21,1.00
17318,Ryan Cusick,PHI,0,0,0,0,0,1,0,0,1.04,0,0.65,0.61,0.89,0,0,0,5.88,1.65,8.01,5.48,1.46,0.00
16807,R.J. Dabovich,SF,0,0,0,0,0,1,0,0,0.93,0,0.54,0.5,0.99,0,0,0,4.84,1.43,8.89,4.50,1.98,0.00
17494,Chad Dallas,TOR,0,0,0,0,0,1,0,0,1.11,0,0.75,0.59,0.83,0,0,0,6.72,1.70,7.47,5.34,1.40,0.00
16099,Andrew Dalquist,SD,0,0,0,0,0,1,0,0,1.02,0,0.81,1.07,0.71,0,0,0,7.32,2.10,6.43,9.66,0.67,0.00
18025,Caden Dana,LAA,16,16,5,0,0,87,2,4,78,15,46,35,73,0,0,0,4.76,1.30,7.55,3.62,2.09,1.55
14335,Davis Daniel,CIN,0,0,0,0,0,1,0,0,1.09,0,0.68,0.46,0.82,0,0,0,6.09,1.55,7.41,4.12,1.80,0.00
20653,Joey Danielson,TEX,0,0,0,0,0,1,0,0,1.2,0,0.66,0.65,0.91,0,0,0,5.96,1.85,8.17,5.81,1.41,0.00
13052,Tyler Danish,FA,0,0,0,0,0,1,0,0,1.31,0,0.77,0.69,0.71,0,0,0,6.91,2.00,6.41,6.24,1.03,0.00
14807,Hagen Danner,CIN,0,0,0,0,0,1,0,0,1.13,0,0.65,0.45,0.85,0,0,0,5.85,1.58,7.65,4.05,1.89,0.00
20450,Dugan Darnell,DET,0,0,0,0,0,1,0,0,1,0,0.55,0.53,0.94,0,0,0,4.99,1.53,8.46,4.77,1.77,0.00
20067,Michael Darrell0Hicks,PIT,9,0,0,0,0,10,1,1,9,1,5,4,9,0,0,0,4.50,1.30,8.10,3.60,2.25,0.90
9601,Yu Darvish,SD,0,0,0,0,0,1,0,0,0.9,0,0.5,0.29,0.97,0,0,0,4.48,1.19,8.75,2.63,3.33,0.00
19896,Jack Dashwood,FA,0,0,0,0,0,1,0,0,1.32,0,0.85,0.51,0.92,0,0,0,7.62,1.82,8.27,4.55,1.82,0.00
19673,David Davalillo,TEX,0,0,0,0,0,1,0,0,0.96,0,0.48,0.46,0.84,0,0,0,4.28,1.42,7.53,4.12,1.83,0.00
17650,Aaron Davenport,CLE,0,0,0,0,0,1,0,0,1.05,0,0.7,0.69,0.7,0,0,0,6.31,1.73,6.31,6.17,1.02,0.00
20509,Ramsey David,HOU,0,0,0,0,0,1,0,0,0.95,0,0.62,0.84,0.82,0,0,0,5.57,1.79,7.34,7.52,0.97,0.00
15265,Tucker Davidson,PHI,0,0,0,0,0,1,0,0,1.08,0,0.59,0.45,0.83,0,0,0,5.33,1.53,7.43,4.01,1.85,0.00
13718,Zach Davies,FA,0,0,0,0,0,1,0,0,1.07,0,0.62,0.46,0.8,0,0,0,5.60,1.52,7.18,4.10,1.75,0.00
13935,Garrett Davila,FA,0,0,0,0,0,1,0,0,1.01,0,0.69,0.6,0.85,0,0,0,6.20,1.61,7.65,5.37,1.42,0.00
16532,Jose Davila,STL,0,0,0,0,0,1,0,0,1.33,0,1,0.84,0.67,0,0,0,8.97,2.16,6.01,7.54,0.80,0.00
17043,Nick Davila,SEA,0,0,0,0,0,1,0,0,1.18,0,0.7,0.49,0.73,0,0,0,6.34,1.66,6.61,4.37,1.51,0.00
15196,Tyler Davis,FA,0,0,0,0,0,1,0,0,0.98,0,0.47,0.35,0.95,0,0,0,4.28,1.33,8.55,3.15,2.71,0.00
15027,Austin Davis,FA,0,0,0,0,0,1,0,0,1,0,0.74,0.71,1,0,0,0,6.66,1.70,8.98,6.35,1.41,0.00
17590,Noah Davis,PIT,0,0,0,0,0,1,0,0,1.08,0,0.66,0.49,0.91,0,0,0,5.94,1.57,8.17,4.41,1.85,0.00
19720,Braden Davis,STL,0,0,0,0,0,1,0,0,0.72,0,0.59,1.24,0.98,0,0,0,5.33,1.95,8.83,11.13,0.79,0.00
20122,Duncan Davitt,CWS,0,0,0,0,0,1,0,0,1.07,0,0.71,0.45,0.81,0,0,0,6.37,1.52,7.29,4.08,1.79,0.00
17732,Luis De Avila,ATL,0,0,0,0,0,1,0,0,1.07,0,0.6,0.68,0.71,0,0,0,5.44,1.76,6.43,6.15,1.05,0.00
16632,Brett de Geus,PHI,0,0,0,0,0,1,0,0,1.09,0,0.58,0.45,0.83,0,0,0,5.21,1.54,7.49,4.04,1.85,0.00
20093,Felipe De La Cruz,NYM,0,0,0,0,0,1,0,0,1.15,0,0.8,0.7,0.93,0,0,0,7.20,1.85,8.33,6.26,1.33,0.00
19127,Juan De La Cruz,MIA,0,0,0,0,0,1,0,0,0.94,0,0.71,1.04,0.82,0,0,0,6.37,1.98,7.37,9.36,0.79,0.00
19358,Alexis De La Cruz,PHI,0,0,0,0,0,1,0,0,1.28,0,1.5,1.3,0.75,0,0,0,13.50,2.57,6.75,11.70,0.58,0.00
19738,Dioris De La Rosa,LAA,0,0,0,0,0,1,0,0,1.5,0,1.38,1.88,0.68,0,0,0,12.38,3.38,6.08,16.88,0.36,0.00
20498,Luis De La Torre,SF,0,0,0,0,0,1,0,0,1.03,0,0.73,0.82,0.94,0,0,0,6.53,1.85,8.44,7.42,1.14,0.00
19144,Luis De Leon,BAL,0,0,0,0,0,1,0,0,1.07,0,0.62,0.77,0.89,0,0,0,5.60,1.84,8.00,6.97,1.15,0.00
13621,Jose De Leon,FA,0,0,0,0,0,1,0,0,1.07,0,0.74,0.64,0.96,0,0,0,6.65,1.70,8.68,5.72,1.52,0.00
14199,Enyel De Los Santos,HOU,59,0,0,0,0,60,3,3,53,9,28,22,55,5,0,2,4.20,1.25,8.25,3.30,2.50,1.35
17890,Yerry de los Santos,NYY,30,0,0,0,0,31,1,1,27,3,13,12,25,0,0,0,3.77,1.26,7.26,3.48,2.08,0.87
18034,Noah Dean,BOS,0,0,0,0,0,1,0,0,0.93,0,0.89,1.14,0.95,0,0,0,8.00,2.07,8.57,10.29,0.83,0.00
20462,Nick Dean,CHC,0,0,0,0,0,1,0,0,1.18,0,0.79,0.47,0.81,0,0,0,7.10,1.66,7.31,4.27,1.71,0.00
19689,Jaron DeBerry,MIL,0,0,0,0,0,1,0,0,1.19,0,0.72,0.48,0.81,0,0,0,6.51,1.67,7.25,4.29,1.69,0.00
19825,Kyle DeGroat,KC,0,0,0,0,0,1,0,0,1.37,0,0.86,0.67,0.71,0,0,0,7.74,2.05,6.38,6.07,1.05,0.00
12854,Jacob deGrom,TEX,27,27,10,0,0,160,7,3,126,17,47,29,188,0,0,0,2.64,0.97,10.58,1.63,6.48,0.96
18400,Fineas Del Bonta-Smith,FA,0,0,0,0,0,1,0,0,1.16,0,0.64,0.49,0.85,0,0,0,5.79,1.65,7.69,4.42,1.74,0.00
19109,Joelvis Del Rosario,FA,0,0,0,0,0,1,0,0,1.23,0,0.75,0.48,0.71,0,0,0,6.73,1.71,6.37,4.33,1.47,0.00
18190,Dylan DeLucia,CLE,0,0,0,0,0,1,0,0,0.94,0,0.58,0.52,0.79,0,0,0,5.19,1.46,7.11,4.72,1.51,0.00
15413,Mason Denaburg,FA,0,0,0,0,0,1,0,0,1.2,0,1.1,1.21,0.68,0,0,0,9.86,2.41,6.12,10.92,0.56,0.00
16813,Trenton Denholm,CLE,0,0,0,0,0,1,0,0,1.14,0,0.63,0.39,0.69,0,0,0,5.72,1.53,6.17,3.51,1.76,0.00
18368,Theo Denlinger,BOS,0,0,0,0,0,1,0,0,1.15,0,0.8,0.57,0.85,0,0,0,7.19,1.71,7.64,5.09,1.50,0.00
12755,Anthony DeSclafani,FA,0,0,0,0,0,1,0,0,1.07,0,0.55,0.32,0.88,0,0,0,4.98,1.39,7.89,2.92,2.71,0.00
16674,Reid Detmers,LAA,33,22,5,0,0,130,6,8,117,17,66,48,147,0,0,0,4.57,1.27,10.18,3.32,3.06,1.18
18853,Nathan Dettmer,ATH,0,0,0,0,0,1,0,0,1.48,0,0.99,0.64,0.71,0,0,0,8.94,2.12,6.37,5.75,1.11,0.00
12654,Chris Devenski,PIT,0,0,0,0,0,1,0,0,0.97,0,0.49,0.35,0.93,0,0,0,4.37,1.33,8.33,3.19,2.61,0.00
19111,Luis Devers,FA,0,0,0,0,0,1,0,0,1.1,0,0.79,0.75,0.79,0,0,0,7.11,1.84,7.11,6.71,1.06,0.00
16190,Ricky DeVito,MIA,0,0,0,0,0,1,0,0,0.91,0,0.75,1.04,0.94,0,0,0,6.71,1.94,8.42,9.34,0.90,0.00
18149,Nolan DeVos,HOU,0,0,0,0,0,1,0,0,0.99,0,0.58,0.62,0.9,0,0,0,5.22,1.61,8.09,5.54,1.46,0.00
20071,Derek Diamond,PIT,0,0,0,0,0,1,0,0,1.28,0,0.81,0.42,0.77,0,0,0,7.32,1.69,6.97,3.74,1.86,0.00
18751,Yilber Diaz,ARI,21,2,1,0,0,30,1,2,26,4,14,12,23,0,0,0,4.20,1.27,6.90,3.60,1.92,1.20
17605,Indigo Diaz,ARI,0,0,0,0,0,1,0,0,0.9,0,0.5,0.57,0.85,0,0,0,4.46,1.47,7.68,5.17,1.49,0.00
17664,Jhonathan Diaz,SEA,15,2,1,0,0,23,0,0,20,3,10,8,19,0,0,0,3.91,1.22,7.43,3.13,2.38,1.17
17695,Alexis Diaz,TEX,61,0,0,0,0,61,0,0,50,9,32,27,56,0,0,0,4.72,1.26,8.26,3.98,2.07,1.33
17255,Joel Diaz,NYM,0,0,0,0,0,1,0,0,1.29,0,0.78,0.51,0.69,0,0,0,7.05,1.79,6.25,4.55,1.37,0.00
12545,Edwin Diaz,LAD,65,0,0,0,0,66,6,4,47,7,22,23,83,1,31,5,3.00,1.06,11.32,3.14,3.61,0.95
14629,Miguel Diaz,SF,0,0,0,0,0,1,0,0,0.94,0,0.55,0.55,0.91,0,0,0,4.92,1.49,8.17,4.92,1.66,0.00
18896,Blake Dickerson,DET,0,0,0,0,0,1,0,0,0.98,0,0.8,1.2,0.68,0,0,0,7.20,2.18,6.08,10.80,0.56,0.00
18830,Jose Dicochea,ATH,0,0,0,0,0,1,0,0,1.24,0,0.91,0.88,0.76,0,0,0,8.19,2.12,6.88,7.91,0.87,0.00
18302,Will Dion,CLE,0,0,0,0,0,1,0,0,1.15,0,0.62,0.53,0.81,0,0,0,5.56,1.68,7.32,4.77,1.53,0.00
19483,Jonah Dipoto,PHI,0,0,0,0,0,1,0,0,0.98,0,0.57,0.69,0.91,0,0,0,5.13,1.67,8.16,6.18,1.32,0.00
19681,Eliazar Dishmey,MIA,0,0,0,0,0,1,0,0,1.01,0,0.78,0.79,0.8,0,0,0,6.99,1.79,7.16,7.07,1.01,0.00
19013,Hunter Dobbins,STL,27,15,6,0,0,94,5,2,89,10,41,29,73,0,0,2,3.93,1.26,6.99,2.78,2.52,0.96
16427,Randy Dobnak,SEA,9,2,1,0,0,16,1,1,13,2,7,6,13,0,0,0,3.94,1.19,7.31,3.38,2.17,1.13
17460,Dylan Dodd,ATL,36,0,0,0,0,38,1,1,37,5,19,13,31,0,0,1,4.50,1.32,7.34,3.08,2.38,1.18
15481,Tanner Dodson,FA,0,0,0,0,0,1,0,0,1.19,0,0.83,0.86,0.71,0,0,0,7.48,2.05,6.41,7.78,0.82,0.00
19636,Nate Dohm,STL,0,0,0,0,0,1,0,0,1.09,0,0.58,0.6,0.89,0,0,0,5.25,1.69,8.03,5.40,1.49,0.00
18850,Chase Dollander,COL,23,23,4,0,0,124,5,10,119,23,79,57,115,0,0,0,5.73,1.42,8.35,4.14,2.02,1.67
16857,Taylor Dollard,SEA,0,0,0,0,0,1,0,0,1.27,0,0.73,0.44,0.69,0,0,0,6.59,1.70,6.17,3.92,1.58,0.00
18021,Trey Dombroski,HOU,0,0,0,0,0,1,0,0,1.13,0,0.75,0.6,0.83,0,0,0,6.78,1.73,7.51,5.36,1.40,0.00
17858,Johan Dominguez,FA,0,0,0,0,0,1,0,0,1.05,0,0.6,0.53,0.8,0,0,0,5.37,1.58,7.16,4.75,1.51,0.00
16511,Robert Dominguez,NYM,0,0,0,0,0,1,0,0,0.95,0,0.52,0.5,0.93,0,0,0,4.72,1.45,8.33,4.50,1.85,0.00
14702,Seranthony Dominguez,CWS,57,0,0,0,0,57,4,4,47,8,24,23,34,2,25,7,3.79,1.23,5.37,3.63,1.48,1.26
20113,Ethan Dorchies,MIL,0,0,0,0,0,1,0,0,0.89,0,0.6,0.82,0.74,0,0,0,5.40,1.72,6.63,7.39,0.90,0.00
19850,Wilber Dotel,PIT,0,0,0,0,0,1,0,0,1.11,0,0.79,0.72,0.74,0,0,0,7.13,1.83,6.62,6.46,1.03,0.00
19524,Braylon Doughty,CLE,0,0,0,0,0,1,0,0,1.34,0,0.74,0.52,0.8,0,0,0,6.66,1.86,7.19,4.65,1.55,0.00
16010,Camilo Doval,NYY,64,0,0,0,0,64,5,4,53,5,27,30,69,24,6,4,3.80,1.30,9.70,4.22,2.30,0.70
16079,John Doxakis,FA,0,0,0,0,0,1,0,0,1.1,0,0.86,0.76,0.8,0,0,0,7.78,1.86,7.22,6.88,1.05,0.00
14921,Tommy Doyle,FA,0,0,0,0,0,1,0,0,0.95,0,0.54,0.52,0.9,0,0,0,4.83,1.47,8.09,4.72,1.72,0.00
20152,Liam Doyle,STL,0,0,0,0,0,1,0,0,0.95,0,0.49,0.4,0.96,0,0,0,4.39,1.35,8.66,3.60,2.40,0.00
19869,Kohl Drake,ARI,0,0,0,0,0,1,0,0,1.03,0,0.62,0.53,0.95,0,0,0,5.58,1.56,8.58,4.74,1.81,0.00
19463,Jack Dreyer,LAD,40,0,0,0,0,42,2,1,32,3,14,13,39,14,2,3,3.00,1.07,8.36,2.79,3.00,0.64
14851,Shane Drohan,MIL,0,0,0,0,0,1,0,0,1,0,0.59,0.56,0.98,0,0,0,5.33,1.56,8.78,5.03,1.75,0.00
17696,Daniel Duarte,NYM,0,0,0,0,0,1,0,0,0.87,0,0.48,0.48,0.9,0,0,0,4.35,1.35,8.10,4.35,1.86,0.00
19778,Jayden Dubanewicz,MIL,0,0,0,0,0,1,0,0,1.22,0,0.57,0.49,0.58,0,0,0,5.13,1.71,5.22,4.40,1.19,0.00
16504,Shawn Dubin,ARI,0,0,0,0,0,1,0,0,0.98,0,0.54,0.45,0.97,0,0,0,4.86,1.43,8.77,4.05,2.16,0.00
14893,Cole Duensing,CWS,0,0,0,0,0,1,0,0,1.1,0,0.68,0.49,0.91,0,0,0,6.16,1.59,8.15,4.41,1.85,0.00
19894,Brandon Dufault,LAA,0,0,0,0,0,1,0,0,1.29,0,0.9,1.27,0.72,0,0,0,8.13,2.55,6.51,11.39,0.57,0.00
13101,Tyler Duffey,FA,0,0,0,0,0,1,0,0,0.92,0,0.52,0.52,0.93,0,0,0,4.67,1.43,8.40,4.67,1.80,0.00
9860,Danny Duffy,FA,0,0,0,0,0,1,0,0,0.96,0,0.56,0.64,0.93,0,0,0,4.99,1.61,8.37,5.80,1.44,0.00
19037,Matt Duffy,BOS,0,0,0,0,0,1,0,0,1.05,0,0.58,0.47,0.81,0,0,0,5.22,1.52,7.33,4.21,1.74,0.00
15271,Robert Dugger,FA,0,0,0,0,0,1,0,0,1.17,0,0.84,0.71,0.79,0,0,0,7.55,1.88,7.14,6.40,1.12,0.00
14273,Justin Dunn,FA,0,0,0,0,0,1,0,0,1.15,0,0.87,0.65,0.92,0,0,0,7.80,1.80,8.25,5.85,1.41,0.00
18930,Ross Dunn,MIN,0,0,0,0,0,1,0,0,1.23,0,0.94,0.67,0.79,0,0,0,8.45,1.90,7.14,6.01,1.19,0.00
14284,Dane Dunning,SEA,4,4,1,0,0,22,1,1,22,3,13,8,20,0,0,0,5.32,1.36,8.18,3.27,2.50,1.23
15371,Parker Dunshee,FA,0,0,0,0,0,1,0,0,1.07,0,0.68,0.6,0.91,0,0,0,6.15,1.67,8.16,5.41,1.51,0.00
14270,Jon Duplantier,FA,0,0,0,0,0,1,0,0,1,0,0.61,0.66,0.97,0,0,0,5.46,1.67,8.70,5.98,1.46,0.00
14760,Jhoan Duran,PHI,68,0,0,0,0,68,5,3,57,5,24,21,73,1,35,5,3.18,1.15,9.66,2.78,3.48,0.66
17618,Carlos Duran,LAD,0,0,0,0,0,1,0,0,1,0,0.62,0.71,0.95,0,0,0,5.53,1.71,8.51,6.38,1.33,0.00
20346,Hayden Durke,ARI,0,0,0,0,0,1,0,0,0.86,0,0.63,0.82,1,0,0,0,5.66,1.68,9.02,7.34,1.23,0.00
17950,Andrew Dutkanych,STL,0,0,0,0,0,1,0,0,1.01,0,0.61,0.56,0.95,0,0,0,5.51,1.57,8.55,5.06,1.69,0.00
19569,Daniel Eagen,ARI,0,0,0,0,0,1,0,0,0.88,0,0.53,0.69,0.96,0,0,0,4.79,1.57,8.66,6.23,1.39,0.00
19049,Connelly Early,BOS,27,8,3,0,0,63,5,4,53,6,25,20,60,0,0,0,3.57,1.16,8.57,2.86,3.00,0.86
19648,Konner Eaton,COL,0,0,0,0,0,1,0,0,1.06,0,0.62,0.54,0.84,0,0,0,5.58,1.61,7.58,4.89,1.55,0.00
18956,Steven Echavarria,ATH,0,0,0,0,0,1,0,0,1.41,0,1.01,0.82,0.64,0,0,0,9.05,2.23,5.72,7.39,0.77,0.00
14822,Jake Eder,WSH,24,0,0,0,0,28,1,3,24,3,13,10,23,0,0,0,4.18,1.21,7.39,3.21,2.30,0.96
19390,Brian Edgington,CIN,0,0,0,0,0,1,0,0,1.24,0,0.79,0.55,0.81,0,0,0,7.13,1.79,7.25,4.94,1.47,0.00
19276,Garrett Edwards,TB,0,0,0,0,0,1,0,0,0.98,0,0.52,0.39,0.76,0,0,0,4.67,1.37,6.87,3.53,1.95,0.00
12910,Carl Edwards,NYM,0,0,0,0,0,1,0,0,1.04,0,0.56,0.47,0.92,0,0,0,5.00,1.50,8.32,4.19,1.98,0.00
17649,Scott Effross,DET,16,0,0,0,0,16,1,1,14,2,7,5,13,0,0,0,3.94,1.19,7.31,2.81,2.60,1.13
12471,Zach Eflin,BAL,25,25,12,0,0,141,10,8,151,25,71,23,115,0,0,0,4.53,1.23,7.34,1.47,5.00,1.60
19497,Brandon Eisert,CWS,59,0,0,0,0,60,2,3,53,7,27,24,47,0,0,1,4.05,1.28,7.05,3.60,1.96,1.05
19835,Josh Ekness,MIA,0,0,0,0,0,1,0,0,0.94,0,0.52,0.56,0.95,0,0,0,4.72,1.50,8.52,5.05,1.69,0.00
17839,Joe Elbis,ARI,0,0,0,0,0,1,0,0,1.1,0,0.66,0.64,0.62,0,0,0,5.91,1.74,5.60,5.75,0.97,0.00
16801,Bryce Elder,ATL,28,17,8,0,0,103,6,7,114,16,60,36,86,0,0,0,5.24,1.46,7.51,3.15,2.39,1.40
20439,Frank Elissalt,STL,0,0,0,0,0,1,0,0,0.91,0,0.58,0.56,0.87,0,0,0,5.23,1.47,7.84,5.04,1.56,0.00
20402,Lucas Elissalt,DET,0,0,0,0,0,1,0,0,0.94,0,0.51,0.67,0.81,0,0,0,4.63,1.61,7.28,5.99,1.21,0.00
19766,Fraser Ellard,FA,0,0,0,0,0,1,0,0,0.97,0,0.61,0.62,1.04,0,0,0,5.46,1.59,9.38,5.57,1.68,0.00
15018,Seth Elledge,ATH,0,0,0,0,0,1,0,0,0.95,0,0.54,0.41,0.83,0,0,0,4.90,1.36,7.48,3.73,2.00,0.00
13454,Chris Ellis,FA,0,0,0,0,0,1,0,0,1.23,0,1.12,0.79,0.68,0,0,0,10.04,2.03,6.08,7.14,0.85,0.00
13053,Kent Emanuel,FA,0,0,0,0,0,1,0,0,1.31,0,0.74,0.37,0.79,0,0,0,6.70,1.68,7.11,3.30,2.15,0.00
16838,Stevie Emanuels,ATH,0,0,0,0,0,1,0,0,1.05,0,0.6,0.75,0.95,0,0,0,5.40,1.80,8.58,6.78,1.27,0.00
18729,Nixon Encarnacion,LAA,0,0,0,0,0,1,0,0,1.38,0,1.68,2.28,0.75,0,0,0,15.08,3.65,6.75,20.48,0.33,0.00
16926,Jimmy Endersby,ARI,0,0,0,0,0,1,0,0,1.14,0,0.63,0.53,0.76,0,0,0,5.65,1.67,6.80,4.75,1.43,0.00
15535,Mason Englert,TB,57,0,0,0,0,63,2,2,59,8,30,20,53,5,0,1,4.29,1.25,7.57,2.86,2.65,1.14
14789,Blayne Enlow,ATL,0,0,0,0,0,1,0,0,1.15,0,0.75,0.49,0.89,0,0,0,6.71,1.64,8.01,4.39,1.82,0.00
14201,Dietrich Enns,BAL,51,0,0,0,0,59,3,2,57,8,26,20,55,7,2,2,3.97,1.31,8.39,3.05,2.75,1.22
18282,Nic Enright,TOR,0,0,0,0,0,1,0,0,0.89,0,0.43,0.41,0.98,0,0,0,3.89,1.30,8.84,3.65,2.42,0.00
10901,Nathan Eovaldi,TEX,26,26,15,1,1,159,11,8,123,16,61,36,154,1,0,0,3.45,1.00,8.72,2.04,4.28,0.91
14282,Lucas Erceg,KC,61,0,0,0,0,62,5,5,53,5,25,22,58,24,6,5,3.63,1.21,8.42,3.19,2.64,0.73
19919,Alessandro Ercolani,PIT,0,0,0,0,0,1,0,0,1.01,0,0.67,0.59,0.64,0,0,0,6.03,1.60,5.73,5.34,1.07,0.00
17871,Mason Erla,LAA,0,0,0,0,0,1,0,0,1.31,0,0.75,0.53,0.73,0,0,0,6.72,1.84,6.56,4.75,1.38,0.00
12729,Edwin Escobar,FA,0,0,0,0,0,1,0,0,1,0,0.74,0.98,0.82,0,0,0,6.64,1.97,7.42,8.78,0.84,0.00
19065,Jose Espada,BAL,12,0,0,0,0,13,1,1,11,1,5,5,11,0,0,0,3.46,1.23,7.62,3.46,2.20,0.69
19209,Cesar Espinal,MIL,0,0,0,0,0,1,0,0,1.53,0,1.1,0.88,0.77,0,0,0,9.90,2.40,6.97,7.88,0.89,0.00
11384,Paolo Espino,FA,0,0,0,0,0,1,0,0,1.17,0,0.63,0.37,0.75,0,0,0,5.65,1.54,6.71,3.32,2.02,0.00
16059,Daniel Espino,CLE,0,0,0,0,0,1,0,0,1,0,0.55,0.38,1,0,0,0,4.95,1.38,9.00,3.38,2.67,0.00
19253,Carlos Espinosa,LAA,0,0,0,0,0,1,0,0,1.14,0,0.76,0.65,0.94,0,0,0,6.85,1.80,8.47,5.89,1.44,0.00
18389,Jaydenn Estanista,PHI,0,0,0,0,0,1,0,0,0.94,0,0.71,0.81,0.88,0,0,0,6.35,1.76,7.96,7.32,1.09,0.00
16363,Joey Estes,ATH,23,1,0,0,0,28,1,2,29,6,18,9,21,0,0,0,5.79,1.36,6.75,2.89,2.33,1.93
13774,Carlos Estevez,KC,65,0,0,0,0,65,4,5,54,8,27,24,58,0,32,5,3.74,1.20,8.03,3.32,2.42,1.11
14899,Jeremiah Estrada,SD,68,0,0,0,0,67,4,3,56,10,30,30,77,25,4,3,4.03,1.28,10.34,4.03,2.57,1.34
19668,Lazaro Estrada,TOR,17,0,0,0,0,20,1,1,18,3,9,6,17,0,0,0,4.05,1.20,7.65,2.70,2.83,1.35
19319,Logan Evans,SEA,0,0,0,0,0,0,0,0,0,0,0,0,0,0,0,0,0.00,0.00,0.00,0.00,0.00,0.00
20488,Allen Facundo,NYY,0,0,0,0,0,1,0,0,0.91,0,0.5,0.74,0.85,0,0,0,4.50,1.65,7.68,6.62,1.16,0.00
14772,Alex Faedo,FA,0,0,0,0,0,1,0,0,0.93,0,0.48,0.41,0.93,0,0,0,4.35,1.34,8.34,3.73,2.24,0.00
16252,Pete Fairbanks,MIA,62,0,0,0,0,63,4,5,50,6,24,22,61,2,26,5,3.43,1.14,8.71,3.14,2.77,0.86
19943,Yhoiker Fajardo,STL,0,0,0,0,0,1,0,0,1,0,0.47,0.7,0.8,0,0,0,4.25,1.70,7.21,6.33,1.14,0.00
14490,Bailey Falter,KC,40,6,1,0,0,69,2,2,68,11,36,22,47,0,0,0,4.70,1.30,6.13,2.87,2.14,1.43
13035,Buck Farmer,FA,0,0,0,0,0,1,0,0,0.92,0,0.51,0.46,0.92,0,0,0,4.60,1.38,8.32,4.12,2.02,0.00
17427,Thomas Farr,CIN,0,0,0,0,0,1,0,0,1.19,0,0.77,0.53,0.66,0,0,0,6.90,1.72,5.90,4.75,1.24,0.00
13075,Luke Farrell,FA,0,0,0,0,0,1,0,0,1.11,0,0.61,0.48,0.85,0,0,0,5.51,1.59,7.65,4.28,1.79,0.00
19942,Mitch Farris,LAA,7,6,1,0,0,34,1,1,30,4,17,12,29,0,0,0,4.50,1.24,7.68,3.18,2.42,1.06
17582,Calvin Faucher,MIA,65,0,0,0,0,65,3,3,59,7,29,26,61,19,8,3,4.02,1.31,8.45,3.60,2.35,0.97
13346,Erick Fedde,CWS,6,6,2,0,0,32,1,2,30,4,16,12,22,0,0,0,4.50,1.31,6.19,3.38,1.83,1.13
18550,Daniel Federman,BAL,0,0,0,0,0,1,0,0,1.09,0,0.67,0.42,0.91,0,0,0,5.99,1.51,8.18,3.79,2.16,0.00
13770,Brady Feigl,FA,0,0,0,0,0,1,0,0,1.03,0,0.58,0.38,0.94,0,0,0,5.25,1.41,8.43,3.39,2.49,0.00
18744,Angel Felipe,FA,0,0,0,0,0,1,0,0,1.06,0,0.72,0.81,1.03,0,0,0,6.50,1.87,9.30,7.30,1.27,0.00
15928,Ignacio Feliz,FA,0,0,0,0,0,1,0,0,1.05,0,0.95,0.84,1.03,0,0,0,8.57,1.89,9.29,7.55,1.23,0.00
16181,Drake Fellows,NYY,0,0,0,0,0,1,0,0,1.08,0,0.68,0.57,0.78,0,0,0,6.15,1.65,7.05,5.17,1.36,0.00
15541,Ryan Feltner,COL,26,20,5,0,0,114,2,5,114,13,59,47,95,0,0,0,4.66,1.41,7.50,3.71,2.02,1.03
15217,Caleb Ferguson,CIN,50,0,0,0,0,48,2,3,44,4,21,18,46,9,1,3,3.94,1.29,8.63,3.38,2.56,0.75
19462,Tyler Ferguson,ATH,38,0,0,0,0,40,2,2,30,4,17,17,38,8,2,2,3.83,1.18,8.55,3.83,2.24,0.90
20034,Jose Fermin,LAA,0,0,0,0,0,1,0,0,0.9,0,0.51,0.51,1.02,0,0,0,4.59,1.41,9.19,4.59,2.00,0.00
19201,Ryan Fernandez,STL,57,0,0,0,0,60,3,3,55,7,31,25,56,5,1,2,4.65,1.33,8.40,3.75,2.24,1.05
15280,Julian Fernandez,WSH,61,0,0,0,0,61,3,2,51,8,27,21,51,2,1,1,3.98,1.18,7.52,3.10,2.43,1.18
14072,Junior Fernandez,ARI,0,0,0,0,0,1,0,0,1.04,0,0.6,0.59,0.95,0,0,0,5.37,1.63,8.59,5.27,1.63,0.00
17908,Jose A. Ferrer,SEA,66,0,0,0,0,66,4,3,61,6,29,19,56,27,3,5,3.95,1.21,7.64,2.59,2.95,0.82
17938,Jackson Ferris,LAD,0,0,0,0,0,1,0,0,1.05,0,0.66,0.8,0.84,0,0,0,5.93,1.86,7.54,7.24,1.04,0.00
17899,David Festa,MIN,30,5,2,0,0,55,2,3,49,8,28,20,53,0,0,0,4.58,1.25,8.67,3.27,2.65,1.31
15304,Matt Festa,CLE,59,0,0,0,0,59,3,3,48,6,27,24,55,13,2,3,4.12,1.22,8.39,3.66,2.29,0.92
14499,J.P. Feyereisen,LAD,0,0,0,0,0,1,0,0,1.05,0,0.54,0.37,0.89,0,0,0,4.85,1.42,7.97,3.29,2.43,0.00
20283,Colin Fields,DET,0,0,0,0,0,1,0,0,0.93,0,0.52,0.47,0.88,0,0,0,4.68,1.40,7.89,4.19,1.89,0.00
16453,Dylan File,DET,0,0,0,0,0,1,0,0,1.23,0,0.75,0.36,0.65,0,0,0,6.76,1.59,5.88,3.27,1.80,0.00
15866,Kyle Finnegan,DET,63,0,0,0,0,63,4,5,54,7,26,21,56,17,5,5,3.71,1.19,8.00,3.00,2.67,1.00
15473,Braydon Fisher,TOR,51,0,0,0,0,51,3,2,38,5,18,18,53,7,0,2,3.18,1.10,9.35,3.18,2.94,0.88
16112,Evan Fitterer,SD,0,0,0,0,0,1,0,0,1.11,0,0.7,0.79,0.75,0,0,0,6.33,1.90,6.72,7.11,0.95,0.00
17434,Richard Fitts,STL,31,16,4,0,0,102,2,3,90,13,44,36,80,0,0,0,3.88,1.24,7.06,3.18,2.22,1.15
13411,Jack Flaherty,DET,28,28,11,0,0,160,10,11,150,22,75,55,182,0,0,0,4.22,1.28,10.24,3.09,3.31,1.24
16624,Josh Fleming,TOR,0,0,0,0,0,1,0,0,1.19,0,0.61,0.39,0.62,0,0,0,5.48,1.59,5.56,3.55,1.57,0.00
17875,William Fleming,FA,0,0,0,0,0,1,0,0,1.41,0,0.89,0.52,0.69,0,0,0,7.97,1.92,6.17,4.66,1.32,0.00
18726,Jose Fleury,HOU,0,0,0,0,0,1,0,0,0.96,0,0.66,0.61,0.82,0,0,0,5.92,1.57,7.42,5.45,1.36,0.00
14596,Chris Flexen,FA,0,0,0,0,0,1,0,0,1.05,0,0.49,0.38,0.73,0,0,0,4.42,1.42,6.60,3.38,1.95,0.00
20514,Jostin Florentino,CHC,0,0,0,0,0,1,0,0,1.08,0,0.58,0.58,0.85,0,0,0,5.26,1.66,7.62,5.26,1.45,0.00
17862,Wilmer Flores,DET,0,0,0,0,0,1,0,0,1.04,0,0.63,0.51,0.89,0,0,0,5.68,1.55,8.04,4.61,1.74,0.00
19393,Miguel Flores,CLE,0,0,0,0,0,1,0,0,1.48,0,1.43,1.55,0.6,0,0,0,12.83,3.03,5.40,13.95,0.39,0.00
14457,Dylan Floro,FA,0,0,0,0,0,1,0,0,1.06,0,0.53,0.33,0.87,0,0,0,4.75,1.38,7.83,2.95,2.65,0.00
16242,J.C. Flowers,FA,0,0,0,0,0,1,0,0,1.13,0,0.85,0.76,0.81,0,0,0,7.65,1.89,7.29,6.81,1.07,0.00
16740,Ty Floyd,CIN,0,0,0,0,0,1,0,0,0.77,0,0.63,0.65,0.82,0,0,0,5.63,1.43,7.42,5.85,1.27,0.00
16368,Taylor Floyd,FA,0,0,0,0,0,1,0,0,1.18,0,0.77,0.62,0.85,0,0,0,6.92,1.80,7.61,5.54,1.38,0.00
18146,Mason Fluharty,TOR,38,0,0,0,0,38,2,1,29,4,17,16,36,5,1,2,4.03,1.18,8.53,3.79,2.25,0.95
19761,Michael Flynn,TB,0,0,0,0,0,1,0,0,0.99,0,0.63,0.5,0.94,0,0,0,5.67,1.49,8.45,4.54,1.86,0.00
20285,Zach Fogell,BOS,0,0,0,0,0,1,0,0,0.96,0,0.53,0.59,0.92,0,0,0,4.81,1.55,8.25,5.29,1.56,0.00
19591,Connor Foley,ARI,0,0,0,0,0,1,0,0,1.08,0,0.82,0.98,0.98,0,0,0,7.42,2.05,8.78,8.78,1.00,0.00
17098,Jason Foley,SF,14,0,0,0,0,14,1,1,12,1,5,4,11,0,1,1,3.21,1.14,7.07,2.57,2.75,0.64
19911,T.J. Fondtain,TB,0,0,0,0,0,1,0,0,1.01,0,0.62,0.4,0.93,0,0,0,5.57,1.41,8.36,3.64,2.30,0.00
17967,Walter Ford,SEA,0,0,0,0,0,1,0,0,1.51,0,1.03,0.54,0.57,0,0,0,9.27,2.05,5.16,4.90,1.05,0.00
19145,Michael Forret,TB,0,0,0,0,0,1,0,0,0.89,0,0.5,0.57,0.9,0,0,0,4.53,1.47,8.14,5.16,1.58,0.00
16491,Matt Foster,FA,0,0,0,0,0,1,0,0,1.03,0,0.5,0.4,0.96,0,0,0,4.52,1.44,8.66,3.64,2.38,0.00
20426,Cameron Foster,BAL,0,0,0,0,0,1,0,0,1.09,0,0.57,0.52,0.9,0,0,0,5.17,1.61,8.12,4.71,1.72,0.00
16925,Jordan Fowler,PHI,0,0,0,0,0,1,0,0,1.06,0,0.52,0.41,0.78,0,0,0,4.72,1.48,7.00,3.73,1.88,0.00
16179,Dalton Fowler,TB,0,0,0,0,0,1,0,0,0.98,0,0.7,0.66,0.96,0,0,0,6.33,1.64,8.64,5.92,1.46,0.00
18263,J.P. France,HOU,21,0,0,0,0,23,2,2,19,2,10,9,20,0,0,0,3.91,1.22,7.83,3.52,2.22,0.78
16434,Bowden Francis,TOR,0,0,0,0,0,0,0,0,0,0,0,0,0,0,0,0,0.00,0.00,0.00,0.00,0.00,0.00
19027,Carlos Francisco,PHI,0,0,0,0,0,1,0,0,0.95,0,0.73,0.74,0.84,0,0,0,6.54,1.69,7.54,6.66,1.13,0.00
16484,Sadrac Franco,SD,0,0,0,0,0,1,0,0,1.01,0,0.54,0.54,0.89,0,0,0,4.86,1.55,7.97,4.86,1.64,0.00
20466,Jose Franco,CIN,0,0,0,0,0,1,0,0,1,0,0.6,0.7,0.85,0,0,0,5.39,1.70,7.68,6.31,1.22,0.00
20326,Tanner Franklin,STL,0,0,0,0,0,1,0,0,0.94,0,0.46,0.45,0.96,0,0,0,4.16,1.39,8.66,4.05,2.14,0.00
17226,Kohl Franklin,CHC,0,0,0,0,0,1,0,0,1.06,0,0.7,0.55,0.9,0,0,0,6.26,1.61,8.09,4.96,1.63,0.00
20710,Arij Fransen,FA,0,0,0,0,0,1,0,0,1.32,0,1.01,0.9,0.69,0,0,0,9.08,2.23,6.25,8.14,0.77,0.00
16488,Geronimo Franzua,FA,0,0,0,0,0,1,0,0,1.06,0,0.67,0.54,0.98,0,0,0,6.02,1.60,8.81,4.85,1.82,0.00
16881,Nick Frasso,LAD,0,0,0,0,0,1,0,0,1.1,0,0.69,0.6,0.83,0,0,0,6.17,1.70,7.47,5.42,1.38,0.00
19229,Dominic Freeberger,STL,0,0,0,0,0,1,0,0,1.05,0,0.8,0.82,0.91,0,0,0,7.20,1.87,8.18,7.36,1.11,0.00
13369,Kyle Freeland,COL,29,29,14,0,0,170,6,15,201,28,95,40,122,0,0,0,5.03,1.42,6.46,2.12,3.05,1.48
20092,Caleb Freeman,TOR,0,0,0,0,0,1,0,0,0.99,0,0.57,0.69,0.92,0,0,0,5.17,1.68,8.24,6.22,1.32,0.00
15929,Luis Frias,FA,0,0,0,0,0,1,0,0,1.04,0,0.52,0.5,0.94,0,0,0,4.72,1.54,8.42,4.54,1.86,0.00
12453,Max Fried,NYY,29,29,18,1,1,181,14,7,154,14,64,53,176,0,0,0,3.18,1.14,8.75,2.64,3.32,0.70
17278,Matt Frisbee,FA,0,0,0,0,0,1,0,0,1.19,0,0.65,0.61,0.89,0,0,0,5.85,1.80,7.99,5.51,1.45,0.00
17512,Will Frisch,CHC,0,0,0,0,0,1,0,0,1.07,0,0.89,1.05,0.81,0,0,0,8.06,2.12,7.28,9.45,0.77,0.00
16863,Jackson Fristoe,NYY,0,0,0,0,0,1,0,0,1.03,0,0.89,1.15,0.7,0,0,0,8.04,2.18,6.26,10.35,0.61,0.00
20022,Zach Fruit,BAL,0,0,0,0,0,1,0,0,1.03,0,0.72,0.79,0.81,0,0,0,6.45,1.82,7.33,7.14,1.03,0.00
14162,Paul Fry,FA,0,0,0,0,0,1,0,0,1.13,0,0.63,0.53,0.84,0,0,0,5.69,1.66,7.55,4.80,1.57,0.00
18747,Didier Fuentes,ATL,0,0,0,0,0,1,0,0,1.07,0,0.7,0.45,0.94,0,0,0,6.26,1.52,8.46,4.07,2.08,0.00
12807,Shintaro Fujinami,FA,0,0,0,0,0,1,0,0,0.86,0,0.63,0.69,0.99,0,0,0,5.66,1.55,8.91,6.18,1.44,0.00
12183,Michael Fulmer,SF,0,0,0,0,0,1,0,0,0.94,0,0.48,0.44,0.99,0,0,0,4.34,1.37,8.94,3.92,2.28,0.00
13807,Carson Fulmer,PIT,0,0,0,0,0,1,0,0,0.99,0,0.53,0.48,0.88,0,0,0,4.76,1.48,7.96,4.33,1.84,0.00
16713,Dax Fulton,MIA,0,0,0,0,0,1,0,0,1.2,0,0.82,0.75,0.89,0,0,0,7.34,1.95,8.02,6.75,1.19,0.00
19158,Kody Funderburk,MIN,61,0,0,0,0,64,6,3,57,7,28,24,59,11,2,3,3.94,1.27,8.30,3.38,2.46,0.98
13817,Kyle Funkhouser,FA,0,0,0,0,0,1,0,0,1.27,0,0.82,0.72,0.79,0,0,0,7.41,1.99,7.08,6.44,1.10,0.00
18864,Hunter Furtado,PIT,0,0,0,0,0,1,0,0,1.01,0,0.77,0.95,0.88,0,0,0,6.96,1.96,7.89,8.56,0.92,0.00
17507,Devin Futrell,BOS,0,0,0,0,0,1,0,0,1.1,0,0.41,0.41,0.56,0,0,0,3.71,1.51,5.06,3.71,1.36,0.00
16216,Hunter Gaddis,CLE,65,1,3,0,0,69,4,3,56,8,25,21,60,31,5,4,3.26,1.12,7.83,2.74,2.86,1.04
13509,Matt Gage,SF,54,0,0,0,0,54,2,2,48,5,22,19,46,0,0,0,3.67,1.24,7.67,3.17,2.42,0.83
14346,Ray Gaither,FA,0,0,0,0,0,1,0,0,0.98,0,0.49,0.58,0.83,0,0,0,4.39,1.56,7.45,5.25,1.42,0.00
19740,Yorman Galindez,MIL,0,0,0,0,0,1,0,0,1.23,0,0.95,1.19,0.89,0,0,0,8.55,2.41,7.99,10.69,0.75,0.00
18567,Ruben Galindo,SD,0,0,0,0,0,1,0,0,1.2,0,0.79,0.71,0.88,0,0,0,7.08,1.91,7.88,6.43,1.23,0.00
20448,Ryan Gallagher,MIN,0,0,0,0,0,1,0,0,1.17,0,0.69,0.4,0.84,0,0,0,6.17,1.57,7.58,3.61,2.10,0.00
15602,Richard Gallardo,TOR,0,0,0,0,0,1,0,0,1.17,0,0.68,0.44,0.81,0,0,0,6.14,1.61,7.27,3.94,1.84,0.00
14616,Giovanny Gallegos,FA,0,0,0,0,0,1,0,0,0.99,0,0.54,0.41,0.97,0,0,0,4.82,1.40,8.73,3.66,2.38,0.00
20069,Isaac Gallegos,ATL,0,0,0,0,0,1,0,0,1,0,0.52,0.49,0.89,0,0,0,4.66,1.48,8.02,4.38,1.83,0.00
14312,Zac Gallen,ARI,30,30,14,0,0,172,12,11,156,21,79,55,170,0,0,0,4.13,1.22,8.88,2.87,3.09,1.10
12479,Joey Gallo,FA,0,0,0,0,0,0,0,0,0,0,0,0,0,0,0,0,0.00,0.00,0.00,0.00,0.00,0.00
20564,Alec Gamboa,BOS,0,0,0,0,0,1,0,0,0.98,0,0.58,0.68,0.69,0,0,0,5.21,1.65,6.25,6.10,1.02,0.00
16136,Grant Gambrell,FA,0,0,0,0,0,1,0,0,1.11,0,0.61,0.54,0.75,0,0,0,5.45,1.64,6.78,4.82,1.40,0.00
14010,John Gant,FA,0,0,0,0,0,1,0,0,1.31,0,0.9,0.75,0.69,0,0,0,8.11,2.06,6.22,6.78,0.92,0.00
19482,Gerson Garabito,MIL,0,0,0,0,0,1,0,0,1.06,0,0.68,0.43,0.87,0,0,0,6.08,1.49,7.87,3.84,2.05,0.00
19299,Natanael Garabitos,FA,0,0,0,0,0,1,0,0,1.07,0,0.83,1.03,0.81,0,0,0,7.46,2.10,7.31,9.29,0.79,0.00
19296,Carlos Garcia,FA,0,0,0,0,0,1,0,0,0.96,0,0.63,0.74,0.89,0,0,0,5.69,1.70,8.05,6.63,1.21,0.00
19327,Saul Garcia,NYM,0,0,0,0,0,1,0,0,1.04,0,0.7,0.88,0.97,0,0,0,6.31,1.92,8.76,7.94,1.10,0.00
19861,Brandyn Garcia,ARI,44,0,0,0,0,47,3,3,42,5,22,18,39,0,0,0,4.21,1.28,7.47,3.45,2.17,0.96
18551,Pedro Garcia,FA,0,0,0,0,0,1,0,0,0.98,0,0.68,0.65,1.01,0,0,0,6.15,1.63,9.07,5.85,1.55,0.00
17728,Robert Garcia,TEX,64,0,0,0,0,62,3,6,53,6,25,21,61,10,16,4,3.63,1.19,8.85,3.05,2.90,0.87
15163,Deivi Garcia,FA,0,0,0,0,0,1,0,0,1.09,0,0.71,0.62,0.91,0,0,0,6.37,1.71,8.16,5.59,1.46,0.00
13150,Luis Garcia,NYM,48,0,0,0,0,49,3,2,46,5,22,18,41,10,2,3,4.04,1.31,7.53,3.31,2.28,0.92
13197,Yimi Garcia,TOR,58,0,0,0,0,57,2,3,45,7,24,21,55,19,4,4,3.79,1.16,8.68,3.32,2.62,1.11
16228,Ryan Garcia,FA,0,0,0,0,0,1,0,0,1.08,0,0.88,0.84,0.84,0,0,0,7.88,1.92,7.55,7.55,1.00,0.00
15709,Rico Garcia,BAL,49,0,0,0,0,50,1,2,46,8,24,18,43,9,1,2,4.32,1.28,7.74,3.24,2.39,1.44
15341,Luis Garcia,FA,0,0,0,0,0,1,0,0,0.95,0,0.49,0.35,0.96,0,0,0,4.42,1.30,8.65,3.15,2.75,0.00
16736,Nick Garcia,SF,0,0,0,0,0,1,0,0,1.13,0,0.82,0.7,0.79,0,0,0,7.34,1.83,7.07,6.27,1.13,0.00
20568,Jaiker Garcia,PIT,0,0,0,0,0,1,0,0,1.25,0,0.93,1.05,0.88,0,0,0,8.32,2.30,7.88,9.45,0.83,0.00
20507,Davian Garcia,WSH,0,0,0,0,0,1,0,0,1.04,0,0.67,1.03,0.67,0,0,0,6.06,2.06,6.06,9.24,0.66,0.00
20118,Jogly Garcia,CLE,0,0,0,0,0,1,0,0,1.27,0,0.93,0.91,0.89,0,0,0,8.38,2.18,8.05,8.16,0.99,0.00
20650,Nate Garkow,TOR,0,0,0,0,0,1,0,0,0.8,0,0.52,0.68,1.06,0,0,0,4.72,1.48,9.56,6.08,1.57,0.00
19998,Tristan Garnett,PHI,0,0,0,0,0,1,0,0,0.94,0,0.43,0.5,0.96,0,0,0,3.83,1.44,8.62,4.47,1.93,0.00
15803,Reed Garrett,NYM,0,0,0,0,0,1,0,0,0.95,0,0.48,0.44,1.06,0,0,0,4.30,1.38,9.57,3.93,2.43,0.00
13611,Amir Garrett,FA,0,0,0,0,0,1,0,0,0.96,0,0.58,0.45,0.98,0,0,0,5.18,1.42,8.84,4.08,2.17,0.00
14244,Braxton Garrett,MIA,24,17,5,1,0,99,4,4,99,13,49,16,92,0,0,0,4.45,1.16,8.36,1.45,5.75,1.18
17541,Justin Garza,FA,0,0,0,0,0,1,0,0,1.05,0,0.65,0.45,0.88,0,0,0,5.81,1.50,7.95,4.01,1.98,0.00
17376,Robert Gasser,MIL,33,6,1,0,0,60,1,1,52,7,25,22,49,0,0,0,3.75,1.23,7.35,3.30,2.23,1.05
20054,Luis Gastelum,STL,0,0,0,0,0,1,0,0,1.14,0,0.68,0.4,0.99,0,0,0,6.14,1.54,8.92,3.57,2.50,0.00
15622,Sandy Gaston,WSH,0,0,0,0,0,1,0,0,1.06,0,0.83,1.04,0.92,0,0,0,7.43,2.10,8.25,9.32,0.89,0.00
11473,Kevin Gausman,TOR,29,29,17,1,1,181,12,11,154,19,72,52,186,1,0,0,3.58,1.14,9.25,2.59,3.58,0.94
17717,Grant Gavin,FA,0,0,0,0,0,1,0,0,1.05,0,0.6,0.59,0.86,0,0,0,5.40,1.64,7.76,5.29,1.47,0.00
17057,Myles Gayman,FA,0,0,0,0,0,1,0,0,1.4,0,0.91,0.37,0.66,0,0,0,8.23,1.76,5.98,3.29,1.82,0.00
19427,Jordan Geber,NYM,0,0,0,0,0,1,0,0,1.11,0,0.59,0.44,0.8,0,0,0,5.33,1.55,7.24,3.96,1.83,0.00
16659,Joey Gerber,NYM,19,0,0,0,0,20,1,1,17,3,9,7,17,0,0,0,4.05,1.20,7.65,3.15,2.43,1.35
13600,Domingo German,FA,0,0,0,0,0,1,0,0,0.95,0,0.57,0.43,0.9,0,0,0,5.12,1.38,8.14,3.89,2.09,0.00
19882,Nestor German,BAL,0,0,0,0,0,1,0,0,0.96,0,0.55,0.5,0.89,0,0,0,4.97,1.46,8.03,4.46,1.80,0.00
19887,Luis German,SD,0,0,0,0,0,1,0,0,1.13,0,1.05,1.67,0.83,0,0,0,9.49,2.80,7.51,15.03,0.50,0.00
19770,Paul Gervase,LAD,20,0,0,0,0,21,1,1,18,3,10,8,18,0,0,0,4.29,1.24,7.71,3.43,2.25,1.29
16256,Josh Gessner,FA,0,0,0,0,0,1,0,0,0.92,0,0.57,0.62,0.86,0,0,0,5.17,1.54,7.76,5.59,1.39,0.00
15798,Ian Gibaut,CIN,0,0,0,0,0,1,0,0,0.97,0,0.51,0.39,0.91,0,0,0,4.61,1.36,8.15,3.55,2.30,0.00
10945,Kyle Gibson,FA,0,0,0,0,0,1,0,0,1.01,0,0.53,0.36,0.9,0,0,0,4.73,1.37,8.08,3.25,2.49,0.00
20081,Cade Gibson,MIA,59,0,0,0,0,61,3,3,50,5,22,22,49,0,0,3,3.25,1.18,7.23,3.25,2.23,0.74
19382,Trey Gibson,BAL,0,0,0,0,0,1,0,0,1.05,0,0.7,0.61,1,0,0,0,6.30,1.66,8.99,5.46,1.65,0.00
20065,Spencer Giesting,ARI,0,0,0,0,0,1,0,0,1.15,0,0.74,0.67,0.79,0,0,0,6.65,1.82,7.15,6.02,1.19,0.00
15814,Luis Gil,NYY,38,13,6,0,0,98,8,3,75,10,37,54,87,0,0,0,3.40,1.32,7.99,4.96,1.61,0.92
15419,Logan Gilbert,SEA,28,28,14,1,0,166,10,8,131,24,64,34,192,0,0,0,3.47,0.99,10.41,1.84,5.65,1.30
16622,Tyler Gilbert,CWS,52,0,0,0,0,53,2,3,47,6,23,19,44,0,0,0,3.91,1.25,7.47,3.23,2.32,1.02
17125,Lucas Gilbreath,FA,0,0,0,0,0,1,0,0,1.05,0,0.68,0.52,0.92,0,0,0,6.16,1.57,8.32,4.66,1.78,0.00
12732,Ken Giles,FA,0,0,0,0,0,1,0,0,1,0,0.67,0.55,1.04,0,0,0,5.99,1.54,9.36,4.92,1.90,0.00
19473,Gary Gill Hill,TB,0,0,0,0,0,1,0,0,1.28,0,0.8,0.5,0.63,0,0,0,7.16,1.78,5.63,4.48,1.26,0.00
17701,Logan Gillaspie,SD,0,0,0,0,0,1,0,0,1.13,0,0.63,0.42,0.84,0,0,0,5.71,1.55,7.56,3.78,2.00,0.00
19263,Keagan Gillies,BAL,0,0,0,0,0,1,0,0,0.95,0,0.54,0.47,0.89,0,0,0,4.83,1.41,8.01,4.19,1.91,0.00
19779,Connor Gillispie,PHI,0,0,0,0,0,1,0,0,0.99,0,0.71,0.54,0.79,0,0,0,6.35,1.53,7.14,4.85,1.47,0.00
16424,Kevin Ginkel,ARI,60,0,0,0,0,60,3,3,53,6,29,21,58,10,16,4,4.35,1.23,8.70,3.15,2.76,0.90
15428,J.T. Ginn,ATH,25,14,4,0,0,84,2,4,82,12,41,27,78,0,0,0,4.39,1.30,8.36,2.89,2.89,1.29
12454,Lucas Giolito,FA,29,29,14,0,0,159,10,7,145,25,70,62,148,0,0,0,3.95,1.30,8.35,3.50,2.39,1.41
18220,Sawyer Gipson0Long,DET,34,4,1,0,0,56,3,3,49,9,28,18,49,0,0,0,4.50,1.20,7.88,2.89,2.72,1.45
19484,Ettore Giulianelli,CLE,0,0,0,0,0,1,0,0,0.86,0,0.88,1.6,0.99,0,0,0,7.94,2.46,8.95,14.36,0.62,0.00
10996,Mychal Givens,FA,0,0,0,0,0,1,0,0,0.97,0,0.55,0.42,0.96,0,0,0,4.94,1.39,8.63,3.78,2.28,0.00
12248,Tyler Glasnow,LAD,23,23,11,0,0,136,8,6,92,15,51,50,168,0,0,0,3.38,1.04,11.12,3.31,3.36,0.99
18373,Woo-suk Go,DET,0,0,0,0,0,1,0,0,1.04,0,0.58,0.47,0.9,0,0,0,5.21,1.51,8.07,4.25,1.90,0.00
17063,Blake Goldsberry,FA,0,0,0,0,0,1,0,0,1.01,0,0.58,0.49,0.91,0,0,0,5.19,1.50,8.18,4.42,1.85,0.00
13494,Austin Gomber,TEX,25,25,6,0,0,139,3,12,173,31,94,38,88,0,0,0,6.09,1.52,5.70,2.46,2.32,2.01
16928,Cesar Gomez,FA,0,0,0,0,0,1,0,0,1.26,0,0.77,0.53,0.73,0,0,0,6.90,1.79,6.58,4.75,1.38,0.00
15767,Yoendrys Gomez,TB,38,7,0,0,0,73,4,3,60,9,31,25,67,0,0,0,3.82,1.16,8.26,3.08,2.68,1.11
18695,Raimon Gomez,BAL,0,0,0,0,0,1,0,0,0.93,0,0.68,0.76,0.96,0,0,0,6.15,1.68,8.60,6.83,1.26,0.00
19307,Michael Gomez,FA,0,0,0,0,0,1,0,0,1.1,0,0.83,0.73,0.83,0,0,0,7.43,1.84,7.43,6.61,1.13,0.00
20590,Franklin Gomez,CLE,0,0,0,0,0,1,0,0,1.12,0,0.64,0.73,0.78,0,0,0,5.72,1.86,6.99,6.61,1.06,0.00
20515,Yorman Gomez,CLE,0,0,0,0,0,1,0,0,1.1,0,0.7,0.69,0.77,0,0,0,6.30,1.79,6.91,6.22,1.11,0.00
20714,Miguel Gomez,FA,0,0,0,0,0,1,0,0,1.1,0,0.63,0.51,0.83,0,0,0,5.68,1.61,7.48,4.60,1.63,0.00
13033,Stephen Gonsalves,FA,0,0,0,0,0,1,0,0,0.97,0,0.59,0.61,0.99,0,0,0,5.34,1.58,8.91,5.47,1.63,0.00
15570,Tony Gonsolin,FA,0,0,0,0,0,1,0,0,0.88,0,0.47,0.41,0.95,0,0,0,4.26,1.28,8.51,3.65,2.34,0.00
12949,Marco Gonzales,SD,0,0,0,0,0,1,0,0,1.09,0,0.52,0.34,0.7,0,0,0,4.64,1.43,6.30,3.10,2.03,0.00
16489,Victor Gonzalez,FA,0,0,0,0,0,1,0,0,0.94,0,0.52,0.6,0.84,0,0,0,4.72,1.54,7.54,5.40,1.40,0.00
16551,Wikelman Gonzalez,CWS,64,0,0,0,0,64,0,0,52,7,26,25,58,0,0,0,3.66,1.20,8.16,3.52,2.32,0.98
19258,Luis Gonzalez,FA,0,0,0,0,0,1,0,0,1.03,0,0.59,0.36,0.95,0,0,0,5.30,1.39,8.52,3.22,2.65,0.00
18815,Omar Gonzalez,NYY,0,0,0,0,0,1,0,0,0.89,0,1.23,1.64,0.62,0,0,0,11.07,2.53,5.54,14.76,0.38,0.00
19800,Jose Gonzalez,LAA,0,0,0,0,0,1,0,0,1.14,0,0.64,0.43,0.81,0,0,0,5.75,1.58,7.28,3.91,1.86,0.00
19920,Domingo Gonzalez,SEA,0,0,0,0,0,1,0,0,0.95,0,0.6,0.6,0.93,0,0,0,5.44,1.55,8.33,5.44,1.53,0.00
18571,James Gonzalez,ATH,0,0,0,0,0,1,0,0,1.19,0,0.7,0.6,0.81,0,0,0,6.34,1.79,7.25,5.38,1.35,0.00
18572,Colton Gordon,HOU,35,1,1,0,0,46,3,2,53,11,26,11,38,0,1,0,5.09,1.39,7.43,2.15,3.45,2.15
18754,Tanner Gordon,COL,23,23,7,0,0,130,4,10,151,25,84,34,104,0,0,0,5.82,1.42,7.20,2.35,3.06,1.73
19700,Austin Gordon,LAA,0,0,0,0,0,1,0,0,1.32,0,1.03,0.55,0.82,0,0,0,9.31,1.87,7.38,4.92,1.50,0.00
14766,MacKenzie Gore,TEX,29,29,12,0,0,163,9,11,161,22,75,66,183,0,0,0,4.14,1.39,10.10,3.64,2.77,1.21
10541,Anthony Gose,FA,0,0,0,0,0,1,0,0,0.99,0,0.55,0.58,0.97,0,0,0,4.91,1.57,8.77,5.26,1.67,0.00
16063,JJ Goss,ATH,0,0,0,0,0,1,0,0,1.08,0,0.73,0.59,0.7,0,0,0,6.61,1.67,6.27,5.28,1.19,0.00
13093,Trevor Gott,WSH,0,0,0,0,0,1,0,0,1.05,0,0.55,0.38,0.95,0,0,0,4.99,1.43,8.56,3.38,2.53,0.00
18759,Tyler Gough,LAD,0,0,0,0,0,1,0,0,1.18,0,0.89,0.9,0.67,0,0,0,8.01,2.09,6.01,8.14,0.74,0.00
14257,Kevin Gowdy,TOR,0,0,0,0,0,1,0,0,1.3,0,0.81,0.72,0.74,0,0,0,7.33,2.02,6.70,6.49,1.03,0.00
17488,Gordon Graceffo,STL,53,0,0,0,0,60,3,3,54,6,29,19,50,2,0,1,4.35,1.22,7.50,2.85,2.63,0.90
16217,Conor Grammes,ARI,0,0,0,0,0,1,0,0,1.07,0,0.72,0.97,0.96,0,0,0,6.48,2.04,8.60,8.73,0.99,0.00
18746,Andre Granillo,WSH,34,0,0,0,0,37,2,1,33,5,16,12,30,2,1,1,3.89,1.22,7.30,2.92,2.50,1.22
15221,Brusdar Graterol,LAD,49,0,0,0,0,48,3,1,36,4,18,15,40,6,1,2,3.38,1.06,7.50,2.81,2.67,0.75
13609,Kendall Graveman,FA,41,0,0,0,0,41,1,1,38,5,21,18,32,0,1,1,4.61,1.37,7.02,3.95,1.78,1.10
19747,Mavis Graves,PHI,0,0,0,0,0,1,0,0,1.27,0,1.05,1.17,0.9,0,0,0,9.46,2.45,8.14,10.57,0.77,0.00
17462,Drew Gray,CHC,0,0,0,0,0,1,0,0,0.92,0,0.62,0.89,0.92,0,0,0,5.53,1.81,8.24,8.02,1.03,0.00
12937,Jon Gray,FA,23,23,5,0,0,126,5,5,124,25,74,44,107,0,0,3,5.29,1.33,7.64,3.14,2.43,1.79
12129,Sonny Gray,BOS,29,29,14,0,0,174,13,8,161,20,73,41,195,0,0,0,3.78,1.16,10.09,2.12,4.76,1.03
15508,Josiah Gray,WSH,19,19,4,0,0,106,2,11,132,19,92,51,99,0,0,0,7.81,1.73,8.41,4.33,1.94,1.61
16392,Josh Green,FA,0,0,0,0,0,1,0,0,1.07,0,0.63,0.48,0.81,0,0,0,5.69,1.55,7.29,4.36,1.67,0.00
14217,Chad Green,FA,49,0,0,0,0,49,0,0,44,8,23,16,43,0,2,1,4.22,1.22,7.90,2.94,2.69,1.47
14034,Conner Greene,FA,0,0,0,0,0,1,0,0,1.13,0,0.77,0.77,0.85,0,0,0,6.97,1.91,7.66,6.97,1.10,0.00
14763,Hunter Greene,CIN,11,11,6,0,0,68,4,3,52,9,25,23,84,0,0,0,3.31,1.10,11.12,3.04,3.65,1.19
11968,Shane Greene,FA,0,0,0,0,0,1,0,0,1,0,0.57,0.5,0.94,0,0,0,5.13,1.50,8.46,4.50,1.88,0.00
18286,Zach Greene,NYY,0,0,0,0,0,1,0,0,0.98,0,0.57,0.49,0.96,0,0,0,5.10,1.46,8.65,4.39,1.97,0.00
19600,Trey Gregory-Alford,LAA,0,0,0,0,0,1,0,0,1.29,0,0.76,0.89,0.6,0,0,0,6.87,2.18,5.42,8.03,0.67,0.00
16836,Caden Grice,ARI,0,0,0,0,0,1,0,0,1,0,0.8,1.12,0.94,0,0,0,7.18,2.12,8.44,10.06,0.84,0.00
13391,Foster Griffin,WSH,29,21,12,0,0,125,7,7,120,15,57,38,112,0,0,0,4.10,1.26,8.06,2.74,2.95,1.08
19872,Marquis Grissom,WSH,0,0,0,0,0,1,0,0,1.03,0,0.54,0.54,0.84,0,0,0,4.82,1.56,7.53,4.82,1.56,0.00
14232,Jay Groome,FA,0,0,0,0,0,1,0,0,1.19,0,0.9,0.84,0.84,0,0,0,8.06,2.03,7.58,7.58,1.00,0.00
20427,Josh Grosz,ARI,0,0,0,0,0,1,0,0,1.1,0,0.81,0.72,0.79,0,0,0,7.26,1.82,7.14,6.49,1.10,0.00
15507,Michael Grove,FA,0,0,0,0,0,1,0,0,0.99,0,0.54,0.33,1.01,0,0,0,4.89,1.32,9.09,3.00,3.03,0.00
13784,Robert Gsellman,FA,0,0,0,0,0,1,0,0,1.24,0,1,0.56,0.8,0,0,0,9.00,1.80,7.20,5.04,1.43,0.00
20551,Richard Guasch,BAL,0,0,0,0,0,1,0,0,0.93,0,0.54,0.56,0.97,0,0,0,4.87,1.49,8.74,5.07,1.72,0.00
17598,Sean Guenther,DET,0,0,0,0,0,1,0,0,0.96,0,0.49,0.36,0.9,0,0,0,4.38,1.32,8.08,3.22,2.51,0.00
19163,Luis Guerrero,TB,23,0,0,0,0,25,0,1,20,3,10,10,20,0,0,0,3.60,1.20,7.20,3.60,2.00,1.08
13678,Tayron Guerrero,BOS,0,0,0,0,0,1,0,0,1.28,0,0.81,0.53,0.88,0,0,0,7.31,1.81,7.88,4.78,1.65,0.00
16865,Tyson Guerrero,KC,0,0,0,0,0,1,0,0,1.01,0,0.67,0.55,0.88,0,0,0,6.01,1.56,7.91,4.96,1.60,0.00
14527,Joe Gunkel,FA,0,0,0,0,0,1,0,0,1.78,0,1.23,0.32,0.52,0,0,0,11.03,2.10,4.72,2.92,1.62,0.00
19888,Harry Gustin,SD,0,0,0,0,0,1,0,0,1,0,0.5,0.58,0.9,0,0,0,4.54,1.58,8.10,5.21,1.55,0.00
19907,Ryan Gusto,MIA,31,5,0,0,0,54,2,2,61,10,35,20,51,0,0,0,5.83,1.50,8.50,3.33,2.55,1.67
13732,Vladimir Gutierrez,FA,0,0,0,0,0,1,0,0,0.98,0,0.57,0.5,0.93,0,0,0,5.15,1.47,8.35,4.47,1.87,0.00
16346,Luis Gutierrez,SD,0,0,0,0,0,1,0,0,1.23,0,0.82,0.64,0.73,0,0,0,7.42,1.87,6.55,5.74,1.14,0.00
15613,Alvin Guzman,ARI,0,0,0,0,0,1,0,0,0.96,0,0.54,0.77,0.76,0,0,0,4.84,1.74,6.86,6.97,0.98,0.00
15852,Carlos Guzman,NYM,0,0,0,0,0,1,0,0,0.92,0,0.57,0.57,0.89,0,0,0,5.14,1.50,8.04,5.14,1.56,0.00
16019,Zach Haake,FA,0,0,0,0,0,1,0,0,1.08,0,0.63,0.55,0.89,0,0,0,5.63,1.63,8.04,4.91,1.64,0.00
18851,Drue Hackenberg,ATL,0,0,0,0,0,1,0,0,1.09,0,0.76,0.78,0.83,0,0,0,6.82,1.86,7.47,6.98,1.07,0.00
13051,Josh Hader,HOU,54,0,0,0,0,57,5,4,39,7,19,21,68,0,25,3,3.00,1.05,10.74,3.32,3.24,1.11
19709,David Hagaman,ARI,0,0,0,0,0,1,0,0,0.92,0,0.53,0.38,0.94,0,0,0,4.80,1.30,8.48,3.45,2.46,0.00
19086,Justin Hagenman,NYM,25,0,0,0,0,29,1,1,26,4,13,8,25,0,1,0,4.03,1.17,7.76,2.48,3.13,1.24
11454,Jesse Hahn,TOR,0,0,0,0,0,1,0,0,1.02,0,0.65,0.62,0.91,0,0,0,5.81,1.64,8.16,5.59,1.46,0.00
17396,Steven Hajjar,PIT,0,0,0,0,0,1,0,0,0.87,0,0.81,1.13,0.83,0,0,0,7.31,2.00,7.51,10.13,0.74,0.00
16908,Jeffrey Hakanson,FA,0,0,0,0,0,1,0,0,0.98,0,0.79,0.7,0.88,0,0,0,7.07,1.68,7.88,6.26,1.26,0.00
19036,Skylar Hales,STL,0,0,0,0,0,1,0,0,0.99,0,0.67,0.44,0.92,0,0,0,6.00,1.43,8.25,4.00,2.07,0.00
19001,Tanner Hall,MIN,0,0,0,0,0,1,0,0,1.36,0,1.05,0.95,0.62,0,0,0,9.49,2.31,5.61,8.58,0.65,0.00
19255,Dylan Hall,ATH,0,0,0,0,0,1,0,0,1.24,0,0.78,0.68,0.81,0,0,0,7.00,1.92,7.33,6.12,1.20,0.00
19550,Owen Hall,DET,0,0,0,0,0,1,0,0,0.95,0,0.7,0.7,0.9,0,0,0,6.30,1.65,8.10,6.30,1.29,0.00
14776,DL Hall,MIL,47,1,0,0,0,54,2,2,46,6,23,20,46,4,1,1,3.83,1.22,7.67,3.33,2.30,1.00
20078,Patrick Halligan,BOS,0,0,0,0,0,1,0,0,1.05,0,0.61,0.53,0.91,0,0,0,5.46,1.58,8.15,4.75,1.72,0.00
19878,Seth Halvorsen,COL,57,0,0,0,0,58,4,4,50,8,24,20,50,6,14,5,3.72,1.21,7.76,3.10,2.50,1.24
17383,Dom Hamel,NYY,48,4,1,0,0,70,1,1,61,8,31,23,58,0,0,0,3.99,1.20,7.46,2.96,2.52,1.03
15728,Ian Hamilton,ATL,48,0,0,0,0,49,2,2,41,5,20,19,46,5,0,2,3.67,1.22,8.45,3.49,2.42,0.92
19048,Jaden Hamm,DET,0,0,0,0,0,1,0,0,1.01,0,0.61,0.52,0.83,0,0,0,5.47,1.53,7.50,4.69,1.60,0.00
20806,Dan Hammer,NYM,0,0,0,0,0,1,0,0,1.17,0,0.81,0.96,0.9,0,0,0,7.26,2.14,8.12,8.68,0.93,0.00
16818,Chase Hampton,NYY,0,0,0,0,0,1,0,0,0.96,0,0.56,0.51,0.94,0,0,0,5.03,1.47,8.49,4.56,1.86,0.00
20348,Tyler Hampu,COL,0,0,0,0,0,1,0,0,0.92,0,0.55,0.98,0.77,0,0,0,4.95,1.89,6.97,8.80,0.79,0.00
16670,Emerson Hancock,SEA,29,9,1,0,0,63,1,1,62,9,31,21,45,0,0,0,4.43,1.32,6.43,3.00,2.14,1.29
14382,Brenan Hanifee,DET,53,0,0,0,0,55,2,2,53,6,23,16,43,8,1,2,3.76,1.25,7.04,2.62,2.69,0.98
15412,Ethan Hankins,FA,0,0,0,0,0,1,0,0,1,0,0.62,0.62,0.9,0,0,0,5.57,1.62,8.14,5.57,1.46,0.00
19886,Bradley Hanner,NYY,0,0,0,0,0,1,0,0,1.01,0,0.6,0.66,0.94,0,0,0,5.38,1.67,8.42,5.94,1.42,0.00
18037,Pete Hansen,STL,0,0,0,0,0,1,0,0,1.23,0,0.69,0.49,0.73,0,0,0,6.17,1.71,6.56,4.40,1.49,0.00
20455,Ryan Harbin,PIT,0,0,0,0,0,1,0,0,1.02,0,0.64,0.72,1,0,0,0,5.78,1.74,8.99,6.52,1.38,0.00
20096,Tyson Hardin,MIL,0,0,0,0,0,1,0,0,1.2,0,0.51,0.32,0.79,0,0,0,4.63,1.52,7.13,2.85,2.50,0.00
19936,Sean Harney,ARI,0,0,0,0,0,1,0,0,1.01,0,0.62,0.57,0.82,0,0,0,5.53,1.57,7.42,5.09,1.46,0.00
20068,Landon Harper,ATL,0,0,0,0,0,1,0,0,1.1,0,0.59,0.31,0.72,0,0,0,5.27,1.41,6.52,2.78,2.34,0.00
17961,Thomas Harrington,PIT,9,3,1,0,0,21,1,1,20,3,11,8,17,0,0,0,4.71,1.33,7.29,3.43,2.13,1.29
17776,Hobie Harris,BOS,0,0,0,0,0,1,0,0,1.11,0,0.63,0.61,0.88,0,0,0,5.64,1.72,7.95,5.52,1.44,0.00
19856,Trent Harris,SF,0,0,0,0,0,1,0,0,0.95,0,0.49,0.44,0.94,0,0,0,4.41,1.39,8.47,3.97,2.13,0.00
19280,Hayden Harris,ATL,30,0,0,0,0,31,1,1,27,4,13,11,25,0,0,0,3.77,1.23,7.26,3.19,2.27,1.16
15516,Hogan Harris,ATH,57,0,12,0,0,65,2,4,57,7,29,28,57,10,12,3,4.02,1.31,7.89,3.88,2.04,0.97
16741,Kyle Harrison,MIL,17,17,2,0,0,99,5,2,90,15,47,36,95,2,0,0,4.27,1.27,8.64,3.27,2.64,1.36
19052,Trevor Harrison,TB,0,0,0,0,0,1,0,0,1.11,0,0.64,0.77,0.71,0,0,0,5.75,1.88,6.43,6.94,0.93,0.00
18831,Devereaux Harrison,TOR,0,0,0,0,0,1,0,0,1.06,0,0.66,0.7,0.76,0,0,0,5.93,1.76,6.84,6.31,1.08,0.00
16250,Kyle Hart,SD,27,9,2,0,0,66,2,2,57,11,35,22,55,0,0,0,4.77,1.20,7.50,3.00,2.50,1.50
17336,Josh Hartle,CLE,0,0,0,0,0,1,0,0,0.98,0,0.5,0.52,0.78,0,0,0,4.48,1.49,6.98,4.65,1.50,0.00
15817,Geoff Hartlieb,ATH,0,0,0,0,0,1,0,0,1.06,0,0.59,0.44,0.94,0,0,0,5.31,1.51,8.45,4.00,2.11,0.00
16882,Jack Hartman,TB,0,0,0,0,0,1,0,0,0.98,0,0.52,0.61,0.82,0,0,0,4.69,1.59,7.36,5.49,1.34,0.00
18733,Grant Hartwig,MIN,0,0,0,0,0,1,0,0,1.03,0,0.53,0.51,0.96,0,0,0,4.75,1.54,8.61,4.55,1.89,0.00
12957,Hunter Harvey,CHC,52,0,0,0,0,53,3,2,44,5,19,16,48,18,4,3,3.23,1.13,8.15,2.72,3.00,0.85
14370,Thomas Hatch,ARI,0,0,0,0,0,1,0,0,1.09,0,0.6,0.43,0.81,0,0,0,5.36,1.51,7.27,3.83,1.90,0.00
18390,Garrett Hawkins,SD,0,0,0,0,0,1,0,0,0.87,0,0.47,0.54,0.95,0,0,0,4.19,1.41,8.51,4.90,1.74,0.00
20030,Luke Hayden,CIN,0,0,0,0,0,1,0,0,1.02,0,0.72,1.05,0.64,0,0,0,6.44,2.07,5.75,9.44,0.61,0.00
16897,Jagger Haynes,SD,0,0,0,0,0,1,0,0,0.99,0,0.74,0.94,0.76,0,0,0,6.68,1.93,6.88,8.45,0.81,0.00
18271,Brent Headrick,NYY,40,0,0,0,0,42,2,1,35,6,18,15,39,8,1,1,3.86,1.19,8.36,3.21,2.60,1.29
12463,Andrew Heaney,FA,22,22,6,0,0,116,4,8,117,20,61,37,101,0,0,0,4.73,1.33,7.84,2.87,2.73,1.55
16316,Jonathan Heasley,KC,0,0,0,0,0,1,0,0,1.11,0,0.66,0.41,0.82,0,0,0,5.92,1.52,7.42,3.67,2.02,0.00
14817,Jacob Heatherly,CWS,0,0,0,0,0,1,0,0,0.87,0,0.84,1.35,1.07,0,0,0,7.55,2.22,9.66,12.13,0.80,0.00
18660,Duque Hebbert,DET,0,0,0,0,0,1,0,0,1.16,0,0.78,0.49,0.74,0,0,0,7.02,1.65,6.63,4.43,1.50,0.00
20505,Silvano Hechavarria,TOR,0,0,0,0,0,1,0,0,1.05,0,0.5,0.48,0.75,0,0,0,4.54,1.53,6.72,4.32,1.56,0.00
19679,Dylan Heid,BAL,0,0,0,0,0,1,0,0,0.92,0,0.47,0.6,0.91,0,0,0,4.24,1.53,8.20,5.44,1.51,0.00
14498,Ben Heller,CHC,0,0,0,0,0,1,0,0,0.95,0,0.53,0.45,1.04,0,0,0,4.77,1.40,9.37,4.05,2.31,0.00
14404,Ryan Helsley,BAL,63,0,0,0,0,64,5,4,54,7,25,24,67,0,31,7,3.52,1.22,9.42,3.38,2.79,0.98
19494,Clay Helvey,FA,0,0,0,0,0,1,0,0,1.09,0,0.76,0.74,0.97,0,0,0,6.80,1.83,8.70,6.69,1.30,0.00
11519,Heath Hembree,SEA,0,0,0,0,0,1,0,0,0.97,0,0.5,0.42,0.96,0,0,0,4.45,1.39,8.64,3.78,2.29,0.00
16873,Tink Hence,STL,0,0,0,0,0,1,0,0,0.96,0,0.52,0.49,0.94,0,0,0,4.72,1.45,8.42,4.41,1.91,0.00
18884,Ixan Henderson,STL,0,0,0,0,0,1,0,0,0.95,0,0.45,0.62,0.77,0,0,0,4.09,1.58,6.92,5.59,1.24,0.00
17517,Logan Henderson,MIL,29,14,5,0,0,86,5,5,70,10,33,29,82,0,0,0,3.45,1.15,8.58,3.03,2.83,1.05
12649,Kyle Hendricks,FA,29,27,10,0,0,148,6,10,155,21,80,39,100,0,0,0,4.87,1.31,6.09,2.38,2.56,1.28
11422,Liam Hendriks,FA,24,0,0,0,0,24,3,2,20,3,11,8,20,9,2,3,4.13,1.17,7.50,3.00,2.50,1.13
15028,Ryan Hendrix,FA,0,0,0,0,0,1,0,0,1.06,0,0.76,0.69,1.04,0,0,0,6.81,1.74,9.39,6.17,1.52,0.00
16626,Blair Henley,FA,0,0,0,0,0,1,0,0,1.14,0,0.73,0.67,0.85,0,0,0,6.59,1.81,7.64,6.03,1.27,0.00
15695,Ronny Henriquez,MIA,0,0,0,0,0,0,0,0,0,0,0,0,0,0,0,0,0.00,0.00,0.00,0.00,0.00,0.00
18162,Edgardo Henriquez,LAD,29,0,0,0,0,29,2,1,25,4,12,11,25,6,1,2,3.72,1.24,7.76,3.41,2.27,1.24
15324,Henry Henry,FA,0,0,0,0,0,1,0,0,1.14,0,0.8,0.73,0.83,0,0,0,7.21,1.87,7.43,6.53,1.14,0.00
16095,Tommy Henry,ARI,0,0,0,0,0,1,0,0,1.18,0,0.72,0.5,0.83,0,0,0,6.46,1.68,7.43,4.54,1.64,0.00
16714,Cole Henry,WSH,66,0,0,0,0,64,2,3,53,9,29,31,59,16,10,3,4.08,1.31,8.30,4.36,1.90,1.27
13487,Sam Hentges,SF,53,0,0,0,0,51,2,2,43,5,21,17,47,0,0,1,3.71,1.18,8.29,3.00,2.76,0.88
15014,Lincoln Henzman,ATH,0,0,0,0,0,1,0,0,1.08,0,0.58,0.41,0.86,0,0,0,5.26,1.50,7.76,3.73,2.08,0.00
17905,Nathanael Heredia,STL,0,0,0,0,0,1,0,0,0.91,0,0.59,0.96,0.83,0,0,0,5.28,1.88,7.49,8.66,0.86,0.00
18228,Kevin Herget,NYM,0,0,0,0,0,1,0,0,0.99,0,0.47,0.35,0.89,0,0,0,4.26,1.35,8.00,3.18,2.52,0.00
15363,Jimmy Herget,COL,66,2,0,0,0,78,3,3,72,10,32,25,72,0,0,2,3.69,1.24,8.31,2.88,2.88,1.15
18223,Sean Hermann,SEA,0,0,0,0,0,1,0,0,1.18,0,0.77,0.82,0.61,0,0,0,6.92,1.99,5.52,7.35,0.75,0.00
18711,Nick Hernandez,ATH,0,0,0,0,0,1,0,0,0.87,0,0.47,0.51,1.04,0,0,0,4.20,1.37,9.38,4.55,2.06,0.00
18281,Jose Hernandez,LAD,0,0,0,0,0,1,0,0,0.96,0,0.56,0.54,0.98,0,0,0,5.05,1.50,8.83,4.83,1.83,0.00
18318,Joseph Hernandez,FA,0,0,0,0,0,1,0,0,1.04,0,0.73,0.73,0.79,0,0,0,6.53,1.76,7.15,6.53,1.10,0.00
17878,Adrian Hernandez,FA,0,0,0,0,0,1,0,0,0.97,0,0.64,0.73,0.92,0,0,0,5.73,1.70,8.24,6.57,1.25,0.00
17589,Cristian Hernandez,NYY,0,0,0,0,0,1,0,0,1.09,0,0.59,0.44,0.9,0,0,0,5.35,1.53,8.06,3.95,2.04,0.00
18799,Diego Hernandez,BOS,0,0,0,0,0,1,0,0,1.05,0,0.82,1.4,0.95,0,0,0,7.42,2.45,8.55,12.60,0.68,0.00
19708,Herick Hernandez,ATL,0,0,0,0,0,1,0,0,0.87,0,0.59,0.88,0.94,0,0,0,5.35,1.75,8.49,7.93,1.07,0.00
19980,Jakob Hernandez,BAL,0,0,0,0,0,1,0,0,0.91,0,0.48,0.46,0.97,0,0,0,4.36,1.37,8.70,4.18,2.08,0.00
20076,Melvin Hernandez,MIL,0,0,0,0,0,1,0,0,1.24,0,0.61,0.42,0.62,0,0,0,5.50,1.66,5.58,3.75,1.49,0.00
19892,Allan Hernandez,FA,0,0,0,0,0,1,0,0,0.94,0,0.58,0.76,0.88,0,0,0,5.26,1.70,7.88,6.80,1.16,0.00
15338,Carlos Hernandez,CLE,24,0,0,0,0,24,0,0,22,3,12,10,21,0,0,1,4.50,1.33,7.88,3.75,2.10,1.13
15283,Elieser Hernandez,ATL,0,0,0,0,0,1,0,0,0.96,0,0.57,0.38,0.9,0,0,0,5.16,1.34,8.13,3.46,2.35,0.00
15462,Aaron Hernandez,FA,0,0,0,0,0,1,0,0,0.96,0,0.57,0.49,0.9,0,0,0,5.10,1.45,8.09,4.44,1.82,0.00
16775,Ben Hernandez,SEA,0,0,0,0,0,1,0,0,1.27,0,0.79,0.82,0.65,0,0,0,7.15,2.09,5.83,7.38,0.79,0.00
17208,Daysbel Hernandez,ATL,30,0,0,0,0,31,2,2,27,4,13,13,29,0,0,1,3.77,1.29,8.42,3.77,2.23,1.16
15025,Wilkel Hernandez,FA,0,0,0,0,0,1,0,0,1.18,0,0.74,0.58,0.69,0,0,0,6.70,1.76,6.19,5.19,1.19,0.00
14756,Jonathan Hernandez,PHI,0,0,0,0,0,1,0,0,0.96,0,0.47,0.5,0.94,0,0,0,4.22,1.46,8.43,4.53,1.86,0.00
20085,Welinton Herrera,COL,0,0,0,0,0,1,0,0,0.99,0,0.54,0.68,1.06,0,0,0,4.88,1.66,9.54,6.08,1.57,0.00
19479,Yujanyer Herrera,COL,0,0,0,0,0,1,0,0,1.16,0,0.75,0.71,0.75,0,0,0,6.72,1.87,6.72,6.39,1.05,0.00
17253,Eduardo Herrera,NYM,0,0,0,0,0,1,0,0,0.95,0,0.53,0.69,0.93,0,0,0,4.77,1.63,8.37,6.17,1.36,0.00
18273,Tim Herrin,CLE,54,0,0,0,0,52,3,3,44,5,23,23,49,10,1,2,3.98,1.29,8.48,3.98,2.13,0.87
19628,Griffin Herring,COL,0,0,0,0,0,1,0,0,0.79,0,0.38,0.71,0.9,0,0,0,3.44,1.50,8.13,6.38,1.27,0.00
19714,Cole Hertzler,HOU,0,0,0,0,0,1,0,0,0.98,0,0.4,0.5,0.95,0,0,0,3.60,1.48,8.55,4.50,1.90,0.00
16214,DJ Herz,WSH,19,0,0,0,0,22,1,1,19,3,10,9,26,0,0,0,4.09,1.27,10.64,3.68,2.89,1.23
16117,Zack Hess,FA,0,0,0,0,0,1,0,0,1.11,0,0.74,0.76,0.92,0,0,0,6.62,1.88,8.25,6.88,1.20,0.00
19532,Ben Hess,NYY,0,0,0,0,0,1,0,0,0.81,0,0.59,0.73,1,0,0,0,5.34,1.54,8.98,6.53,1.38,0.00
17393,Peter Heubeck,LAD,0,0,0,0,0,1,0,0,0.93,0,0.79,0.94,0.91,0,0,0,7.10,1.88,8.15,8.50,0.96,0.00
17025,Codi Heuer,CLE,0,0,0,0,0,1,0,0,0.97,0,0.5,0.41,0.99,0,0,0,4.51,1.39,8.87,3.73,2.38,0.00
16907,Mason Hickman,FA,0,0,0,0,0,1,0,0,1.05,0,0.78,0.75,0.93,0,0,0,7.03,1.80,8.41,6.72,1.25,0.00
13912,Jordan Hicks,CWS,52,1,0,0,0,57,2,3,58,5,30,24,52,9,2,2,4.74,1.44,8.21,3.79,2.17,0.79
19386,James Hicks,HOU,0,0,0,0,0,1,0,0,1.3,0,0.71,0.45,0.83,0,0,0,6.39,1.76,7.43,4.07,1.83,0.00
17614,Alejandro Hidalgo,MIN,0,0,0,0,0,1,0,0,1.2,0,1.04,0.94,0.86,0,0,0,9.33,2.15,7.72,8.48,0.91,0.00
18287,Jake Higginbotham,FA,0,0,0,0,0,1,0,0,1.17,0,0.66,0.5,0.92,0,0,0,5.94,1.68,8.25,4.51,1.83,0.00
19536,Dasan Hill,MIN,0,0,0,0,0,1,0,0,0.95,0,0.6,0.94,0.95,0,0,0,5.38,1.88,8.51,8.42,1.01,0.00
7965,Rich Hill,FA,0,0,0,0,0,1,0,0,1.03,0,0.59,0.45,0.92,0,0,0,5.27,1.48,8.25,4.01,2.06,0.00
16017,Garrett Hill,SEA,0,0,0,0,0,1,0,0,1.02,0,0.66,0.82,0.89,0,0,0,5.97,1.84,8.02,7.41,1.08,0.00
15471,Jaden Hill,COL,52,0,0,0,0,53,2,3,45,7,23,19,44,4,1,2,3.91,1.21,7.47,3.23,2.32,1.19
15248,Tim Hill,NYY,66,0,0,0,0,66,3,3,65,7,28,20,43,13,2,3,3.82,1.29,5.86,2.73,2.15,0.95
13855,Juan Hillman,FA,0,0,0,0,0,1,0,0,1.46,0,0.82,0.63,0.48,0,0,0,7.39,2.09,4.34,5.63,0.77,0.00
20130,Yaramil Hiraldo,BAL,34,0,0,0,0,35,1,1,29,5,16,13,30,3,0,2,4.11,1.20,7.71,3.34,2.31,1.29
16833,Grayson Hitt,ARI,0,0,0,0,0,1,0,0,1.14,0,0.83,1.14,0.86,0,0,0,7.49,2.29,7.72,10.30,0.75,0.00
15426,Sean Hjelle,FA,0,0,0,0,0,1,0,0,1.1,0,0.58,0.38,0.86,0,0,0,5.22,1.48,7.73,3.41,2.27,0.00
17952,Cooper Hjerpe,STL,0,0,0,0,0,1,0,0,0.82,0,0.59,0.79,1.01,0,0,0,5.31,1.62,9.08,7.13,1.27,0.00
20062,Michael Hobbs,SEA,0,0,0,0,0,1,0,0,0.92,0,0.49,1.04,0.82,0,0,0,4.42,1.96,7.42,9.37,0.79,0.00
18298,Porter Hodge,CHC,47,0,0,0,0,48,2,2,40,7,22,19,46,5,1,2,4.13,1.23,8.63,3.56,2.42,1.31
17881,Bryan Hoeing,SD,0,0,0,0,0,0,0,0,0,0,0,0,0,0,0,0,0.00,0.00,0.00,0.00,0.00,0.00
17712,Nolan Hoffman,PHI,18,0,0,0,0,19,1,1,16,2,9,7,16,0,0,0,4.26,1.21,7.58,3.32,2.29,0.95
13345,Jeff Hoffman,TOR,64,0,0,0,0,63,5,3,48,8,24,22,71,2,27,5,3.43,1.11,10.14,3.14,3.23,1.14
18106,Andrew Hoffmann,ARI,39,0,0,0,0,40,2,2,36,6,18,17,34,0,0,7,4.05,1.33,7.65,3.83,2.00,1.35
15452,Gunnar Hoglund,ATH,16,6,2,0,0,43,1,1,41,8,23,15,34,0,0,0,4.81,1.30,7.12,3.14,2.27,1.67
18044,Colby Holcombe,TOR,0,0,0,0,0,1,0,0,1.23,0,0.84,0.84,0.74,0,0,0,7.60,2.07,6.70,7.60,0.88,0.00
17820,Colin Holderman,CLE,39,0,0,0,0,38,1,2,36,4,19,16,33,5,0,2,4.50,1.37,7.82,3.79,2.06,0.95
17823,Aaron Holiday,STL,0,0,0,0,0,1,0,0,1.01,0,0.65,0.75,0.94,0,0,0,5.89,1.76,8.43,6.71,1.26,0.00
19011,Hunter Hollan,CIN,0,0,0,0,0,1,0,0,1.03,0,0.65,0.7,0.9,0,0,0,5.85,1.72,8.10,6.30,1.29,0.00
15789,Jordan Holloway,FA,0,0,0,0,0,1,0,0,1.01,0,0.67,0.78,0.99,0,0,0,6.03,1.78,8.94,7.00,1.28,0.00
16362,Gavin Hollowell,CHC,18,0,0,0,0,18,1,1,16,2,8,6,15,0,0,0,4.00,1.22,7.50,3.00,2.50,1.00
17397,Grant Holman,ARI,19,0,0,0,0,19,2,2,17,2,8,7,16,0,0,1,3.79,1.26,7.58,3.32,2.29,0.95
17454,Luke Holman,CIN,0,0,0,0,0,1,0,0,0.8,0,0.43,0.47,0.93,0,0,0,3.83,1.28,8.33,4.27,1.95,0.00
19660,Bridger Holmes,LAA,0,0,0,0,0,1,0,0,0.97,0,0.73,0.68,0.98,0,0,0,6.53,1.64,8.85,6.08,1.46,0.00
13374,Grant Holmes,ATL,30,25,10,0,0,142,5,9,129,17,60,51,147,0,0,0,3.80,1.27,9.32,3.23,2.88,1.08
14607,Clay Holmes,NYM,29,29,3,0,0,159,11,9,142,13,60,59,153,0,0,0,3.40,1.26,8.66,3.34,2.59,0.74
19724,John Holobetz,BOS,0,0,0,0,0,1,0,0,1.13,0,0.56,0.29,0.73,0,0,0,5.03,1.42,6.61,2.65,2.50,0.00
17415,Carter Holton,ATL,0,0,0,0,0,1,0,0,0.93,0,0.6,0.55,0.95,0,0,0,5.40,1.48,8.55,4.95,1.73,0.00
15550,Tyler Holton,DET,67,1,0,0,0,72,5,3,52,9,24,16,59,14,2,2,3.00,0.94,7.38,2.00,3.69,1.13
19185,Blake Holub,MIL,0,0,0,0,0,1,0,0,1.02,0,0.61,0.72,0.95,0,0,0,5.45,1.74,8.59,6.45,1.33,0.00
13442,Brent Honeywell,SF,0,0,0,0,0,1,0,0,0.99,0,0.52,0.41,0.81,0,0,0,4.72,1.39,7.30,3.65,2.00,0.00
19464,Anthony Hoopii-Tuionetoa,TEX,0,0,0,0,0,1,0,0,0.98,0,0.54,0.44,0.91,0,0,0,4.84,1.41,8.19,3.94,2.08,0.00
19360,Brody Hopkins,TB,0,0,0,0,0,1,0,0,0.92,0,0.53,0.81,0.89,0,0,0,4.78,1.73,8.04,7.28,1.10,0.00
19286,Alex Hoppe,SEA,0,0,0,0,0,1,0,0,1.21,0,0.71,0.69,0.91,0,0,0,6.43,1.90,8.15,6.20,1.31,0.00
16898,Bailey Horn,DET,45,0,0,0,0,46,3,3,41,6,20,18,38,2,0,2,3.91,1.28,7.43,3.52,2.11,1.17
20444,Garrett Horn,MIN,0,0,0,0,0,1,0,0,0.97,0,0.54,0.56,0.94,0,0,0,4.88,1.53,8.48,5.02,1.69,0.00
16716,Cade Horton,CHC,23,23,6,0,0,129,11,6,104,11,38,35,106,0,0,0,2.65,1.08,7.40,2.44,3.03,0.77
14791,Tanner Houck,BOS,5,5,2,0,0,25,1,2,28,4,16,9,21,0,0,0,5.76,1.48,7.56,3.24,2.33,1.44
12199,Adrian Houser,SF,25,25,7,0,0,139,6,5,143,14,66,49,103,0,0,0,4.27,1.38,6.67,3.17,2.10,0.91
15496,Zac Houston,FA,0,0,0,0,0,1,0,0,0.97,0,0.72,0.73,1.13,0,0,0,6.45,1.70,10.20,6.60,1.55,0.00
14923,Spencer Howard,FA,0,0,0,0,0,1,0,0,1.13,0,0.7,0.46,1.02,0,0,0,6.30,1.60,9.14,4.18,2.19,0.00
17986,Bryce Hubbart,CIN,0,0,0,0,0,1,0,0,1.25,0,0.84,0.9,0.84,0,0,0,7.56,2.15,7.56,8.11,0.93,0.00
19038,Wyatt Hudepohl,NYM,0,0,0,0,0,1,0,0,1.3,0,0.75,0.95,0.8,0,0,0,6.75,2.25,7.20,8.55,0.84,0.00
13894,Bryan Hudson,NYM,32,0,0,0,0,34,1,1,29,4,15,14,30,1,0,1,3.97,1.26,7.94,3.71,2.14,1.06
14240,Dakota Hudson,FA,0,0,0,0,0,1,0,0,1.37,0,0.81,0.49,0.59,0,0,0,7.30,1.86,5.33,4.41,1.21,0.00
10645,Daniel Hudson,FA,0,0,0,0,0,1,0,0,0.85,0,0.39,0.35,1,0,0,0,3.54,1.20,8.96,3.15,2.84,0.00
18084,Kenya Huggins,ATH,0,0,0,0,0,1,0,0,1.03,0,0.68,0.65,0.79,0,0,0,6.16,1.69,7.07,5.89,1.20,0.00
17941,Gabriel Hughes,COL,0,0,0,0,0,1,0,0,1.05,0,0.68,0.49,0.78,0,0,0,6.08,1.54,7.03,4.43,1.59,0.00
17888,Brandon Hughes,CHC,0,0,0,0,0,1,0,0,1.05,0,0.58,0.49,0.95,0,0,0,5.19,1.54,8.57,4.42,1.94,0.00
13883,Jonathan Hughes,FA,0,0,0,0,0,1,0,0,1,0,0.57,0.6,0.73,0,0,0,5.17,1.59,6.57,5.37,1.22,0.00
18038,Jackson Humphries,CLE,0,0,0,0,0,1,0,0,1.09,0,1.04,1.35,0.8,0,0,0,9.40,2.43,7.24,12.12,0.60,0.00
19765,K.C. Hunt,MIL,0,0,0,0,0,1,0,0,1.02,0,0.63,0.5,0.86,0,0,0,5.66,1.52,7.76,4.50,1.72,0.00
14856,Kyle Hurt,LAD,15,4,1,0,0,32,1,1,27,4,13,11,27,0,0,0,3.66,1.19,7.59,3.09,2.45,1.13
19341,Joel Hurtado,LAA,0,0,0,0,0,1,0,0,1.18,0,0.7,0.68,0.67,0,0,0,6.29,1.86,5.99,6.14,0.98,0.00
20404,Daviel Hurtado,NYM,0,0,0,0,0,1,0,0,1.1,0,0.58,0.71,0.83,0,0,0,5.23,1.81,7.44,6.40,1.16,0.00
17475,Brant Hurter,DET,47,0,0,0,0,53,4,2,44,5,18,17,47,10,1,2,3.06,1.15,7.98,2.89,2.76,0.85
18394,Joel Ibarra,FA,0,0,0,0,0,1,0,0,0.9,0,0.82,1.25,0.85,0,0,0,7.42,2.15,7.65,11.25,0.68,0.00
13217,Raisel Iglesias,ATL,66,0,0,0,0,66,5,4,53,7,24,18,66,2,30,4,3.27,1.08,9.00,2.45,3.67,0.95
20530,Tatsuya Imai,HOU,30,30,15,0,0,171,9,10,135,21,65,57,159,0,0,0,3.43,1.12,8.38,3.00,2.79,1.11
18478,Shota Imanaga,CHC,25,25,15,0,0,152,11,6,126,29,57,26,136,0,0,0,3.38,1.00,8.05,1.54,5.23,1.72
18262,Kolton Ingram,ATL,0,0,0,0,0,1,0,0,0.93,0,0.51,0.52,0.93,0,0,0,4.57,1.46,8.38,4.72,1.77,0.00
20023,Jojo Ingrassia,BOS,0,0,0,0,0,1,0,0,0.88,0,0.47,0.51,1,0,0,0,4.23,1.39,9.04,4.62,1.96,0.00
18187,Jairo Iriarte,CWS,19,0,0,0,0,20,0,1,17,2,8,8,17,0,0,0,3.60,1.25,7.65,3.60,2.13,0.90
15034,Cole Irvin,LAD,0,0,0,0,0,1,0,0,1.07,0,0.52,0.29,0.77,0,0,0,4.69,1.36,6.94,2.61,2.66,0.00
15546,Jake Irvin,WSH,28,17,7,0,0,105,5,7,105,19,58,36,80,0,0,0,4.97,1.34,6.86,3.09,2.22,1.63
15001,Tyler Ivey,FA,0,0,0,0,0,1,0,0,1.25,0,0.88,0.72,0.7,0,0,0,7.89,1.97,6.32,6.48,0.97,0.00
18030,Ashton Izzi,ARI,0,0,0,0,0,1,0,0,1.34,0,0.86,0.78,0.71,0,0,0,7.78,2.12,6.42,7.00,0.92,0.00
19897,Jordan Jackson,SEA,0,0,0,0,0,1,0,0,1.46,0,1.07,0.7,0.72,0,0,0,9.65,2.17,6.50,6.31,1.03,0.00
14369,Zach Jackson,ATH,0,0,0,0,0,1,0,0,0.96,0,0.63,0.7,1.05,0,0,0,5.71,1.66,9.41,6.27,1.50,0.00
10767,Jay Jackson,FA,0,0,0,0,0,1,0,0,0.95,0,0.55,0.35,0.99,0,0,0,4.99,1.29,8.93,3.11,2.87,0.00
11530,Luke Jackson,FA,48,0,0,0,0,48,2,2,41,5,21,20,44,0,1,2,3.94,1.27,8.25,3.75,2.20,0.94
18743,Alek Jacob,SD,26,0,0,0,0,27,1,1,22,3,11,9,23,2,0,1,3.67,1.15,7.67,3.00,2.56,1.00
20839,Tanner Jacobson,FA,0,0,0,0,0,1,0,0,1.03,0,0.71,1.03,0.9,0,0,0,6.38,2.06,8.14,9.25,0.88,0.00
18828,Joe Jacques,NYM,6,0,0,0,0,6,0,0,5,1,3,2,5,0,0,0,4.50,1.17,7.50,3.00,2.50,1.50
15377,Josh James,FA,0,0,0,0,0,1,0,0,1.12,0,0.84,0.68,0.92,0,0,0,7.56,1.80,8.28,6.12,1.35,0.00
16093,Drey Jameson,ARI,55,0,0,0,0,55,3,3,50,6,23,23,42,7,4,4,3.76,1.33,6.87,3.76,1.83,0.98
19130,Hyun-Seok Jang,LAD,0,0,0,0,0,1,0,0,0.87,0,0.98,1.23,1,0,0,0,8.82,2.11,8.98,11.11,0.81,0.00
11289,Kenley Jansen,DET,59,0,0,0,0,59,4,3,46,7,23,21,57,0,32,4,3.51,1.14,8.69,3.20,2.71,1.07
16697,Bryce Jarvis,ARI,0,0,0,0,0,1,0,0,1.18,0,0.86,0.63,0.79,0,0,0,7.71,1.81,7.15,5.68,1.26,0.00
17923,Justin Jarvis,LAD,0,0,0,0,0,1,0,0,1.17,0,0.8,0.67,0.76,0,0,0,7.16,1.83,6.87,5.99,1.15,0.00
14482,Cristian Javier,HOU,25,25,9,0,0,140,7,7,121,16,66,58,121,0,0,0,4.24,1.28,7.78,3.73,2.09,1.03
14343,Griffin Jax,TB,67,0,0,0,0,66,4,7,55,6,26,19,76,13,14,5,3.55,1.12,10.36,2.59,4.00,0.82
13813,Tyler Jay,MIL,0,0,0,0,0,1,0,0,0.98,0,0.49,0.42,0.84,0,0,0,4.37,1.40,7.55,3.77,2.00,0.00
14272,Daulton Jefferies,FA,0,0,0,0,0,1,0,0,1.08,0,0.61,0.38,0.85,0,0,0,5.47,1.46,7.61,3.46,2.20,0.00
14810,Steven Jennings,TEX,0,0,0,0,0,1,0,0,1,0,0.58,0.47,0.86,0,0,0,5.19,1.47,7.71,4.25,1.82,0.00
18130,Ryan Jennings,TOR,0,0,0,0,0,1,0,0,1.02,0,0.53,0.69,0.97,0,0,0,4.78,1.72,8.76,6.25,1.40,0.00
16227,Ryan Jensen,CHC,0,0,0,0,0,1,0,0,1.01,0,0.74,0.99,1.04,0,0,0,6.67,1.99,9.34,8.89,1.05,0.00
19662,Luke Jewett,COL,0,0,0,0,0,1,0,0,1.11,0,0.69,0.63,0.81,0,0,0,6.19,1.74,7.30,5.68,1.29,0.00
19773,Ronaldys Jimenez,PIT,0,0,0,0,0,1,0,0,1.08,0,1,2.08,0.88,0,0,0,9.00,3.15,7.88,18.68,0.42,0.00
19292,Antonio Jimenez,SF,0,0,0,0,0,1,0,0,1.03,0,0.61,0.74,0.87,0,0,0,5.53,1.77,7.79,6.65,1.17,0.00
18395,Carlos Jimenez,FA,0,0,0,0,0,1,0,0,0.92,0,0.65,1.19,0.91,0,0,0,5.89,2.12,8.20,10.75,0.76,0.00
16515,Dany Jimenez,FA,0,0,0,0,0,1,0,0,0.84,0,0.54,0.54,0.98,0,0,0,4.84,1.38,8.78,4.84,1.81,0.00
13724,Joe Jimenez,ATL,40,0,0,0,0,40,1,1,32,4,14,12,43,0,0,2,3.15,1.10,9.68,2.70,3.58,0.90
17304,Jackson Jobe,DET,0,0,0,0,0,1,0,0,0.93,0,0.48,0.48,0.88,0,0,0,4.33,1.41,7.92,4.33,1.83,0.00
17840,Jared Johnson,ATH,0,0,0,0,0,1,0,0,1.01,0,0.62,0.98,0.89,0,0,0,5.59,1.98,7.99,8.78,0.91,0.00
18115,M.D. Johnson,MIA,0,0,0,0,0,1,0,0,1.09,0,0.68,0.57,0.77,0,0,0,6.10,1.66,6.90,5.17,1.33,0.00
18012,Marcus Johnson,TB,0,0,0,0,0,1,0,0,1.32,0,0.76,0.27,0.74,0,0,0,6.80,1.59,6.65,2.45,2.72,0.00
19753,Ty Johnson,TB,0,0,0,0,0,1,0,0,0.82,0,0.48,0.52,1.02,0,0,0,4.35,1.34,9.17,4.66,1.97,0.00
19702,Lebarron Johnson,COL,0,0,0,0,0,1,0,0,1.02,0,0.71,0.88,0.81,0,0,0,6.43,1.91,7.31,7.96,0.92,0.00
19530,Ryan Johnson,LAA,24,14,3,0,0,83,3,5,88,11,44,25,84,2,1,1,4.77,1.36,9.11,2.71,3.36,1.19
12484,Pierce Johnson,CIN,60,0,0,0,0,59,4,5,52,8,24,22,61,13,4,3,3.66,1.25,9.31,3.36,2.77,1.22
16066,Seth Johnson,PHI,23,2,0,0,0,32,1,3,30,4,17,12,26,0,0,0,4.78,1.31,7.31,3.38,2.17,1.13
19805,Will Johnston,ATH,0,0,0,0,0,1,0,0,0.99,0,0.67,0.64,0.96,0,0,0,6.07,1.63,8.67,5.75,1.51,0.00
19124,Kyle Jones,FA,0,0,0,0,0,1,0,0,1,0,0.54,0.47,0.87,0,0,0,4.84,1.47,7.79,4.25,1.83,0.00
16705,Jared Jones,PIT,15,15,7,0,0,86,5,6,75,13,39,28,93,0,0,0,4.08,1.20,9.73,2.93,3.32,1.36
20637,Stephen Jones,MIA,0,0,0,0,0,1,0,0,1.26,0,0.78,0.59,0.86,0,0,0,7.03,1.85,7.77,5.30,1.47,0.00
19704,Dylan Jordan,LAA,0,0,0,0,0,1,0,0,1.23,0,0.65,0.88,0.73,0,0,0,5.89,2.11,6.61,7.95,0.83,0.00
19966,Elison Joseph,ATL,0,0,0,0,0,1,0,0,0.9,0,0.69,1.1,1.05,0,0,0,6.17,2.00,9.41,9.89,0.95,0.00
19274,Jimmy Joyce,SEA,0,0,0,0,0,1,0,0,0.99,0,0.65,0.58,0.86,0,0,0,5.87,1.58,7.70,5.26,1.47,0.00
18027,Ben Joyce,LAA,33,0,0,0,0,35,2,1,30,5,16,12,28,14,12,6,4.11,1.20,7.20,3.09,2.33,1.29
17630,Jorge Juan,BOS,0,0,0,0,0,1,0,0,0.96,0,0.65,0.81,0.97,0,0,0,5.88,1.78,8.77,7.32,1.20,0.00
18866,Nicholas Judice,BOS,0,0,0,0,0,1,0,0,1,0,0.71,0.76,0.93,0,0,0,6.38,1.76,8.34,6.88,1.21,0.00
17005,Grant Judkins,ATH,0,0,0,0,0,1,0,0,1.23,0,0.84,0.6,0.64,0,0,0,7.59,1.84,5.75,5.42,1.06,0.00
17831,Hayden Juenger,TOR,0,0,0,0,0,1,0,0,1.04,0,0.63,0.56,0.88,0,0,0,5.65,1.59,7.92,5.00,1.59,0.00
17333,Gage Jump,ATH,0,0,0,0,0,1,0,0,0.99,0,0.58,0.47,0.88,0,0,0,5.24,1.46,7.94,4.27,1.86,0.00
14512,Jakob Junis,TEX,58,0,0,0,0,64,3,2,57,7,24,16,55,0,0,1,3.38,1.14,7.73,2.25,3.44,0.98
17537,Janson Junk,MIA,30,18,1,0,0,110,1,1,134,18,71,34,89,0,0,0,5.81,1.53,7.28,2.78,2.62,1.47
17564,Evan Justice,COL,0,0,0,0,0,1,0,0,1,0,0.7,0.66,0.94,0,0,0,6.30,1.66,8.46,5.94,1.42,0.00
11532,Tommy Kahnle,BOS,67,0,0,0,0,67,1,4,53,8,26,27,61,0,2,3,3.49,1.19,8.19,3.63,2.26,1.07
19885,Jace Kaminska,MIN,0,0,0,0,0,1,0,0,1.15,0,0.57,0.3,0.87,0,0,0,5.12,1.45,7.79,2.67,2.92,0.00
12973,Rob Kaminsky,FA,0,0,0,0,0,1,0,0,1.11,0,0.62,0.41,0.89,0,0,0,5.55,1.52,8.05,3.70,2.18,0.00
13825,James Kaprielian,FA,0,0,0,0,0,1,0,0,1.06,0,0.64,0.54,0.84,0,0,0,5.78,1.60,7.52,4.84,1.55,0.00
18267,Ricky Karcher,FA,0,0,0,0,0,1,0,0,0.88,0,0.68,0.98,0.99,0,0,0,6.13,1.86,8.93,8.82,1.01,0.00
14878,James Karinchak,ATL,10,0,0,0,0,10,1,1,8,2,4,5,10,1,0,1,3.60,1.30,9.00,4.50,2.00,1.80
19389,Jared Karros,LAD,0,0,0,0,0,1,0,0,1.3,0,0.78,0.56,0.72,0,0,0,6.99,1.86,6.49,5.00,1.30,0.00
16145,Karl Kauffmann,FA,0,0,0,0,0,1,0,0,1.44,0,1.02,0.79,0.58,0,0,0,9.16,2.23,5.20,7.10,0.73,0.00
20635,Rylan Kaufman,CWS,0,0,0,0,0,1,0,0,1.03,0,0.62,0.63,0.92,0,0,0,5.55,1.66,8.28,5.64,1.47,0.00
14269,Anthony Kay,CWS,23,23,11,0,0,130,7,9,125,15,57,45,101,0,0,0,3.95,1.31,6.99,3.12,2.24,1.04
16170,Sebastian Keana,FA,0,0,0,0,0,1,0,0,0.97,0,0.64,0.78,0.82,0,0,0,5.79,1.75,7.42,7.01,1.06,0.00
18969,Seth Keener,CWS,0,0,0,0,0,1,0,0,1.23,0,1.02,0.78,0.81,0,0,0,9.20,2.00,7.27,6.99,1.04,0.00
17524,Janzen Keisel,TB,0,0,0,0,0,1,0,0,1.13,0,1.04,1.34,0.7,0,0,0,9.34,2.46,6.30,12.04,0.52,0.00
13754,Keone Kela,FA,0,0,0,0,0,1,0,0,0.97,0,0.6,0.48,0.99,0,0,0,5.40,1.45,8.93,4.36,2.05,0.00
13426,Mitch Keller,PIT,30,30,16,1,0,177,9,13,174,22,82,50,165,0,0,0,4.17,1.27,8.39,2.54,3.30,1.12
14516,Brad Keller,PHI,60,0,1,0,0,65,4,5,57,7,27,27,56,24,6,4,3.74,1.29,7.75,3.74,2.07,0.97
18753,Seth Keller,ATL,0,0,0,0,0,1,0,0,1.02,0,1.07,1.29,0.71,0,0,0,9.64,2.31,6.35,11.61,0.55,0.00
16678,Jared Kelley,CWS,0,0,0,0,0,1,0,0,1.11,0,0.69,0.82,0.82,0,0,0,6.24,1.93,7.42,7.42,1.00,0.00
16319,Trevor Kelley,FA,0,0,0,0,0,1,0,0,1.04,0,0.56,0.51,0.92,0,0,0,5.01,1.55,8.30,4.63,1.79,0.00
17556,Owen Kellington,PIT,0,0,0,0,0,1,0,0,1.07,0,0.69,0.72,0.83,0,0,0,6.24,1.79,7.44,6.48,1.15,0.00
18662,Antwone Kelly,PIT,0,0,0,0,0,1,0,0,1.09,0,0.68,0.7,0.75,0,0,0,6.08,1.79,6.78,6.34,1.07,0.00
18283,Kevin Kelly,TB,42,0,0,0,0,42,2,4,38,6,19,11,36,4,0,2,4.07,1.17,7.71,2.36,3.27,1.29
18240,Zack Kelly,BOS,52,0,0,0,0,54,2,3,46,6,24,22,47,5,1,2,4.00,1.26,7.83,3.67,2.14,1.00
16124,Antoine Kelly,LAD,0,0,0,0,0,1,0,0,1.04,0,0.68,0.75,0.97,0,0,0,6.10,1.80,8.70,6.79,1.28,0.00
15800,Merrill Kelly,ARI,29,29,15,0,0,172,10,6,148,22,75,50,158,0,0,0,3.92,1.15,8.27,2.62,3.16,1.15
11053,Joe Kelly,FA,0,0,0,0,0,1,0,0,0.92,0,0.5,0.45,1.06,0,0,0,4.53,1.37,9.53,4.05,2.35,0.00
10474,Casey Kelly,ARI,0,0,0,0,0,1,0,0,1.25,0,0.73,0.5,0.62,0,0,0,6.60,1.75,5.61,4.54,1.24,0.00
12164,Michael Kelly,ATH,60,0,0,0,0,61,5,4,52,6,25,23,50,11,3,3,3.69,1.23,7.38,3.39,2.17,0.89
20646,Jaitoine Kelly,ARI,0,0,0,0,0,1,0,0,1.16,0,0.8,0.51,0.75,0,0,0,7.20,1.67,6.75,4.61,1.46,0.00
19103,Kannon Kemp,SD,0,0,0,0,0,1,0,0,1.47,0,1.17,0.78,0.61,0,0,0,10.53,2.25,5.51,7.05,0.78,0.00
18073,William Kempner,MIA,0,0,0,0,0,1,0,0,0.89,0,0.5,0.62,0.98,0,0,0,4.54,1.50,8.85,5.55,1.59,0.00
18000,Michael Kennedy,CLE,0,0,0,0,0,1,0,0,1.12,0,0.66,0.68,0.81,0,0,0,5.90,1.80,7.32,6.15,1.19,0.00
15691,Brett Kennedy,FA,0,0,0,0,0,1,0,0,1.2,0,0.8,0.44,0.72,0,0,0,7.19,1.64,6.52,3.93,1.66,0.00
17640,Zak Kent,MIN,35,0,0,0,0,37,1,1,32,4,16,13,30,0,0,0,3.89,1.22,7.30,3.16,2.31,0.97
18907,Barrett Kent,LAA,0,0,0,0,0,1,0,0,1.14,0,0.75,0.79,0.82,0,0,0,6.71,1.93,7.35,7.08,1.04,0.00
19611,Jackson Kent,WSH,0,0,0,0,0,1,0,0,1.13,0,0.82,0.5,0.81,0,0,0,7.39,1.63,7.25,4.50,1.61,0.00
18102,Orion Kerkering,PHI,64,0,0,0,0,63,6,4,54,5,24,24,65,18,2,4,3.43,1.24,9.29,3.43,2.71,0.71
17690,Ray Kerr,ATL,0,0,0,0,0,1,0,0,0.99,0,0.53,0.48,1.08,0,0,0,4.80,1.47,9.70,4.35,2.23,0.00
17572,Brett Kerry,LAA,0,0,0,0,0,1,0,0,1.22,0,0.87,0.49,0.74,0,0,0,7.81,1.70,6.64,4.37,1.52,0.00
9276,Clayton Kershaw,FA,0,0,0,0,0,1,0,0,0.89,0,0.41,0.33,0.88,0,0,0,3.65,1.22,7.96,2.99,2.67,0.00
11751,Dallas Keuchel,KC,0,0,0,0,0,1,0,0,1.12,0,0.55,0.44,0.71,0,0,0,4.99,1.56,6.43,3.99,1.61,0.00
11281,Yusei Kikuchi,LAA,29,29,10,0,0,170,8,9,167,24,75,55,181,0,0,0,3.97,1.31,9.58,2.91,3.29,1.27
17272,Caleb Kilian,SF,0,0,0,0,0,1,0,0,1.05,0,0.61,0.46,0.85,0,0,0,5.52,1.51,7.68,4.16,1.85,0.00
10565,Craig Kimbrel,NYM,0,0,0,0,0,1,0,0,0.84,0,0.46,0.46,1.1,0,0,0,4.17,1.30,9.86,4.17,2.37,0.00
17528,Larson Kindreich,TEX,0,0,0,0,0,1,0,0,0.98,0,0.62,0.75,0.96,0,0,0,5.56,1.73,8.63,6.71,1.29,0.00
18580,Joseph King,FA,0,0,0,0,0,1,0,0,1.07,0,0.64,0.43,0.89,0,0,0,5.75,1.49,8.05,3.83,2.10,0.00
19601,Johnny King,TOR,0,0,0,0,0,1,0,0,1.03,0,0.57,0.96,1.05,0,0,0,5.17,1.99,9.45,8.66,1.09,0.00
19669,Bryan King,HOU,64,0,0,0,0,65,3,3,55,7,23,19,63,19,2,2,3.18,1.14,8.72,2.63,3.32,0.97
20064,Justin King,MIA,0,0,0,0,0,1,0,0,1,0,0.59,0.69,1.02,0,0,0,5.30,1.69,9.19,6.25,1.47,0.00
15255,Michael King,SD,28,28,9,1,1,159,11,8,132,20,55,55,177,0,0,0,3.11,1.18,10.02,3.11,3.22,1.13
17073,John King,MIA,45,0,0,0,0,45,1,1,46,5,19,14,32,0,0,2,3.80,1.33,6.40,2.80,2.29,1.00
15284,Tyler Kinley,ATL,62,0,0,0,0,61,3,3,55,8,31,25,59,14,3,3,4.57,1.31,8.70,3.69,2.36,1.18
19901,Grant Kipp,CHC,0,0,0,0,0,1,0,0,1.06,0,0.78,0.7,0.8,0,0,0,7.05,1.77,7.23,6.33,1.14,0.00
20088,Devin Kirby,BAL,0,0,0,0,0,1,0,0,1.11,0,0.72,0.7,0.91,0,0,0,6.48,1.81,8.19,6.30,1.30,0.00
16057,George Kirby,SEA,28,28,16,0,0,167,12,10,158,19,70,27,165,0,0,0,3.77,1.11,8.89,1.46,6.11,1.02
19404,Danny Kirwin,BOS,0,0,0,0,0,1,0,0,1.06,0,0.79,0.54,0.74,0,0,0,7.13,1.61,6.64,4.88,1.36,0.00
20555,Jacob Kisting,TB,0,0,0,0,0,1,0,0,1.03,0,0.74,0.54,0.76,0,0,0,6.64,1.56,6.86,4.84,1.42,0.00
19670,Austin Kitchen,SEA,0,0,0,0,0,1,0,0,1.11,0,0.56,0.39,0.76,0,0,0,5.01,1.49,6.84,3.50,1.95,0.00
15094,Andrew Kittredge,BAL,66,0,0,0,0,65,4,3,55,8,25,18,61,24,6,5,3.46,1.12,8.45,2.49,3.39,1.11
18859,George Klassen,LAA,0,0,0,0,0,1,0,0,1.08,0,0.69,0.61,0.97,0,0,0,6.23,1.69,8.77,5.50,1.59,0.00
16851,Will Klein,LAD,44,0,0,0,0,44,2,2,39,5,20,17,38,4,0,1,4.09,1.27,7.77,3.48,2.24,1.02
20344,John Klein,MIN,0,0,0,0,0,1,0,0,1.19,0,0.77,0.57,0.84,0,0,0,6.90,1.75,7.53,5.10,1.48,0.00
15437,Adam Kloffenstein,NYY,0,0,0,0,0,1,0,0,1.09,0,0.67,0.58,0.86,0,0,0,6.01,1.66,7.70,5.19,1.48,0.00
19722,Jacob Kmatz,TB,0,0,0,0,0,1,0,0,1.63,0,1.18,0.61,0.5,0,0,0,10.64,2.24,4.50,5.48,0.82,0.00
16803,Landon Knack,LAD,14,3,1,0,0,30,1,1,26,5,14,11,27,0,0,0,4.20,1.23,8.10,3.30,2.45,1.50
12982,Corey Knebel,FA,0,0,0,0,0,1,0,0,1.01,0,0.6,0.47,0.94,0,0,0,5.42,1.48,8.50,4.26,2.00,0.00
17244,Reiss Knehr,FA,0,0,0,0,0,1,0,0,0.95,0,0.62,0.51,0.97,0,0,0,5.62,1.46,8.72,4.58,1.90,0.00
14846,Blaine Knight,PHI,0,0,0,0,0,1,0,0,1.15,0,0.72,0.5,0.91,0,0,0,6.46,1.65,8.19,4.50,1.82,0.00
18081,Michael Knorr,HOU,0,0,0,0,0,1,0,0,1.11,0,0.75,0.66,0.95,0,0,0,6.73,1.77,8.58,5.94,1.44,0.00
18970,Josh Knoth,MIL,0,0,0,0,0,1,0,0,1.26,0,0.95,0.92,0.79,0,0,0,8.56,2.18,7.07,8.24,0.86,0.00
19705,Nate Knowles,TB,0,0,0,0,0,1,0,0,1,0,0.8,0.65,0.82,0,0,0,7.20,1.65,7.42,5.85,1.27,0.00
16377,Lucas Knowles,LAA,0,0,0,0,0,1,0,0,1.05,0,0.6,0.5,0.84,0,0,0,5.40,1.55,7.59,4.48,1.69,0.00
20693,Antonio Knowles,FA,0,0,0,0,0,1,0,0,0.93,0,0.6,0.69,0.91,0,0,0,5.36,1.62,8.23,6.24,1.32,0.00
12554,Matt Koch,FA,0,0,0,0,0,1,0,0,1.22,0,0.67,0.32,0.78,0,0,0,6.00,1.54,7.04,2.90,2.43,0.00
16105,Jack Kochanowicz,LAA,20,12,2,0,0,68,2,4,76,10,39,25,36,0,0,0,5.16,1.49,4.76,3.31,1.44,1.32
17915,Jared Koenig,MIL,62,0,0,0,0,64,4,3,54,6,22,21,61,21,3,3,3.09,1.17,8.58,2.95,2.90,0.84
17399,Will Koger,FA,0,0,0,0,0,1,0,0,0.9,0,0.55,0.4,0.93,0,0,0,4.95,1.30,8.33,3.60,2.31,0.00
17495,Tanner Kohlhepp,DET,0,0,0,0,0,1,0,0,1.06,0,0.65,0.68,0.94,0,0,0,5.84,1.74,8.42,6.11,1.38,0.00
13276,Adam Kolarek,FA,0,0,0,0,0,1,0,0,1.05,0,0.61,0.52,0.9,0,0,0,5.48,1.57,8.08,4.67,1.73,0.00
18108,Stephen Kolek,KC,33,8,2,1,0,73,2,2,73,7,33,20,54,1,0,0,4.07,1.27,6.66,2.47,2.70,0.86
13401,Michael Kopech,FA,47,0,0,0,0,47,3,3,35,5,19,30,47,0,1,1,3.64,1.38,9.00,5.74,1.57,0.96
18236,Ronan Kopp,LAD,0,0,0,0,0,1,0,0,0.91,0,0.56,0.99,1.13,0,0,0,5.02,1.90,10.17,8.91,1.14,0.00
17553,Kevin Kopps,SD,0,0,0,0,0,1,0,0,1.15,0,0.69,0.78,0.75,0,0,0,6.24,1.93,6.74,6.99,0.96,0.00
16211,Jacob Kostyshock,FA,0,0,0,0,0,1,0,0,1.04,0,0.68,0.54,0.93,0,0,0,6.08,1.58,8.33,4.84,1.72,0.00
19140,Rhett Kouba,HOU,0,0,0,0,0,1,0,0,1.13,0,0.73,0.67,0.71,0,0,0,6.56,1.80,6.36,5.99,1.06,0.00
15406,Jackson Kowar,BAL,49,0,0,0,0,49,2,2,42,7,23,19,41,0,0,0,4.22,1.24,7.53,3.49,2.16,1.29
14329,Max Kranick,FA,0,0,0,0,0,1,0,0,0.97,0,0.52,0.36,0.85,0,0,0,4.64,1.33,7.68,3.21,2.39,0.00
16975,Nick Krauth,TEX,0,0,0,0,0,1,0,0,1.26,0,0.8,0.56,0.68,0,0,0,7.22,1.81,6.16,5.00,1.23,0.00
18509,Evan Kravetz,FA,0,0,0,0,0,1,0,0,1.1,0,0.62,0.62,0.92,0,0,0,5.58,1.72,8.31,5.58,1.49,0.00
13573,Joey Krehbiel,KC,0,0,0,0,0,1,0,0,1.08,0,0.61,0.5,0.79,0,0,0,5.50,1.58,7.13,4.50,1.58,0.00
15645,Dean Kremer,BAL,27,27,10,0,0,154,10,9,142,21,71,48,135,0,0,0,4.15,1.23,7.89,2.81,2.81,1.23
16501,Brooks Kriske,ATH,0,0,0,0,0,1,0,0,0.92,0,0.54,0.5,1.05,0,0,0,4.83,1.42,9.44,4.54,2.08,0.00
17214,Zac Kristofak,FA,0,0,0,0,0,1,0,0,1.05,0,0.56,0.46,0.77,0,0,0,4.99,1.51,6.93,4.16,1.67,0.00
19334,Austin Krob,SD,0,0,0,0,0,1,0,0,1.17,0,0.71,0.67,0.77,0,0,0,6.35,1.84,6.89,6.00,1.15,0.00
12990,Matt Krook,ATH,0,0,0,0,0,1,0,0,0.88,0,0.51,0.64,1,0,0,0,4.57,1.52,8.97,5.78,1.55,0.00
17338,Ben Kudrna,KC,0,0,0,0,0,1,0,0,1.2,0,0.79,0.7,0.76,0,0,0,7.12,1.90,6.88,6.27,1.10,0.00
18951,Cade Kuehler,ATL,0,0,0,0,0,1,0,0,1.04,0,0.6,0.61,0.8,0,0,0,5.40,1.66,7.20,5.53,1.30,0.00
14172,Chad Kuhl,FA,0,0,0,0,0,1,0,0,1.11,0,0.69,0.59,0.81,0,0,0,6.17,1.69,7.31,5.29,1.38,0.00
18367,Travis Kuhn,TOR,0,0,0,0,0,1,0,0,1.06,0,0.61,0.62,0.82,0,0,0,5.45,1.67,7.37,5.55,1.33,0.00
16431,Joel Kuhnel,ATH,0,0,0,0,0,1,0,0,1.05,0,0.52,0.33,0.84,0,0,0,4.70,1.38,7.60,2.96,2.57,0.00
18361,Joe La Sorsa,PIT,9,0,0,0,0,9,0,1,8,1,4,3,7,0,0,0,4.00,1.22,7.00,3.00,2.33,1.00
14910,A.J. Labas,MIN,0,0,0,0,0,1,0,0,1.21,0,0.84,0.53,0.74,0,0,0,7.59,1.74,6.70,4.76,1.41,0.00
19238,Mathias LaCombe,CWS,0,0,0,0,0,1,0,0,1,0,0.68,0.8,0.9,0,0,0,6.08,1.80,8.10,7.20,1.12,0.00
19118,Carlos Lagrange,NYY,0,0,0,0,0,1,0,0,0.95,0,0.79,0.94,1.01,0,0,0,7.10,1.89,9.08,8.45,1.07,0.00
19104,Dane Lais,SD,0,0,0,0,0,1,0,0,0.98,0,0.55,0.45,0.88,0,0,0,4.95,1.43,7.88,4.05,1.94,0.00
14175,Travis Lakins,FA,0,0,0,0,0,1,0,0,1.07,0,0.68,0.42,0.95,0,0,0,6.12,1.49,8.55,3.78,2.26,0.00
19117,Henry Lalane,NYY,0,0,0,0,0,1,0,0,0.98,0,0.63,0.57,0.93,0,0,0,5.63,1.55,8.33,5.17,1.61,0.00
19982,Ryan Lambert,NYM,0,0,0,0,0,1,0,0,0.86,0,0.38,0.6,1.09,0,0,0,3.40,1.46,9.79,5.44,1.80,0.00
13852,Peter Lambert,HOU,0,0,0,0,0,1,0,0,1.07,0,0.62,0.47,0.88,0,0,0,5.59,1.54,7.94,4.24,1.87,0.00
15572,Jimmy Lambert,FA,0,0,0,0,0,1,0,0,1.03,0,0.57,0.47,0.95,0,0,0,5.15,1.50,8.53,4.27,2.00,0.00
14202,Dinelson Lamet,FA,0,0,0,0,0,1,0,0,1.03,0,0.6,0.54,0.9,0,0,0,5.37,1.57,8.12,4.87,1.67,0.00
14951,Joey Lancellotti,FA,0,0,0,0,0,1,0,0,1.14,0,0.69,0.68,0.88,0,0,0,6.21,1.81,7.96,6.08,1.31,0.00
14794,Alex Lange,KC,48,0,0,0,0,46,2,2,42,5,18,20,40,4,1,2,3.52,1.35,7.83,3.91,2.00,0.98
16766,Justin Lange,FA,0,0,0,0,0,1,0,0,1,0,0.76,0.81,0.96,0,0,0,6.83,1.81,8.68,7.26,1.19,0.00
19694,L.P. Langevin,KC,0,0,0,0,0,1,0,0,0.95,0,0.68,0.79,0.98,0,0,0,6.08,1.74,8.78,7.09,1.24,0.00
20748,Miles Langhorne,MIL,0,0,0,0,0,1,0,0,1.03,0,0.71,0.73,0.89,0,0,0,6.41,1.75,7.99,6.53,1.22,0.00
17449,Cale Lansville,SF,0,0,0,0,0,1,0,0,1.29,0,0.78,0.55,0.8,0,0,0,7.06,1.84,7.24,4.95,1.46,0.00
20026,Sauryn Lao,FA,40,0,0,0,0,40,0,0,36,5,18,13,33,0,0,0,4.05,1.23,7.43,2.93,2.54,1.13
19151,Jhancarlos Lara,ATL,0,0,0,0,0,1,0,0,0.98,0,0.87,1.01,1.03,0,0,0,7.82,1.99,9.27,9.09,1.02,0.00
16333,Andry Lara,WSH,30,0,0,0,0,33,0,0,33,4,17,13,27,0,0,0,4.64,1.39,7.36,3.55,2.08,1.09
15234,Janser Lara,FA,0,0,0,0,0,1,0,0,0.95,0,0.52,0.4,0.95,0,0,0,4.72,1.35,8.55,3.60,2.37,0.00
19840,Cesar Lares,MIN,0,0,0,0,0,1,0,0,1.58,0,1.37,0.64,0.73,0,0,0,12.29,2.22,6.59,5.80,1.13,0.00
15628,Denny Larrondo,ARI,0,0,0,0,0,1,0,0,1.18,0,0.95,1.15,0.78,0,0,0,8.54,2.32,7.03,10.31,0.68,0.00
17599,Kyle Larsen,PIT,0,0,0,0,0,1,0,0,1.1,0,0.74,0.81,0.88,0,0,0,6.62,1.91,7.95,7.29,1.09,0.00
14315,Adam Laskey,COL,0,0,0,0,0,1,0,0,1.13,0,0.6,0.51,0.75,0,0,0,5.44,1.64,6.78,4.62,1.47,0.00
17100,Jacob Latz,TEX,36,16,3,0,0,112,1,1,84,11,39,48,95,0,0,1,3.13,1.18,7.63,3.86,1.98,0.88
14263,Eric Lauer,TOR,41,4,4,0,0,62,5,4,59,12,30,21,58,0,0,0,4.35,1.29,8.42,3.05,2.76,1.74
19254,Nate Lavender,NYM,0,0,0,0,0,1,0,0,0.91,0,0.46,0.59,1.08,0,0,0,4.11,1.50,9.69,5.28,1.83,0.00
13283,Derek Law,ARI,25,0,0,0,0,25,1,1,22,2,9,9,21,0,0,1,3.24,1.24,7.56,3.24,2.33,0.72
18296,Cody Laweryson,MIN,39,0,0,0,0,43,2,3,35,5,17,14,35,0,0,0,3.56,1.14,7.33,2.93,2.50,1.05
14590,Casey Lawrence,SEA,0,0,0,0,0,1,0,0,1.21,0,0.71,0.32,0.63,0,0,0,6.35,1.53,5.67,2.92,1.94,0.00
15785,Justin Lawrence,PIT,58,0,0,0,0,59,3,3,49,6,24,25,55,7,2,3,3.66,1.25,8.39,3.81,2.20,0.92
14317,Reggie Lawson,FA,0,0,0,0,0,1,0,0,1.05,0,0.86,1.01,0.83,0,0,0,7.71,2.07,7.51,9.10,0.83,0.00
16027,Max Lazar,PHI,36,0,0,0,0,38,1,1,34,5,17,12,29,2,0,1,4.03,1.21,6.87,2.84,2.42,1.18
20549,Hudson Leach,HOU,0,0,0,0,0,1,0,0,0.97,0,0.61,0.62,0.99,0,0,0,5.53,1.59,8.94,5.59,1.60,0.00
18354,Kyle Leahy,STL,40,18,0,0,0,120,1,2,121,18,74,72,101,0,0,5,5.55,1.61,7.58,5.40,1.40,1.35
20004,Erick Leal,FA,0,0,0,0,0,1,0,0,1.04,0,0.85,0.63,0.86,0,0,0,7.63,1.66,7.78,5.63,1.38,0.00
18715,Jordan Leasure,CWS,64,0,0,0,0,62,3,5,52,10,27,27,67,23,7,5,3.92,1.27,9.73,3.92,2.48,1.45
16814,Jackson Leath,FA,0,0,0,0,0,1,0,0,0.94,0,0.56,0.58,0.83,0,0,0,5.07,1.52,7.43,5.24,1.42,0.00
14106,Jose Leclerc,FA,46,0,0,0,0,46,3,3,42,7,21,19,43,0,0,6,4.11,1.33,8.41,3.72,2.26,1.37
15964,Dylan Lee,ATL,65,0,0,0,0,64,3,2,54,9,24,19,64,17,4,3,3.38,1.14,9.00,2.67,3.37,1.27
17919,Chase Lee,TOR,21,0,0,0,0,22,1,1,19,4,10,7,19,0,0,1,4.09,1.18,7.77,2.86,2.71,1.64
17644,Evan Lee,FA,0,0,0,0,0,1,0,0,1,0,0.7,0.72,0.92,0,0,0,6.30,1.72,8.25,6.45,1.28,0.00
16939,Ben Leeper,FA,0,0,0,0,0,1,0,0,0.92,0,0.47,0.42,0.95,0,0,0,4.28,1.34,8.56,3.74,2.29,0.00
14938,Jack Leftwich,CLE,0,0,0,0,0,1,0,0,0.99,0,0.6,0.51,0.85,0,0,0,5.41,1.50,7.69,4.55,1.69,0.00
18272,Casey Legumina,SEA,45,0,0,0,0,45,3,3,43,7,23,17,39,0,0,0,4.60,1.33,7.80,3.40,2.29,1.40
15374,Brandon Leibrandt,CIN,0,0,0,0,0,1,0,0,1.07,0,0.58,0.38,0.8,0,0,0,5.22,1.44,7.16,3.40,2.11,0.00
16067,Jack Leiter,TEX,29,29,7,0,0,161,9,11,139,24,78,62,150,0,0,0,4.36,1.25,8.39,3.47,2.42,1.34
14744,Mark Leiter,ATH,58,0,0,0,0,53,5,6,55,6,25,21,60,15,9,4,4.25,1.43,10.19,3.57,2.86,1.02
20738,Pedro Lemos,FA,0,0,0,0,0,1,0,0,1.19,0,0.77,0.75,0.79,0,0,0,6.97,1.94,7.08,6.77,1.05,0.00
13138,Dominic Leone,FA,0,0,0,0,0,1,0,0,0.97,0,0.5,0.43,0.98,0,0,0,4.52,1.41,8.86,3.90,2.27,0.00
20453,Carlos Lequerica,DET,0,0,0,0,0,1,0,0,0.99,0,0.54,0.57,0.75,0,0,0,4.87,1.56,6.76,5.14,1.32,0.00
17935,Dylan Lesko,TB,0,0,0,0,0,1,0,0,1.02,0,0.84,0.9,0.93,0,0,0,7.59,1.92,8.33,8.10,1.03,0.00
18862,Bishop Letson,MIL,0,0,0,0,0,1,0,0,0.96,0,0.51,0.55,0.82,0,0,0,4.60,1.51,7.39,4.97,1.49,0.00
16388,Adam Leverett,SEA,0,0,0,0,0,1,0,0,1.11,0,0.67,0.49,0.65,0,0,0,6.00,1.60,5.83,4.37,1.33,0.00
18789,Cory Lewis,MIN,0,0,0,0,0,1,0,0,1.07,0,0.67,0.79,0.92,0,0,0,6.07,1.86,8.31,7.11,1.17,0.00
15399,Matthew Liberatore,STL,27,27,8,0,0,146,5,8,148,17,73,46,118,0,0,0,4.50,1.33,7.27,2.84,2.57,1.05
16129,Michael Limoncelli,FA,0,0,0,0,0,1,0,0,0.9,0,0.95,1.95,0.8,0,0,0,8.55,2.85,7.20,17.55,0.41,0.00
18810,Sheng-En Lin,CIN,0,0,0,0,0,0,0,0,0,0,0,0,0,0,0,0,0.00,0.00,0.00,0.00,0.00,0.00
19866,Chen-Wei Lin,STL,0,0,0,0,0,1,0,0,0.99,0,0.66,0.67,0.9,0,0,0,5.91,1.66,8.11,6.06,1.34,0.00
18232,Yu-Min Lin,ARI,0,0,0,0,0,1,0,0,1.21,0,0.78,0.65,0.79,0,0,0,7.04,1.86,7.11,5.86,1.21,0.00
20117,Wei-En Lin,ATH,0,0,0,0,0,1,0,0,1.03,0,0.67,0.44,0.95,0,0,0,6.02,1.47,8.57,3.92,2.19,0.00
20083,Sean Paul Linan,WSH,0,0,0,0,0,1,0,0,1.09,0,0.68,0.59,0.93,0,0,0,6.11,1.68,8.34,5.33,1.57,0.00
18708,Jeff Lindgren,MIA,0,0,0,0,0,1,0,0,1.11,0,0.78,0.68,0.7,0,0,0,7.03,1.79,6.29,6.12,1.03,0.00
18876,Andrew Lindsey,TB,0,0,0,0,0,1,0,0,1.14,0,0.66,0.48,0.9,0,0,0,5.93,1.61,8.08,4.29,1.88,0.00
19947,Matthew Linskey,HOU,0,0,0,0,0,1,0,0,0.91,0,0.52,0.56,0.96,0,0,0,4.72,1.47,8.66,5.06,1.71,0.00
14609,Jesus Liranzo,MIL,0,0,0,0,0,1,0,0,0.99,0,0.57,0.5,0.95,0,0,0,5.09,1.49,8.52,4.51,1.89,0.00
14992,Zack Littell,WSH,30,26,12,0,0,152,8,8,151,25,64,26,121,0,0,0,3.78,1.16,7.16,1.54,4.65,1.48
14796,Brendon Little,TOR,55,0,0,0,0,53,3,3,43,5,21,25,52,18,2,3,3.57,1.28,8.83,4.25,2.08,0.85
16207,Jack Little,DET,0,0,0,0,0,1,0,0,1.01,0,0.59,0.45,0.85,0,0,0,5.32,1.46,7.64,4.06,1.88,0.00
16841,Luke Little,CHC,22,0,0,0,0,22,1,1,18,2,9,10,20,0,0,0,3.68,1.27,8.18,4.09,2.00,0.82
16486,Chih-Jung Liu,BOS,0,0,0,0,0,1,0,0,1.14,0,0.77,0.65,0.95,0,0,0,6.92,1.80,8.52,5.86,1.45,0.00
13215,Ben Lively,CLE,0,0,0,0,0,1,0,0,0.95,0,0.48,0.34,0.77,0,0,0,4.29,1.29,6.91,3.06,2.26,0.00
16784,Victor Lizarraga,SD,0,0,0,0,0,1,0,0,1.14,0,0.81,0.73,0.75,0,0,0,7.30,1.87,6.73,6.57,1.02,0.00
14707,Mauricio Llovera,SEA,0,0,0,0,0,1,0,0,0.97,0,0.52,0.39,0.93,0,0,0,4.65,1.36,8.40,3.53,2.38,0.00
15256,Jonathan Loaisiga,ARI,52,0,0,0,0,53,2,2,49,7,22,17,43,0,0,8,3.74,1.25,7.30,2.89,2.53,1.19
19743,Ryan Lobus,TEX,0,0,0,0,0,1,0,0,0.98,0,0.62,0.51,0.97,0,0,0,5.62,1.49,8.76,4.56,1.92,0.00
19774,Lael Lockhart,DET,0,0,0,0,0,1,0,0,1,0,0.63,0.62,0.89,0,0,0,5.63,1.62,8.03,5.56,1.44,0.00
16378,Nick Lockhart,FA,0,0,0,0,0,1,0,0,1.03,0,0.57,0.46,0.87,0,0,0,5.16,1.48,7.83,4.10,1.91,0.00
14305,Nick Lodolo,CIN,30,30,12,1,0,170,10,8,161,29,76,44,173,0,0,0,4.02,1.21,9.16,2.33,3.93,1.54
17108,Conner Loeprich,FA,0,0,0,0,0,1,0,0,1.06,0,0.64,0.47,0.9,0,0,0,5.77,1.52,8.07,4.19,1.93,0.00
16914,Carter Loewen,SD,0,0,0,0,0,1,0,0,0.92,0,0.54,0.54,0.9,0,0,0,4.87,1.46,8.12,4.87,1.67,0.00
17296,Zach Logue,FA,0,0,0,0,0,1,0,0,1.12,0,0.63,0.44,0.84,0,0,0,5.69,1.56,7.52,4.00,1.88,0.00
18574,Ryan Long,BAL,0,0,0,0,0,1,0,0,1.12,0,0.7,0.54,0.7,0,0,0,6.26,1.66,6.26,4.87,1.29,0.00
17122,Sam Long,FA,0,0,0,0,0,1,0,0,1.03,0,0.56,0.47,0.91,0,0,0,5.02,1.51,8.21,4.27,1.92,0.00
14917,Seth Lonsway,SF,0,0,0,0,0,1,0,0,1.2,0,0.68,0.75,0.69,0,0,0,6.13,1.95,6.21,6.78,0.92,0.00
15116,Pablo Lopez,MIN,0,0,0,0,0,0,0,0,0,0,0,0,0,0,0,0,0.00,0.00,0.00,0.00,0.00,0.00
13612,Reynaldo Lopez,ATL,27,27,4,0,0,149,10,8,157,20,62,55,116,0,0,0,3.74,1.42,7.01,3.32,2.11,1.21
12200,Jorge Lopez,FA,34,0,0,0,0,34,1,1,31,4,17,11,28,0,1,2,4.50,1.24,7.41,2.91,2.55,1.06
17639,Jacob Lopez,ATH,24,23,9,0,0,127,8,7,106,17,58,49,111,0,0,0,4.11,1.22,7.87,3.47,2.27,1.20
18794,Leandro Lopez,TEX,0,0,0,0,0,1,0,0,0.96,0,0.56,0.78,0.88,0,0,0,5.02,1.74,7.95,7.01,1.13,0.00
19388,Nestor Lorant,CIN,0,0,0,0,0,1,0,0,1.25,0,0.83,0.67,0.76,0,0,0,7.48,1.92,6.88,6.02,1.14,0.00
19496,Brad Lord,WSH,36,22,13,0,0,133,5,10,128,17,64,44,110,0,0,0,4.33,1.29,7.44,2.98,2.50,1.15
18953,Kiefer Lord,BAL,0,0,0,0,0,1,0,0,0.93,0,0.51,0.55,0.95,0,0,0,4.55,1.48,8.58,4.91,1.75,0.00
20742,David Lorduy,FA,0,0,0,0,0,1,0,0,1.07,0,0.68,0.57,0.74,0,0,0,6.12,1.63,6.69,5.09,1.32,0.00
11605,Michael Lorenzen,COL,23,23,9,0,0,145,6,13,159,26,79,56,112,0,0,0,4.90,1.48,6.95,3.48,2.00,1.61
18355,Ryan Loutos,SEA,17,0,0,0,0,17,1,1,15,2,8,6,13,0,0,0,4.24,1.24,6.88,3.18,2.17,1.06
17426,Austin Love,STL,0,0,0,0,0,1,0,0,0.96,0,0.63,0.66,0.88,0,0,0,5.64,1.62,7.88,5.94,1.33,0.00
15364,Richard Lovelady,NYM,47,0,0,0,0,47,1,2,40,6,23,17,39,0,0,2,4.40,1.21,7.47,3.26,2.29,1.15
18854,Rhett Lowder,CIN,24,15,4,0,0,107,3,3,89,9,36,41,85,0,0,0,3.03,1.21,7.15,3.45,2.07,0.76
18742,Isaiah Lowe,SD,0,0,0,0,0,1,0,0,1.28,0,0.81,0.77,0.72,0,0,0,7.33,2.05,6.45,6.97,0.93,0.00
16505,Easton Lucas,FA,0,0,0,0,0,1,0,0,0.98,0,0.54,0.46,0.92,0,0,0,4.85,1.44,8.28,4.14,2.00,0.00
14378,Joey Lucchesi,SF,43,0,0,0,0,43,2,2,37,5,19,17,34,0,0,0,3.98,1.26,7.12,3.56,2.00,1.05
12360,Lucas Luetge,FA,0,0,0,0,0,1,0,0,1.04,0,0.53,0.4,0.98,0,0,0,4.79,1.44,8.78,3.59,2.45,0.00
14095,Seth Lugo,KC,26,26,15,0,0,156,9,8,141,22,62,47,138,0,0,0,3.58,1.21,7.96,2.71,2.94,1.27
16382,Connor Lunn,TB,0,0,0,0,0,1,0,0,1.3,0,0.78,0.4,0.74,0,0,0,7.02,1.70,6.67,3.63,1.84,0.00
14304,Jesus Luzardo,PHI,28,28,14,0,0,172,12,9,148,19,70,54,185,0,0,0,3.66,1.17,9.68,2.83,3.43,0.99
10528,Jordan Lyles,FA,0,0,0,0,0,1,0,0,1.02,0,0.6,0.3,0.77,0,0,0,5.44,1.32,6.90,2.72,2.54,0.00
15477,Daniel Lynch IV,KC,54,0,0,0,0,58,4,2,49,7,23,20,45,7,1,2,3.57,1.19,6.98,3.10,2.25,1.09
10504,Lance Lynn,FA,0,0,0,0,0,1,0,0,1.01,0,0.54,0.35,1,0,0,0,4.86,1.36,8.96,3.13,2.86,0.00
20563,Isaac Lyon,WSH,0,0,0,0,0,1,0,0,1.2,0,0.8,0.4,0.93,0,0,0,7.20,1.60,8.33,3.60,2.31,0.00
16767,Tommy Mace,CLE,0,0,0,0,0,1,0,0,1.02,0,0.68,0.73,0.63,0,0,0,6.10,1.75,5.63,6.58,0.85,0.00
14353,Travis MacGregor,NYY,0,0,0,0,0,1,0,0,1.09,0,0.65,0.61,0.85,0,0,0,5.86,1.71,7.63,5.53,1.38,0.00
19350,Josh Maciejewski,MIL,0,0,0,0,0,1,0,0,1.09,0,0.66,0.49,0.87,0,0,0,5.98,1.57,7.83,4.37,1.79,0.00
17203,Adam Macko,TOR,0,0,0,0,0,1,0,0,1.06,0,0.74,0.61,0.89,0,0,0,6.69,1.67,7.99,5.46,1.46,0.00
16867,Dylan MacLean,TEX,0,0,0,0,0,1,0,0,1.02,0,0.65,0.48,0.67,0,0,0,5.88,1.50,6.01,4.31,1.39,0.00
17371,Christian MacLeod,MIN,0,0,0,0,0,1,0,0,1.06,0,0.62,0.67,0.86,0,0,0,5.53,1.73,7.72,6.05,1.28,0.00
17305,Ty Madden,DET,16,3,0,0,0,26,1,1,23,3,11,9,21,0,0,0,3.81,1.23,7.27,3.12,2.33,1.04
18005,Jake Madden,COL,0,0,0,0,0,1,0,0,1.12,0,0.73,0.71,0.8,0,0,0,6.54,1.83,7.23,6.41,1.13,0.00
16002,Ben Madison,SF,0,0,0,0,0,1,0,0,0.85,0,0.68,0.9,1.05,0,0,0,6.08,1.75,9.45,8.10,1.17,0.00
12051,Kenta Maeda,FA,0,0,0,0,0,1,0,0,1.02,0,0.64,0.4,0.87,0,0,0,5.80,1.42,7.87,3.62,2.17,0.00
20559,Andrew Magno,BAL,0,0,0,0,0,1,0,0,0.93,0,0.51,0.69,0.93,0,0,0,4.56,1.62,8.36,6.19,1.35,0.00
14058,Tyler Mahle,SF,23,23,7,0,0,129,4,6,113,15,51,41,107,0,0,0,3.56,1.19,7.47,2.86,2.61,1.05
18963,Jack Mahoney,COL,0,0,0,0,0,1,0,0,1.33,0,0.85,0.56,0.68,0,0,0,7.64,1.89,6.15,5.07,1.21,0.00
18752,Adam Maier,ATL,0,0,0,0,0,1,0,0,1.19,0,0.89,0.65,0.67,0,0,0,7.98,1.84,6.06,5.84,1.04,0.00
20099,Alex Makarewich,LAD,0,0,0,0,0,1,0,0,0.95,0,0.76,1.19,1.05,0,0,0,6.86,2.14,9.45,10.69,0.88,0.00
19860,Gerelmi Maldonado,SF,0,0,0,0,0,1,0,0,1.14,0,0.88,1.34,0.83,0,0,0,7.90,2.48,7.43,12.09,0.62,0.00
18544,Anthony Maldonado,HOU,0,0,0,0,0,1,0,0,0.98,0,0.6,0.53,1,0,0,0,5.44,1.51,8.99,4.81,1.87,0.00
17499,Nick Maldonado,FA,0,0,0,0,0,1,0,0,1.03,0,0.63,0.43,0.9,0,0,0,5.63,1.45,8.10,3.83,2.12,0.00
20749,Joshua Mallitz,FA,0,0,0,0,0,1,0,0,1.03,0,0.58,0.4,0.87,0,0,0,5.26,1.43,7.79,3.60,2.16,0.00
16055,Brennan Malone,FA,0,0,0,0,0,1,0,0,1.13,0,0.72,0.9,0.79,0,0,0,6.49,2.03,7.09,8.11,0.87,0.00
12948,Sean Manaea,NYM,26,26,7,0,0,139,7,7,124,22,71,39,156,0,0,0,4.60,1.17,10.10,2.53,4.00,1.42
19914,Joey Mancini,HOU,0,0,0,0,0,1,0,0,1.17,0,0.73,0.57,0.68,0,0,0,6.54,1.74,6.14,5.14,1.19,0.00
19916,Mark Manfredi,MIL,0,0,0,0,0,1,0,0,0.88,0,0.64,0.99,0.94,0,0,0,5.72,1.86,8.45,8.87,0.95,0.00
14249,Matt Manning,FA,0,0,0,0,0,1,0,0,0.97,0,0.62,0.58,0.85,0,0,0,5.56,1.55,7.61,5.22,1.46,0.00
16822,Timmy Manning,SF,0,0,0,0,0,1,0,0,0.96,0,0.51,0.5,0.9,0,0,0,4.61,1.46,8.10,4.50,1.80,0.00
16047,Alek Manoah,LAA,18,18,5,0,0,98,3,5,84,16,47,41,90,0,0,0,4.32,1.28,8.27,3.77,2.20,1.47
14542,Joe Mantiply,TOR,0,0,0,0,0,1,0,0,1.04,0,0.53,0.33,0.93,0,0,0,4.75,1.37,8.33,2.96,2.81,0.00
17375,Landon Marceaux,KC,0,0,0,0,0,1,0,0,1.17,0,0.7,0.44,0.83,0,0,0,6.32,1.61,7.45,3.96,1.88,0.00
18730,Jorge Marcheco,ATH,0,0,0,0,0,1,0,0,1.13,0,0.76,0.47,0.74,0,0,0,6.86,1.60,6.69,4.23,1.58,0.00
15903,Nick Margevicius,SF,0,0,0,0,0,1,0,0,1.32,0,0.73,0.35,0.74,0,0,0,6.53,1.67,6.65,3.14,2.12,0.00
17705,Ron Marinaccio,SD,39,0,0,0,0,41,2,1,33,5,17,15,37,2,0,1,3.73,1.17,8.12,3.29,2.47,1.10
13224,Michael Mariot,SEA,0,0,0,0,0,1,0,0,1.31,0,0.84,0.44,0.66,0,0,0,7.54,1.75,5.96,3.97,1.50,0.00
17485,Jordan Marks,DET,0,0,0,0,0,1,0,0,1.01,0,0.59,0.49,0.8,0,0,0,5.29,1.51,7.20,4.45,1.62,0.00
18987,Landen Maroudis,TOR,0,0,0,0,0,1,0,0,0.99,0,0.92,1.12,0.74,0,0,0,8.31,2.11,6.64,10.11,0.66,0.00
14109,German Marquez,SD,25,25,5,0,0,134,4,7,141,23,78,59,102,0,0,0,5.24,1.49,6.85,3.96,1.73,1.54
20490,Ramon Marquez,PHI,0,0,0,0,0,1,0,0,1.29,0,0.96,0.64,0.85,0,0,0,8.66,1.93,7.65,5.74,1.33,0.00
20110,Chandler Marsh,BAL,0,0,0,0,0,1,0,0,0.84,0,0.47,0.49,0.94,0,0,0,4.20,1.33,8.50,4.40,1.93,0.00
16137,Alec Marsh,KC,0,0,0,0,0,1,0,0,1.03,0,0.62,0.46,0.99,0,0,0,5.60,1.49,8.89,4.17,2.13,0.00
19906,Shane Marshall,FA,0,0,0,0,0,1,0,0,0.98,0,0.52,1.05,0.75,0,0,0,4.72,2.03,6.75,9.45,0.71,0.00
19842,Sabier Marte,NYY,0,0,0,0,0,1,0,0,1.25,0,0.82,0.86,0.53,0,0,0,7.34,2.10,4.78,7.71,0.62,0.00
17273,Jose Marte,NYM,0,0,0,0,0,1,0,0,0.93,0,0.5,0.48,0.95,0,0,0,4.50,1.42,8.55,4.35,1.97,0.00
17087,Yunior Marte,CIN,0,0,0,0,0,1,0,0,1.08,0,0.59,0.49,0.92,0,0,0,5.31,1.57,8.31,4.43,1.88,0.00
20416,Yunior Marte,SF,0,0,0,0,0,1,0,0,1.21,0,0.79,0.56,0.72,0,0,0,7.13,1.77,6.51,5.08,1.28,0.00
20194,Colby Martin,MIA,0,0,0,0,0,1,0,0,0.88,0,0.49,0.59,0.96,0,0,0,4.37,1.47,8.61,5.27,1.63,0.00
20554,Riley Martin,CHC,0,0,0,0,0,1,0,0,0.88,0,0.55,0.84,1.11,0,0,0,4.97,1.71,9.95,7.52,1.32,0.00
20550,Logan Martin,SF,0,0,0,0,0,1,0,0,1.05,0,0.65,0.6,0.72,0,0,0,5.84,1.65,6.47,5.39,1.20,0.00
14871,Corbin Martin,CHC,0,0,0,0,0,1,0,0,1.11,0,0.67,0.61,0.92,0,0,0,6.00,1.71,8.32,5.45,1.52,0.00
13275,Chris Martin,TEX,52,0,0,0,0,52,3,4,48,6,20,13,48,15,13,3,3.46,1.17,8.31,2.25,3.69,1.04
17886,Davis Martin,CWS,26,26,9,0,0,148,5,11,144,18,68,58,121,0,0,0,4.14,1.36,7.36,3.53,2.09,1.09
18122,Trevor Martin,TB,0,0,0,0,0,1,0,0,1.09,0,0.66,0.53,0.85,0,0,0,5.91,1.62,7.67,4.81,1.60,0.00
19020,Payton Martin,LAD,0,0,0,0,0,1,0,0,1.2,0,0.73,0.6,0.74,0,0,0,6.53,1.80,6.62,5.38,1.23,0.00
19281,Daniel Martinez,FA,0,0,0,0,0,1,0,0,1.07,0,0.69,0.55,0.84,0,0,0,6.18,1.62,7.52,4.95,1.52,0.00
19931,Robinson Martinez,BAL,0,0,0,0,0,1,0,0,0.96,0,0.6,0.69,0.94,0,0,0,5.40,1.65,8.44,6.19,1.36,0.00
18163,Maximo Martinez,CWS,0,0,0,0,0,1,0,0,1.25,0,1.08,0.95,0.87,0,0,0,9.70,2.20,7.80,8.56,0.91,0.00
18345,Jeter Martinez,PIT,0,0,0,0,0,1,0,0,1.27,0,1.13,1.14,0.79,0,0,0,10.15,2.41,7.07,10.27,0.69,0.00
17665,Seth Martinez,BOS,0,0,0,0,0,1,0,0,0.93,0,0.47,0.44,0.91,0,0,0,4.28,1.37,8.23,3.96,2.08,0.00
17635,Adrian Martinez,FA,0,0,0,0,0,1,0,0,1.25,0,0.82,0.49,0.84,0,0,0,7.40,1.74,7.59,4.40,1.72,0.00
12932,Nick Martinez,TB,23,20,17,1,0,130,7,7,130,17,63,37,101,0,0,0,4.36,1.28,6.99,2.56,2.73,1.18
14424,Rodolfo Martinez,FA,0,0,0,0,0,1,0,0,1.04,0,0.59,0.69,0.94,0,0,0,5.29,1.73,8.44,6.19,1.36,0.00
16573,Justin Martinez,ARI,27,0,0,0,0,27,1,2,22,3,13,13,27,4,4,2,4.33,1.30,9.00,4.33,2.08,1.00
20482,Liomar Martinez,MIA,0,0,0,0,0,1,0,0,1.15,0,1.03,0.95,0.76,0,0,0,9.25,2.10,6.86,8.55,0.80,0.00
20391,Keyner Martinez,SF,0,0,0,0,0,1,0,0,1.27,0,0.62,0.74,0.81,0,0,0,5.60,2.01,7.25,6.62,1.10,0.00
14742,Bryan Mata,FA,0,0,0,0,0,1,0,0,1.08,0,0.63,0.61,0.99,0,0,0,5.68,1.69,8.94,5.49,1.63,0.00
18092,Quinn Mathews,STL,0,0,0,0,0,1,0,0,0.9,0,0.52,0.67,0.98,0,0,0,4.64,1.57,8.83,6.02,1.47,0.00
19303,David Matoma,PIT,0,0,0,0,0,1,0,0,1.24,0,0.7,0.97,0.68,0,0,0,6.32,2.20,6.10,8.72,0.70,0.00
14994,Phil Maton,CHC,66,0,0,0,0,65,3,3,50,6,24,24,68,21,6,4,3.32,1.14,9.42,3.32,2.83,0.83
18458,Yuki Matsui,SD,53,0,0,0,0,53,2,2,43,7,23,23,50,7,1,2,3.91,1.25,8.49,3.91,2.17,1.19
18788,Zebby Matthews,MIN,35,20,5,0,0,121,4,8,133,22,70,38,122,0,0,0,5.21,1.41,9.07,2.83,3.21,1.64
17557,Tyler Mattison,DET,0,0,0,0,0,1,0,0,0.94,0,0.54,0.59,0.95,0,0,0,4.84,1.53,8.59,5.33,1.61,0.00
16508,Isaac Mattson,PIT,62,0,0,0,0,66,3,4,49,6,27,28,57,15,5,4,3.68,1.17,7.77,3.82,2.04,0.82
11012,Steven Matz,TB,26,17,1,0,0,102,4,5,99,13,44,28,82,0,0,0,3.88,1.25,7.24,2.47,2.93,1.15
10950,Tyler Matzek,FA,0,0,0,0,0,1,0,0,0.99,0,0.5,0.41,0.95,0,0,0,4.50,1.40,8.53,3.65,2.34,0.00
17050,Chris Mauloni,FA,0,0,0,0,0,1,0,0,0.95,0,0.66,0.8,0.83,0,0,0,5.90,1.75,7.45,7.17,1.04,0.00
17982,Brycen Mautz,STL,0,0,0,0,0,1,0,0,1.16,0,0.73,0.59,0.83,0,0,0,6.53,1.74,7.48,5.27,1.42,0.00
18099,Zach Maxwell,CIN,45,0,0,0,0,47,2,2,41,7,21,16,41,0,0,0,4.02,1.21,7.85,3.06,2.56,1.34
19562,Aiden May,MIA,0,0,0,0,0,1,0,0,0.88,0,0.51,0.64,0.89,0,0,0,4.61,1.51,7.99,5.74,1.39,0.00
14331,Dustin May,STL,31,23,9,0,0,137,8,7,118,15,63,53,117,0,0,0,4.14,1.25,7.69,3.48,2.21,0.99
20033,Bryce Mayer,HOU,0,0,0,0,0,1,0,0,1.07,0,0.67,0.49,0.93,0,0,0,5.99,1.57,8.41,4.45,1.89,0.00
17216,Gunner Mayer,PHI,0,0,0,0,0,1,0,0,1.11,0,0.84,0.96,0.91,0,0,0,7.53,2.07,8.17,8.68,0.94,0.00
13074,Mike Mayers,FA,0,0,0,0,0,1,0,0,1.21,0,0.82,0.57,0.8,0,0,0,7.34,1.78,7.23,5.09,1.42,0.00
19516,Kash Mayfield,SD,0,0,0,0,0,1,0,0,1.03,0,0.66,0.9,1,0,0,0,5.98,1.93,8.97,8.07,1.11,0.00
15168,Tim Mayza,PHI,32,0,0,0,0,32,1,1,30,4,14,11,26,3,0,1,3.94,1.28,7.31,3.09,2.36,1.13
17969,Adam Mazur,MIA,21,3,0,0,0,37,1,2,34,5,18,15,29,0,0,0,4.38,1.32,7.05,3.65,1.93,1.22
17215,James McArthur,KC,31,0,0,0,0,31,2,1,30,4,15,8,27,9,2,2,4.35,1.23,7.84,2.32,3.38,1.16
16876,Zach McCambley,PHI,0,0,0,0,0,1,0,0,0.92,0,0.55,0.58,0.97,0,0,0,4.95,1.51,8.74,5.26,1.66,0.00
16977,DJ McCarty,TEX,0,0,0,0,0,1,0,0,1.29,0,0.87,0.85,0.83,0,0,0,7.87,2.15,7.45,7.66,0.97,0.00
17581,Darren McCaughan,CIN,0,0,0,0,0,1,0,0,1.15,0,0.69,0.42,0.84,0,0,0,6.23,1.57,7.55,3.74,2.02,0.00
15400,Shane McClanahan,TB,22,22,13,0,0,128,9,6,106,17,46,45,134,0,0,0,3.23,1.18,9.42,3.16,2.98,1.20
15574,Kade McClure,FA,0,0,0,0,0,1,0,0,1.17,0,0.74,0.47,0.87,0,0,0,6.63,1.64,7.83,4.25,1.84,0.00
18397,Tommy McCollum,TB,0,0,0,0,0,1,0,0,0.97,0,0.55,0.55,0.93,0,0,0,4.99,1.53,8.35,4.99,1.68,0.00
12459,Lance McCullers Jr.,HOU,25,17,5,0,0,96,5,4,85,12,52,47,98,0,0,0,4.88,1.38,9.19,4.41,2.09,1.13
18807,Brody McCullough,CHC,0,0,0,0,0,1,0,0,0.94,0,0.54,0.49,0.91,0,0,0,4.86,1.43,8.20,4.43,1.85,0.00
15472,Garrett McDaniels,LAD,0,0,0,0,0,1,0,0,1.01,0,0.54,0.53,0.92,0,0,0,4.83,1.53,8.24,4.76,1.73,0.00
17414,Chayce McDermott,BAL,8,2,1,0,0,17,1,1,15,2,8,7,14,0,0,0,4.24,1.29,7.41,3.71,2.00,1.06
20097,Ryan McDonagh,KC,0,0,0,0,0,1,0,0,0.93,0,0.45,0.43,0.95,0,0,0,4.05,1.35,8.55,3.83,2.24,0.00
16210,Trevor McDonald,SF,20,9,3,0,0,60,1,1,49,7,24,20,49,0,0,0,3.60,1.15,7.35,3.00,2.45,1.05
17569,Tanner McDougal,CWS,0,0,0,0,0,1,0,0,1.15,0,0.79,0.88,0.89,0,0,0,7.08,2.03,7.97,7.88,1.01,0.00
19306,Chris McElvain,TOR,0,0,0,0,0,1,0,0,1.25,0,0.74,0.6,0.76,0,0,0,6.64,1.85,6.81,5.43,1.26,0.00
9961,T.J. McFarland,FA,35,0,0,0,0,35,1,1,36,4,17,12,27,0,0,1,4.37,1.37,6.94,3.09,2.25,1.03
16149,Alex McFarlane,PHI,0,0,0,0,0,1,0,0,1.08,0,0.85,0.84,0.85,0,0,0,7.67,1.92,7.67,7.57,1.01,0.00
17574,Griff McGarry,WSH,0,0,0,0,0,1,0,0,0.87,0,0.59,0.73,1.03,0,0,0,5.32,1.59,9.30,6.53,1.42,0.00
14381,Easton McGee,MIL,22,0,0,0,0,23,1,1,19,2,10,8,18,0,0,0,3.91,1.17,7.04,3.13,2.25,0.78
12636,Scott McGough,FA,30,0,0,0,0,30,1,1,27,5,16,12,26,0,0,1,4.80,1.30,7.80,3.60,2.17,1.50
19476,Trey McGough,NYM,0,0,0,0,0,1,0,0,0.94,0,0.52,0.51,0.91,0,0,0,4.65,1.44,8.22,4.55,1.80,0.00
17439,Bryce McGowan,COL,0,0,0,0,0,1,0,0,1.09,0,0.66,0.65,0.88,0,0,0,5.90,1.73,7.93,5.81,1.36,0.00
17461,Christian McGowan,PHI,0,0,0,0,0,1,0,0,1.03,0,0.58,0.47,0.92,0,0,0,5.26,1.50,8.31,4.26,1.95,0.00
14059,Kyle McGowin,FA,0,0,0,0,0,1,0,0,1.1,0,0.83,0.52,0.78,0,0,0,7.48,1.62,7.01,4.67,1.50,0.00
19008,Teddy McGraw,SEA,0,0,0,0,0,1,0,0,1.14,0,0.57,0.48,0.89,0,0,0,5.12,1.62,8.03,4.29,1.87,0.00
17320,Michael McGreevy,STL,30,24,11,0,0,148,8,6,151,16,69,33,100,0,0,0,4.20,1.24,6.08,2.01,3.03,0.97
19295,Tyler McKay,FA,0,0,0,0,0,1,0,0,0.93,0,0.47,0.56,0.84,0,0,0,4.28,1.49,7.54,5.06,1.49,0.00
14764,Brendan McKay,FA,0,0,0,0,0,1,0,0,0.92,0,0.43,0.33,0.88,0,0,0,3.90,1.25,7.95,3.00,2.65,0.00
18678,Evan McKendry,MIA,0,0,0,0,0,1,0,0,1.09,0,0.71,0.38,0.7,0,0,0,6.38,1.47,6.31,3.43,1.84,0.00
13856,Triston McKenzie,SD,0,0,0,0,0,1,0,0,0.94,0,0.63,0.66,0.95,0,0,0,5.65,1.60,8.59,5.93,1.45,0.00
18063,Nolan McLean,NYM,26,26,11,0,0,152,11,7,119,16,51,51,152,0,0,0,3.02,1.12,9.00,3.02,2.98,0.95
18806,Trey McLoughlin,HOU,0,0,0,0,0,1,0,0,0.94,0,0.51,0.5,0.94,0,0,0,4.61,1.44,8.44,4.50,1.88,0.00
16585,Hunter McMahon,FA,0,0,0,0,0,1,0,0,1.08,0,0.71,0.41,0.78,0,0,0,6.37,1.49,6.99,3.68,1.90,0.00
20138,Garrett McMillan,PIT,0,0,0,0,0,1,0,0,1.07,0,0.5,0.38,0.82,0,0,0,4.48,1.44,7.42,3.38,2.19,0.00
17008,John McMillon,PHI,0,0,0,0,0,1,0,0,0.96,0,0.67,0.65,0.98,0,0,0,6.00,1.62,8.78,5.89,1.49,0.00
19967,Matt McShane,BOS,0,0,0,0,0,1,0,0,1,0,0.49,0.41,0.95,0,0,0,4.39,1.41,8.55,3.71,2.31,0.00
20510,Morgan McSweeney,FA,0,0,0,0,0,1,0,0,0.9,0,0.46,0.54,0.72,0,0,0,4.14,1.44,6.49,4.83,1.34,0.00
15381,Sam McWilliams,MIL,0,0,0,0,0,1,0,0,1.08,0,0.72,0.64,1.04,0,0,0,6.45,1.72,9.33,5.76,1.62,0.00
19265,Xavier Meachem,MIA,0,0,0,0,0,1,0,0,0.99,0,0.55,0.75,0.85,0,0,0,4.92,1.74,7.63,6.76,1.13,0.00
15205,John Means,KC,0,0,0,0,0,0,0,0,0,0,0,0,0,0,0,0,0.00,0.00,0.00,0.00,0.00,0.00
17084,Nick Mears,KC,60,0,0,0,0,59,3,3,50,7,27,22,55,14,1,4,4.12,1.22,8.39,3.36,2.50,1.07
19542,Bryce Meccage,MIL,0,0,0,0,0,1,0,0,1.18,0,0.93,0.71,0.67,0,0,0,8.34,1.90,6.03,6.42,0.94,0.00
16727,Victor Mederos,LAA,25,1,0,0,0,31,1,3,28,4,15,12,26,0,0,3,4.35,1.29,7.55,3.48,2.17,1.16
15224,Luis Medina,ATH,0,0,0,0,0,1,0,0,1.04,0,0.68,0.56,0.93,0,0,0,6.16,1.60,8.40,5.04,1.67,0.00
16032,Luis Medina,FA,36,15,3,0,0,106,3,6,104,12,57,49,91,0,0,0,4.84,1.44,7.73,4.16,1.86,1.02
14027,Adonis Medina,FA,0,0,0,0,0,1,0,0,1.17,0,0.6,0.68,0.76,0,0,0,5.42,1.85,6.87,6.15,1.12,0.00
19167,James Meeker,MIL,0,0,0,0,0,1,0,0,1.03,0,0.49,0.42,0.8,0,0,0,4.43,1.44,7.20,3.75,1.92,0.00
17539,Tylor Megill,NYM,0,0,0,0,0,1,0,0,0.97,0,0.52,0.44,1.04,0,0,0,4.71,1.41,9.37,4.00,2.34,0.00
13466,Trevor Megill,MIL,62,0,0,0,0,63,5,3,52,6,24,21,64,11,22,6,3.43,1.16,9.14,3.00,3.05,0.86
14146,Erick Mejia,WSH,0,0,0,0,0,0,0,0,0,0,0,0,0,0,0,0,0.00,0.00,0.00,0.00,0.00,0.00
19191,Juan Mejia,COL,63,0,0,0,0,64,2,3,55,7,28,25,64,13,4,3,3.94,1.25,9.00,3.52,2.56,0.98
19293,Enmanuel Mejia,PHI,0,0,0,0,0,1,0,0,1.07,0,0.92,0.81,0.97,0,0,0,8.29,1.87,8.72,7.27,1.20,0.00
19470,Ian Mejia,ATL,0,0,0,0,0,1,0,0,1.04,0,0.57,0.49,0.74,0,0,0,5.16,1.52,6.68,4.39,1.52,0.00
19795,Esteban Mejia,BAL,0,0,0,0,0,1,0,0,1.04,0,0.67,1.1,0.86,0,0,0,6.07,2.14,7.75,9.89,0.78,0.00
17611,Jaime Melendez,FA,0,0,0,0,0,1,0,0,1.01,0,0.77,0.88,0.88,0,0,0,6.95,1.88,7.89,7.89,1.00,0.00
15807,Cristofer Melendez,FA,0,0,0,0,0,1,0,0,1.01,0,0.63,0.59,0.97,0,0,0,5.68,1.60,8.71,5.27,1.65,0.00
17420,Troy Melton,DET,39,8,6,0,0,82,6,4,63,11,30,27,67,0,0,0,3.29,1.10,7.35,2.96,2.48,1.21
16620,Cristian Mena,ARI,19,3,1,0,0,35,2,2,29,5,16,13,29,0,0,4,4.11,1.20,7.46,3.34,2.23,1.29
20140,Miguel Mendez,SD,0,0,0,0,0,1,0,0,1.03,0,0.68,0.81,0.88,0,0,0,6.15,1.83,7.92,7.25,1.09,0.00
15081,Damian Mendoza,FA,0,0,0,0,0,1,0,0,1.22,0,0.7,0.57,0.83,0,0,0,6.33,1.79,7.43,5.14,1.45,0.00
17720,Abdiel Mendoza,FA,0,0,0,0,0,1,0,0,1.12,0,0.64,0.55,0.73,0,0,0,5.72,1.67,6.58,4.96,1.33,0.00
19937,Brayan Mendoza,MIA,0,0,0,0,0,1,0,0,1.18,0,0.74,0.67,0.77,0,0,0,6.63,1.85,6.90,5.99,1.15,0.00
18813,Jordarlin Mendoza,NYY,0,0,0,0,0,1,0,0,1.04,0,0.76,0.96,0.9,0,0,0,6.88,2.00,8.07,8.60,0.94,0.00
14809,Michael Mercado,PHI,0,0,0,0,0,1,0,0,1.04,0,0.62,0.62,0.92,0,0,0,5.58,1.66,8.27,5.58,1.48,0.00
16582,Manuel Mercedes,SF,0,0,0,0,0,1,0,0,1.33,0,0.96,0.79,0.58,0,0,0,8.64,2.12,5.18,7.15,0.73,0.00
20094,Nick Merkel,MIL,0,0,0,0,0,1,0,0,0.98,0,0.57,0.52,0.89,0,0,0,5.11,1.50,8.02,4.65,1.72,0.00
17123,Matt Merrill,FA,0,0,0,0,0,1,0,0,0.84,0,0.56,0.98,0.98,0,0,0,5.04,1.82,8.82,8.82,1.00,0.00
15104,Julian Merryweather,MIN,0,0,0,0,0,1,0,0,0.97,0,0.52,0.44,1,0,0,0,4.70,1.41,9.01,4.00,2.25,0.00
17968,Parker Messick,CLE,22,22,8,0,0,118,5,2,115,14,44,32,104,0,0,0,3.36,1.25,7.93,2.44,3.25,1.07
20090,Carson Messina,TOR,0,0,0,0,0,1,0,0,1.03,0,0.57,0.35,0.93,0,0,0,5.17,1.38,8.33,3.15,2.64,0.00
18758,Zach Messinger,NYY,0,0,0,0,0,1,0,0,1.05,0,0.68,0.65,0.81,0,0,0,6.14,1.70,7.25,5.84,1.24,0.00
19810,Luis Mey,CIN,34,0,0,0,0,33,2,2,28,4,14,15,29,0,0,2,3.82,1.30,7.91,4.09,1.93,1.09
18858,Noble Meyer,MIA,0,0,0,0,0,1,0,0,0.94,0,0.75,0.93,0.86,0,0,0,6.70,1.88,7.71,8.39,0.92,0.00
16673,Max Meyer,MIA,28,21,6,0,0,124,4,6,124,22,64,40,111,0,0,0,4.65,1.32,8.06,2.90,2.78,1.60
13078,Keynan Middleton,LAD,0,0,0,0,0,1,0,0,0.88,0,0.45,0.44,1.01,0,0,0,4.05,1.31,9.11,3.94,2.31,0.00
17067,Jordan Mikel,CWS,0,0,0,0,0,1,0,0,1.06,0,0.66,0.47,0.83,0,0,0,5.94,1.53,7.45,4.23,1.76,0.00
17779,Nick Mikolajchak,FA,0,0,0,0,0,1,0,0,1.05,0,0.61,0.78,0.71,0,0,0,5.47,1.83,6.35,7.01,0.91,0.00
11177,Miles Mikolas,WSH,31,31,11,0,0,166,9,11,183,27,92,33,111,0,0,0,4.99,1.30,6.02,1.79,3.36,1.46
16871,Matt Mikulski,FA,0,0,0,0,0,1,0,0,1.16,0,0.91,0.91,0.87,0,0,0,8.21,2.07,7.81,8.21,0.95,0.00
17283,Bobby Milacki,FA,0,0,0,0,0,1,0,0,1.2,0,0.63,0.48,0.69,0,0,0,5.70,1.67,6.24,4.30,1.45,0.00
18001,Karson Milbrandt,MIA,0,0,0,0,0,1,0,0,1.06,0,0.67,0.78,0.84,0,0,0,5.99,1.84,7.58,7.05,1.08,0.00
18133,Spencer Miles,TOR,0,0,0,0,0,1,0,0,1.06,0,0.6,0.42,0.94,0,0,0,5.40,1.48,8.46,3.78,2.24,0.00
10501,Wade Miley,FA,11,11,2,0,0,63,2,2,57,9,32,25,44,0,0,0,4.57,1.30,6.29,3.57,1.76,1.29
10952,Shelby Miller,CHC,0,0,0,0,0,1,0,0,0.85,0,0.44,0.36,1.01,0,0,0,3.94,1.22,9.07,3.28,2.77,0.00
14392,Tyson Miller,CWS,0,0,0,0,0,1,0,0,0.96,0,0.54,0.5,0.92,0,0,0,4.87,1.47,8.25,4.54,1.82,0.00
16694,Bobby Miller,LAD,19,0,0,0,0,21,1,1,24,4,15,8,20,0,0,0,6.43,1.52,8.57,3.43,2.50,1.71
16081,Erik Miller,SF,63,0,0,0,0,61,3,3,50,5,22,29,55,0,0,3,3.25,1.30,8.11,4.28,1.90,0.74
17962,Jacob Miller,MIA,0,0,0,0,0,1,0,0,1.11,0,0.76,0.61,0.71,0,0,0,6.80,1.72,6.43,5.47,1.18,0.00
17377,Bryce Miller,SEA,23,23,7,0,0,130,7,7,118,20,64,38,114,0,0,0,4.43,1.20,7.89,2.63,3.00,1.38
17442,Mason Miller,SD,62,0,5,0,0,66,4,3,40,6,19,26,80,2,33,5,2.59,1.00,10.91,3.55,3.08,0.82
17533,Troy Miller,FA,0,0,0,0,0,1,0,0,1.09,0,0.67,0.48,0.89,0,0,0,6.05,1.58,8.02,4.36,1.84,0.00
18961,Cole Miller,ATH,0,0,0,0,0,1,0,0,1.14,0,0.47,0.42,0.72,0,0,0,4.27,1.56,6.52,3.82,1.71,0.00
19847,Ryan Miller,COL,0,0,0,0,0,1,0,0,0.97,0,0.57,0.43,0.81,0,0,0,5.11,1.40,7.33,3.87,1.89,0.00
19900,Jake Miller,DET,0,0,0,0,0,1,0,0,1.02,0,0.52,0.4,0.89,0,0,0,4.65,1.42,8.05,3.58,2.25,0.00
20526,Joe Miller,DET,0,0,0,0,0,1,0,0,1.19,0,0.6,0.49,0.71,0,0,0,5.44,1.68,6.35,4.45,1.43,0.00
17563,Zane Mills,CHC,0,0,0,0,0,1,0,0,1.23,0,0.78,0.52,0.73,0,0,0,7.02,1.75,6.53,4.72,1.39,0.00
15003,Wyatt Mills,LAD,0,0,0,0,0,1,0,0,0.83,0,0.46,0.66,0.84,0,0,0,4.11,1.49,7.59,5.91,1.28,0.00
12720,Hoby Milner,CHC,61,0,0,0,0,61,3,2,55,6,25,17,53,11,1,2,3.69,1.18,7.82,2.51,3.12,0.89
18892,Camden Minacci,LAA,0,0,0,0,0,1,0,0,1.29,0,0.68,0.6,0.87,0,0,0,6.08,1.88,7.83,5.36,1.46,0.00
13889,A.J. Minter,NYM,57,0,0,0,0,56,4,4,45,6,22,19,52,16,3,3,3.54,1.14,8.36,3.05,2.74,0.96
18768,Kevin Miranda,TOR,0,0,0,0,0,1,0,0,1.12,0,0.7,0.44,0.75,0,0,0,6.31,1.56,6.72,3.99,1.69,0.00
19893,Andrew Misiaszek,CLE,0,0,0,0,0,1,0,0,1.05,0,0.66,0.59,0.93,0,0,0,5.91,1.64,8.41,5.29,1.59,0.00
17023,Anthony Misiewicz,CIN,0,0,0,0,0,1,0,0,0.96,0,0.53,0.41,0.93,0,0,0,4.73,1.37,8.40,3.66,2.29,0.00
16834,Jacob Misiorowski,MIL,34,25,7,0,0,137,8,5,109,17,63,58,158,0,0,0,4.14,1.22,10.38,3.81,2.72,1.12
15037,Daniel Missaki,TEX,0,0,0,0,0,1,0,0,1.08,0,0.66,0.6,0.91,0,0,0,5.92,1.68,8.19,5.43,1.51,0.00
15396,Casey Mize,DET,27,27,9,0,0,150,9,7,152,19,69,39,130,0,0,0,4.14,1.27,7.80,2.34,3.33,1.14
16695,Carmen Mlodzinski,PIT,33,8,0,0,0,68,1,1,60,7,26,24,60,0,0,2,3.44,1.24,7.94,3.18,2.50,0.93
15952,Dalton Moats,CHC,0,0,0,0,0,1,0,0,1.04,0,0.67,0.58,0.91,0,0,0,6.02,1.62,8.20,5.18,1.58,0.00
19559,Chase Mobley,CLE,0,0,0,0,0,1,0,0,1.13,0,0.99,1.04,0.94,0,0,0,8.89,2.16,8.44,9.34,0.90,0.00
16794,Chris Mokma,FA,0,0,0,0,0,1,0,0,1.25,0,0.92,0.66,0.82,0,0,0,8.24,1.91,7.38,5.96,1.24,0.00
19946,Mason Molina,STL,0,0,0,0,0,1,0,0,0.96,0,0.57,0.66,0.92,0,0,0,5.17,1.62,8.24,5.94,1.39,0.00
18667,Anthony Molina,ATL,19,0,0,0,0,23,2,0,25,5,14,7,18,0,0,0,5.48,1.39,7.04,2.74,2.57,1.96
13061,Sam Moll,CIN,41,0,0,0,0,39,1,1,32,5,17,15,36,0,0,1,3.92,1.21,8.31,3.46,2.40,1.15
19021,Yordanny Monegro,BOS,0,0,0,0,0,1,0,0,0.99,0,0.55,0.55,0.95,0,0,0,4.96,1.54,8.56,4.96,1.73,0.00
20141,Blake Money,BAL,0,0,0,0,0,1,0,0,1.09,0,0.66,0.49,0.9,0,0,0,5.92,1.58,8.10,4.45,1.82,0.00
19323,Joseph Montalvo,DET,0,0,0,0,0,1,0,0,1.06,0,0.63,0.62,0.75,0,0,0,5.70,1.68,6.76,5.57,1.21,0.00
12845,Frankie Montas,FA,0,0,0,0,0,1,0,0,1.05,0,0.62,0.41,0.92,0,0,0,5.62,1.46,8.24,3.73,2.21,0.00
12735,Rafael Montero,NYY,63,0,0,0,0,63,1,3,54,8,30,28,54,0,0,3,4.29,1.30,7.71,4.00,1.93,1.14
19792,Jose Montero,CIN,0,0,0,0,0,1,0,0,1.29,0,0.79,0.68,0.66,0,0,0,7.15,1.97,5.96,6.14,0.97,0.00
17863,Keider Montero,DET,38,7,4,1,0,84,4,4,86,15,43,27,67,1,0,0,4.61,1.35,7.18,2.89,2.48,1.61
18393,Christian Montes De Oca,FA,0,0,0,0,0,1,0,0,1.05,0,0.62,0.43,0.89,0,0,0,5.56,1.48,8.01,3.86,2.07,0.00
14940,Bryce Montes de Oca,WSH,0,0,0,0,0,1,0,0,0.96,0,0.58,0.57,1,0,0,0,5.25,1.53,9.00,5.17,1.74,0.00
18709,Patrick Monteverde,MIA,13,2,0,0,0,21,1,1,18,3,11,8,18,0,0,0,4.71,1.24,7.71,3.43,2.25,1.29
17897,Mason Montgomery,PIT,59,0,0,0,0,60,2,2,51,6,25,24,62,12,2,3,3.75,1.25,9.30,3.60,2.58,0.90
13481,Jordan Montgomery,TEX,16,16,7,0,0,91,5,5,103,10,50,29,71,0,0,0,4.95,1.45,7.02,2.87,2.45,0.99
16700,Carson Montgomery,SD,0,0,0,0,0,1,0,0,0.9,0,0.55,0.57,0.98,0,0,0,4.95,1.47,8.78,5.17,1.70,0.00
10179,Matt Moore,FA,0,0,0,0,0,1,0,0,0.84,0,0.41,0.41,0.99,0,0,0,3.73,1.25,8.95,3.73,2.40,0.00
17816,McKinley Moore,FA,0,0,0,0,0,1,0,0,0.98,0,0.56,0.55,0.95,0,0,0,5.00,1.52,8.59,4.91,1.75,0.00
18193,Andrew Moore,SD,0,0,0,0,0,1,0,0,0.93,0,0.61,0.74,1.04,0,0,0,5.53,1.67,9.34,6.66,1.40,0.00
20106,Wesley Moore,PHI,0,0,0,0,0,1,0,0,1.03,0,0.59,0.61,0.9,0,0,0,5.29,1.64,8.10,5.51,1.47,0.00
20051,Brock Moore,SEA,0,0,0,0,0,1,0,0,1.03,0,0.88,1,0.98,0,0,0,7.88,2.03,8.78,9.00,0.98,0.00
18307,Luis Morales,ATH,21,21,7,0,0,113,6,5,100,17,52,43,97,0,0,0,4.14,1.27,7.73,3.42,2.26,1.35
17757,Accimia Morales,LAD,0,0,0,0,0,1,0,0,1.28,0,0.93,0.82,0.75,0,0,0,8.32,2.10,6.75,7.42,0.91,0.00
17394,Michael Morales,SEA,0,0,0,0,0,1,0,0,1.25,0,0.78,0.57,0.65,0,0,0,6.99,1.82,5.82,5.12,1.14,0.00
14437,Francisco Morales,FA,0,0,0,0,0,1,0,0,0.97,0,0.68,0.66,1,0,0,0,6.08,1.63,9.00,5.92,1.52,0.00
11401,Brian Moran,FA,0,0,0,0,0,1,0,0,1.06,0,0.6,0.4,0.87,0,0,0,5.42,1.45,7.79,3.56,2.19,0.00
17604,Jovani Moran,BOS,48,0,0,0,0,48,2,2,42,5,23,20,42,2,0,1,4.31,1.29,7.88,3.75,2.10,0.94
14068,Adrian Morejon,SD,66,0,0,0,0,67,6,4,62,6,28,23,62,20,2,3,3.76,1.27,8.33,3.09,2.70,0.81
15559,Yohanse Morel,FA,0,0,0,0,0,1,0,0,1.14,0,0.9,0.82,0.86,0,0,0,8.08,1.96,7.71,7.34,1.05,0.00
15252,Gerson Moreno,STL,0,0,0,0,0,1,0,0,0.71,0,0.54,0.82,0.96,0,0,0,4.90,1.53,8.66,7.34,1.18,0.00
16902,Koen Moreno,CHC,0,0,0,0,0,1,0,0,1.02,0,0.68,1.08,0.86,0,0,0,6.15,2.11,7.77,9.76,0.80,0.00
17632,Dauri Moreta,FA,35,0,0,0,0,35,1,1,30,4,15,13,33,0,0,2,3.86,1.23,8.49,3.34,2.54,1.03
19796,Keeler Morfe,BAL,0,0,0,0,0,1,0,0,0.97,0,0.79,1.02,0.89,0,0,0,7.07,1.98,8.03,9.14,0.88,0.00
19889,David Morgan,SD,62,0,0,0,0,63,2,2,50,6,24,26,58,4,0,1,3.43,1.21,8.29,3.71,2.23,0.86
15380,Eli Morgan,KC,43,0,0,0,0,43,2,2,41,7,23,15,35,0,0,3,4.81,1.30,7.33,3.14,2.33,1.47
20012,Alfred Morillo,ARI,0,0,0,0,0,1,0,0,1.1,0,0.67,0.78,0.88,0,0,0,5.99,1.88,7.95,7.03,1.13,0.00
20080,Juan Morillo,ARI,59,0,0,0,0,59,0,0,55,6,26,25,53,0,0,1,3.97,1.36,8.08,3.81,2.12,0.92
16219,Nick Morreale,SF,0,0,0,0,0,1,0,0,1.08,0,0.64,0.53,0.78,0,0,0,5.73,1.61,7.01,4.78,1.47,0.00
16617,Cody Morris,FA,0,0,0,0,0,1,0,0,0.85,0,0.5,0.61,0.99,0,0,0,4.50,1.46,8.89,5.51,1.61,0.00
18925,Kade Morris,ATH,0,0,0,0,0,1,0,0,1.16,0,0.69,0.47,0.74,0,0,0,6.23,1.63,6.64,4.21,1.58,0.00
18125,Andrew Morris,MIN,0,0,0,0,0,1,0,0,1.14,0,0.52,0.39,0.77,0,0,0,4.72,1.53,6.95,3.47,2.00,0.00
20239,Mason Morris,CIN,0,0,0,0,0,1,0,0,0.95,0,0.63,0.38,0.98,0,0,0,5.63,1.33,8.78,3.38,2.60,0.00
7945,Charlie Morton,FA,15,15,6,0,0,81,5,5,80,11,43,38,85,0,0,0,4.78,1.46,9.44,4.22,2.24,1.22
18684,Oddanier Mosqueda,PIT,0,0,0,0,0,1,0,0,0.9,0,0.71,0.7,0.95,0,0,0,6.43,1.60,8.54,6.30,1.36,0.00
19890,Gabe Mosser,SEA,0,0,0,0,0,1,0,0,1.24,0,0.78,0.51,0.76,0,0,0,7.04,1.74,6.83,4.58,1.49,0.00
17331,Frank Mozzicato,KC,0,0,0,0,0,1,0,0,0.97,0,0.82,1.21,0.76,0,0,0,7.38,2.18,6.81,10.88,0.63,0.00
19006,Zander Mueth,PIT,0,0,0,0,0,1,0,0,1.05,0,0.7,1.13,0.84,0,0,0,6.31,2.17,7.59,10.15,0.75,0.00
18006,Nazier Mule,CHC,0,0,0,0,0,1,0,0,1.04,0,0.92,1.16,0.76,0,0,0,8.29,2.20,6.81,10.46,0.65,0.00
14254,Kyle Muller,FA,0,0,0,0,0,1,0,0,1.14,0,0.67,0.46,0.8,0,0,0,6.04,1.60,7.20,4.11,1.75,0.00
19817,Hayden Mullins,BOS,0,0,0,0,0,1,0,0,0.88,0,0.51,0.67,0.95,0,0,0,4.62,1.55,8.51,6.05,1.41,0.00
19932,Rolddy Munoz,ATL,17,0,0,0,0,18,1,1,16,2,9,7,15,0,0,0,4.50,1.28,7.50,3.50,2.14,1.00
18260,Roddery Munoz,HOU,41,1,0,0,0,48,2,2,42,11,29,23,45,0,0,0,5.44,1.35,8.44,4.31,1.96,2.06
18760,Jean Munoz,SEA,0,0,0,0,0,1,0,0,1.19,0,0.99,1.09,0.83,0,0,0,8.93,2.28,7.43,9.82,0.76,0.00
15238,Andres Munoz,SEA,64,0,0,0,0,64,4,4,45,5,21,26,71,0,38,5,2.95,1.11,9.98,3.66,2.73,0.70
17192,Noah Murdock,PIT,0,0,0,0,0,1,0,0,1.08,0,0.78,0.8,0.91,0,0,0,7.04,1.87,8.19,7.16,1.14,0.00
17104,Penn Murfee,CWS,0,0,0,0,0,1,0,0,0.98,0,0.53,0.49,0.93,0,0,0,4.76,1.46,8.40,4.38,1.92,0.00
16899,Ryan Murphy,STL,0,0,0,0,0,1,0,0,1.1,0,0.63,0.55,0.84,0,0,0,5.70,1.64,7.56,4.93,1.53,0.00
16594,Chris Murphy,CWS,37,0,0,0,0,40,2,1,33,4,17,16,35,8,2,3,3.83,1.23,7.88,3.60,2.19,0.90
13108,Patrick Murphy,TEX,0,0,0,0,0,1,0,0,1.05,0,0.52,0.56,0.88,0,0,0,4.71,1.60,7.91,5.02,1.58,0.00
17965,Owen Murphy,ATL,0,0,0,0,0,1,0,0,0.89,0,0.53,0.47,0.93,0,0,0,4.79,1.36,8.38,4.19,2.00,0.00
17502,Luke Murphy,LAA,0,0,0,0,0,1,0,0,1.25,0,0.83,0.58,0.93,0,0,0,7.47,1.83,8.35,5.19,1.61,0.00
19877,Chandler Murphy,TB,0,0,0,0,0,1,0,0,1.01,0,0.54,0.46,0.82,0,0,0,4.82,1.47,7.38,4.11,1.79,0.00
20465,Shane Murphy,CWS,0,0,0,0,0,1,0,0,0.97,0,0.5,0.34,0.71,0,0,0,4.53,1.31,6.43,3.06,2.10,0.00
18214,Jayden Murray,HOU,30,0,0,0,0,31,1,1,27,3,12,10,25,0,0,0,3.48,1.19,7.26,2.90,2.50,0.87
12185,Joe Musgrove,SD,25,25,15,0,0,142,8,8,132,18,55,32,142,0,0,0,3.49,1.15,9.00,2.03,4.44,1.14
20647,Tucker Musgrove,SD,0,0,0,0,0,1,0,0,0.98,0,0.82,0.65,0.93,0,0,0,7.42,1.63,8.33,5.85,1.42,0.00
17855,Parker Mushinski,COL,0,0,0,0,0,1,0,0,0.98,0,0.59,0.64,0.98,0,0,0,5.34,1.62,8.80,5.73,1.54,0.00
16007,Tanner Myatt,NYY,0,0,0,0,0,1,0,0,0.89,0,0.5,0.57,0.96,0,0,0,4.51,1.46,8.60,5.11,1.68,0.00
14720,Tobias Myers,NYM,27,7,0,0,0,59,2,3,58,6,22,17,49,2,0,1,3.36,1.27,7.47,2.59,2.88,0.92
17267,Tommy Nance,TOR,57,0,0,0,0,57,2,3,47,5,23,19,48,0,0,1,3.63,1.16,7.58,3.00,2.53,0.79
18226,Andrew Nardi,MIA,51,0,0,0,0,49,2,2,42,6,22,18,54,8,2,3,4.04,1.22,9.92,3.31,3.00,1.10
17531,Nick Nastrini,LAD,0,0,0,0,0,1,0,0,0.96,0,0.75,0.76,0.92,0,0,0,6.72,1.73,8.32,6.87,1.21,0.00
19895,Samy Natera,LAA,0,0,0,0,0,1,0,0,0.91,0,0.56,0.76,1.05,0,0,0,5.05,1.67,9.42,6.85,1.38,0.00
16259,Packy Naughton,STL,0,0,0,0,0,1,0,0,0.99,0,0.46,0.36,0.95,0,0,0,4.15,1.35,8.51,3.22,2.64,0.00
20395,Reinold Navarro,PIT,0,0,0,0,0,1,0,0,0.76,0,0.81,1.35,1.04,0,0,0,7.31,2.11,9.34,12.15,0.77,0.00
19267,Jack Neely,CHC,15,0,0,0,0,15,0,1,13,2,7,5,13,0,0,0,4.20,1.20,7.80,3.00,2.60,1.20
19558,Tyson Neighbors,BAL,0,0,0,0,0,1,0,0,0.83,0,0.42,0.53,1.01,0,0,0,3.80,1.37,9.10,4.80,1.90,0.00
16118,Ryne Nelson,ARI,28,28,14,0,0,161,9,5,153,20,74,43,130,0,0,0,4.14,1.22,7.27,2.40,3.02,1.12
17022,Kyle Nelson,ATL,0,0,0,0,0,1,0,0,1,0,0.63,0.43,0.93,0,0,0,5.64,1.44,8.36,3.91,2.14,0.00
14387,Nick Nelson,FA,0,0,0,0,0,1,0,0,1.06,0,0.62,0.49,0.82,0,0,0,5.59,1.55,7.34,4.40,1.67,0.00
13603,Hector Neris,KC,0,0,0,0,0,1,0,0,0.91,0,0.47,0.4,1.05,0,0,0,4.27,1.32,9.48,3.64,2.61,0.00
19244,Braden Nett,ATH,0,0,0,0,0,1,0,0,1.1,0,0.69,0.87,0.86,0,0,0,6.19,1.97,7.74,7.83,0.99,0.00
18632,Mitch Neunborn,PHI,0,0,0,0,0,1,0,0,1.12,0,0.78,0.59,0.78,0,0,0,7.03,1.71,7.03,5.33,1.32,0.00
13368,Sean Newcomb,CWS,46,9,0,0,0,89,3,3,76,10,39,39,77,0,0,0,3.94,1.29,7.79,3.94,1.97,1.01
19814,Jackson Nezuh,HOU,0,0,0,0,0,1,0,0,1.07,0,0.74,0.62,0.84,0,0,0,6.62,1.69,7.56,5.54,1.37,0.00
16830,T.J. Nichols,TB,0,0,0,0,0,1,0,0,1.04,0,0.54,0.42,0.82,0,0,0,4.87,1.46,7.34,3.75,1.96,0.00
16720,Kyle Nicolas,CIN,52,0,0,0,0,54,3,3,48,7,28,23,48,4,1,1,4.67,1.31,8.00,3.83,2.09,1.17
20394,Marlon Nieves,LAD,0,0,0,0,0,1,0,0,0.91,0,0.74,1.18,0.71,0,0,0,6.62,2.09,6.41,10.65,0.60,0.00
17351,Doug Nikhazy,CLE,18,2,1,0,0,26,1,2,22,3,12,10,22,0,0,0,4.15,1.23,7.62,3.46,2.20,1.04
17418,Vinny Nittoli,BOS,0,0,0,0,0,1,0,0,1,0,0.52,0.41,0.96,0,0,0,4.66,1.41,8.62,3.67,2.35,0.00
15153,Stephen Nogosek,FA,0,0,0,0,0,1,0,0,1.03,0,0.68,0.61,0.91,0,0,0,6.12,1.65,8.21,5.51,1.49,0.00
13359,Aaron Nola,PHI,28,28,13,0,0,166,10,11,163,28,76,44,168,0,0,0,4.12,1.25,9.11,2.39,3.82,1.52
20464,Connor Noland,CHC,0,0,0,0,0,1,0,0,1.19,0,0.63,0.48,0.68,0,0,0,5.63,1.67,6.14,4.33,1.42,0.00
19142,Yohemy Nolasco,FA,0,0,0,0,0,1,0,0,1.4,0,0.98,0.85,0.82,0,0,0,8.78,2.25,7.42,7.65,0.97,0.00
16808,Liam Norris,ARI,0,0,0,0,0,1,0,0,1,0,0.88,1.2,1.03,0,0,0,7.97,2.20,9.29,10.76,0.86,0.00
18757,Jaylen Nowlin,MIN,0,0,0,0,0,1,0,0,1.07,0,0.75,0.74,0.88,0,0,0,6.74,1.81,7.91,6.66,1.19,0.00
18218,Juan Nunez,BAL,0,0,0,0,0,1,0,0,1.04,0,0.7,0.76,0.95,0,0,0,6.26,1.80,8.56,6.88,1.24,0.00
19923,Eduarniel Nunez,ATH,47,0,0,0,0,49,3,2,43,6,23,20,41,0,0,0,4.22,1.29,7.53,3.67,2.05,1.10
20101,Anthony Nunez,BAL,0,0,0,0,0,1,0,0,0.79,0,0.44,0.47,1.03,0,0,0,3.94,1.26,9.23,4.22,2.19,0.00
17045,Edwin Nunez,STL,0,0,0,0,0,1,0,0,1.08,0,1.05,1.06,0.84,0,0,0,9.46,2.14,7.53,9.55,0.79,0.00
17139,Dedniel Nunez,NYM,0,0,0,0,0,1,0,0,0.99,0,0.5,0.49,1.04,0,0,0,4.50,1.48,9.34,4.39,2.13,0.00
16611,Riley O''Brien,STL,62,0,0,0,0,64,4,4,59,7,32,29,57,12,17,5,4.50,1.38,8.02,4.08,1.97,0.98
18887,Connor O'Halloran,TOR,0,0,0,0,0,1,0,0,1.1,0,0.82,0.65,0.82,0,0,0,7.37,1.76,7.37,5.87,1.26,0.00
18533,Jack O'Loughlin,FA,0,0,0,0,0,1,0,0,1.25,0,0.74,0.66,0.79,0,0,0,6.62,1.91,7.08,5.95,1.19,0.00
19525,Joey Oakie,CLE,0,0,0,0,0,1,0,0,1.25,0,1.25,1.25,0.88,0,0,0,11.25,2.50,7.88,11.25,0.70,0.00
16018,Bailey Ober,MIN,29,28,13,1,0,163,7,10,156,30,81,39,155,0,0,0,4.47,1.20,8.56,2.15,3.97,1.66
10476,Jake Odorizzi,FA,0,0,0,0,0,1,0,0,0.99,0,0.55,0.41,0.88,0,0,0,4.93,1.40,7.88,3.65,2.16,0.00
20743,Shawndrick Oduber,FA,0,0,0,0,0,1,0,0,1.27,0,0.98,0.69,0.78,0,0,0,8.80,1.96,6.99,6.22,1.12,0.00
18375,Shinnosuke Ogasawara,WSH,8,0,0,0,0,9,0,0,8,1,5,3,7,0,0,0,5.00,1.22,7.00,3.00,2.33,1.00
20433,Pierson Ohl,COL,49,1,0,0,0,57,3,5,56,8,27,18,49,1,0,1,4.26,1.30,7.74,2.84,2.72,1.26
13720,Steven Okert,HOU,62,0,0,0,0,62,3,2,52,8,28,22,62,10,1,3,4.06,1.19,9.00,3.19,2.82,1.16
20040,Jose Olivares,MIN,0,0,0,0,0,1,0,0,1.07,0,0.88,0.94,0.8,0,0,0,7.94,2.01,7.20,8.46,0.85,0.00
16462,Helcris Olivarez,KC,0,0,0,0,0,1,0,0,0.75,0,0.52,1.01,0.98,0,0,0,4.64,1.76,8.81,9.05,0.97,0.00
19349,Connor Oliver,PIT,0,0,0,0,0,1,0,0,1.08,0,0.77,0.77,0.84,0,0,0,6.91,1.85,7.54,6.91,1.09,0.00
17709,Adam Oller,FA,0,0,0,0,0,1,0,0,1.11,0,0.75,0.56,0.85,0,0,0,6.78,1.67,7.67,5.07,1.51,0.00
17595,Reese Olson,DET,0,0,0,0,0,0,0,0,0,0,0,0,0,0,0,0,0.00,0.00,0.00,0.00,0.00,0.00
19035,Emmett Olson,MIA,0,0,0,0,0,1,0,0,1.16,0,0.62,0.51,0.77,0,0,0,5.60,1.68,6.94,4.63,1.50,0.00
18462,Ben Onyshko,FA,0,0,0,0,0,1,0,0,1.13,0,0.83,0.65,0.78,0,0,0,7.45,1.79,7.06,5.89,1.20,0.00
18835,Christian Oppor,CWS,0,0,0,0,0,1,0,0,1.03,0,0.69,0.88,0.88,0,0,0,6.23,1.91,7.96,7.96,1.00,0.00
17663,Kaleb Ort,LAA,53,0,0,0,0,53,2,2,45,9,24,19,49,0,0,0,4.08,1.21,8.32,3.23,2.58,1.53
17591,Oliver Ortega,FA,0,0,0,0,0,1,0,0,0.9,0,0.49,0.43,0.95,0,0,0,4.39,1.33,8.55,3.83,2.24,0.00
17851,Luis L. Ortiz,CLE,0,0,0,0,0,1,0,0,0.93,0,0.5,0.45,0.88,0,0,0,4.46,1.37,7.96,4.02,1.98,0.00
15766,Robinson Ortiz,SEA,0,0,0,0,0,1,0,0,0.94,0,0.47,0.62,0.9,0,0,0,4.20,1.57,8.10,5.60,1.45,0.00
13384,Luis F. Ortiz,FA,0,0,0,0,0,1,0,0,0.99,0,0.56,0.37,0.92,0,0,0,4.99,1.36,8.27,3.29,2.52,0.00
20467,JeanPierre Ortiz,CIN,0,0,0,0,0,1,0,0,1.09,0,0.6,0.69,0.73,0,0,0,5.38,1.78,6.53,6.21,1.05,0.00
19285,Eric Orze,MIN,62,0,0,0,0,63,2,3,58,10,37,27,51,5,1,1,5.29,1.35,7.29,3.86,1.89,1.43
16089,Bryce Osmond,LAA,0,0,0,0,0,1,0,0,1.09,0,0.68,0.58,0.87,0,0,0,6.15,1.68,7.80,5.26,1.48,0.00
19821,Manuel Osorio,CLE,0,0,0,0,0,1,0,0,1.4,0,1.43,1.75,0.63,0,0,0,12.83,3.15,5.63,15.75,0.36,0.00
19189,Michel Otanez,TEX,28,0,0,0,0,28,1,1,25,4,15,12,26,0,0,1,4.82,1.32,8.36,3.86,2.17,1.29
17560,Micah Ottenbreit,PHI,0,0,0,0,0,1,0,0,1.19,0,0.84,0.58,0.79,0,0,0,7.55,1.78,7.11,5.23,1.36,0.00
14945,Glenn Otto,HOU,0,0,0,0,0,1,0,0,0.95,0,0.6,0.53,0.94,0,0,0,5.43,1.48,8.42,4.73,1.78,0.00
18732,Layonel Ovalles,NYM,0,0,0,0,0,1,0,0,0.98,0,0.63,0.68,0.85,0,0,0,5.70,1.66,7.62,6.08,1.25,0.00
17609,Connor Overton,FA,0,0,0,0,0,1,0,0,1.07,0,0.65,0.39,0.86,0,0,0,5.83,1.46,7.78,3.54,2.20,0.00
15171,Johan Oviedo,BOS,34,14,3,0,0,93,4,4,69,12,39,49,90,0,0,0,3.77,1.27,8.71,4.74,1.84,1.16
18977,Hunter Owen,KC,0,0,0,0,0,1,0,0,1.14,0,0.74,0.61,0.74,0,0,0,6.66,1.75,6.66,5.52,1.21,0.00
16225,Tyler Owens,DET,0,0,0,0,0,1,0,0,1.11,0,0.61,0.55,0.87,0,0,0,5.50,1.66,7.83,4.94,1.58,0.00
20220,Josh Owens,TEX,0,0,0,0,0,0,0,0,0,0,0,0,0,0,0,0,0.00,0.00,0.00,0.00,0.00,0.00
19876,Sandy Ozuna,COL,0,0,0,0,0,1,0,0,1.2,0,0.73,0.52,0.82,0,0,0,6.53,1.73,7.42,4.72,1.57,0.00
17698,Freddy Pacheco,FA,0,0,0,0,0,1,0,0,0.88,0,0.62,0.68,0.9,0,0,0,5.53,1.56,8.10,6.08,1.33,0.00
14409,Chris Paddack,MIA,25,25,4,0,0,135,5,7,148,24,77,30,129,0,0,0,5.13,1.32,8.60,2.00,4.30,1.60
18231,Nicholas Padilla,PHI,0,0,0,0,0,1,0,0,0.96,0,0.57,0.65,0.92,0,0,0,5.16,1.61,8.32,5.89,1.41,0.00
19746,Jedixson Paez,CWS,0,0,0,0,0,1,0,0,1.22,0,0.64,0.3,0.79,0,0,0,5.77,1.52,7.11,2.68,2.65,0.00
14747,Emilio Pagan,CIN,66,0,0,0,0,66,3,5,52,9,27,22,66,2,27,5,3.68,1.12,9.00,3.00,3.00,1.23
17312,Andrew Painter,PHI,27,19,7,0,0,108,6,7,108,17,54,42,95,4,0,1,4.50,1.39,7.92,3.50,2.26,1.42
15727,Luis Palacios,FA,0,0,0,0,0,1,0,0,1.2,0,0.69,0.42,0.66,0,0,0,6.17,1.62,5.97,3.77,1.58,0.00
17588,Daniel Palencia,CHC,64,0,0,0,0,65,3,5,56,7,29,26,61,3,27,5,4.02,1.26,8.45,3.60,2.35,0.97
20146,Jake Palisch,CWS,0,0,0,0,0,1,0,0,1.04,0,0.5,0.41,0.64,0,0,0,4.45,1.45,5.79,3.70,1.56,0.00
16167,Andre Pallante,STL,27,25,8,0,0,138,7,10,141,14,71,56,96,0,0,0,4.63,1.43,6.26,3.65,1.71,0.91
17958,Peyton Pallette,CLE,0,0,0,0,0,1,0,0,0.99,0,0.71,0.66,0.93,0,0,0,6.37,1.65,8.40,5.97,1.41,0.00
16804,Trent Palmer,TOR,0,0,0,0,0,1,0,0,1.01,0,0.71,0.71,0.9,0,0,0,6.36,1.72,8.10,6.36,1.27,0.00
20441,Twine Palmer,BAL,0,0,0,0,0,1,0,0,1.06,0,0.76,0.79,0.84,0,0,0,6.86,1.85,7.53,7.13,1.06,0.00
17996,Carson Palmquist,COL,14,3,1,0,0,30,0,1,30,6,19,14,24,0,0,0,5.70,1.47,7.20,4.20,1.71,1.80
18717,Wen-Hui Pan,PHI,0,0,0,0,0,1,0,0,0.96,0,0.56,0.47,0.94,0,0,0,5.03,1.43,8.44,4.22,2.00,0.00
18112,Inohan Paniagua,DET,0,0,0,0,0,1,0,0,1.01,0,0.64,0.65,0.82,0,0,0,5.73,1.66,7.42,5.84,1.27,0.00
14758,Thomas Pannone,MIL,0,0,0,0,0,1,0,0,1.14,0,0.53,0.32,0.79,0,0,0,4.76,1.47,7.07,2.92,2.42,0.00
17428,Shane Panzini,KC,0,0,0,0,0,1,0,0,1.2,0,0.73,0.74,0.8,0,0,0,6.53,1.93,7.22,6.62,1.09,0.00
19335,Cole Paplham,SD,0,0,0,0,0,1,0,0,0.98,0,0.6,0.52,0.92,0,0,0,5.40,1.51,8.25,4.72,1.75,0.00
15060,Eric Pardinho,FA,0,0,0,0,0,1,0,0,1.08,0,0.64,0.58,0.94,0,0,0,5.72,1.66,8.50,5.26,1.61,0.00
16005,Enoli Paredes,BAL,0,0,0,0,0,1,0,0,0.92,0,0.52,0.6,1,0,0,0,4.71,1.52,9.00,5.42,1.66,0.00
16906,Mitchell Parker,WSH,42,7,2,0,0,77,2,4,82,11,45,25,56,0,0,0,5.26,1.39,6.55,2.92,2.24,1.29
15736,David Parkinson,FA,0,0,0,0,0,1,0,0,1.17,0,0.69,0.56,0.74,0,0,0,6.21,1.73,6.62,5.07,1.31,0.00
17520,Hunter Parks,CIN,0,0,0,0,0,1,0,0,1.1,0,0.81,1.02,0.82,0,0,0,7.26,2.12,7.39,9.21,0.80,0.00
17271,Drew Parrish,FA,0,0,0,0,0,1,0,0,1.12,0,0.68,0.53,0.71,0,0,0,6.15,1.65,6.39,4.79,1.33,0.00
15583,Wes Parsons,FA,0,0,0,0,0,1,0,0,1,0,0.58,0.54,0.96,0,0,0,5.21,1.54,8.64,4.88,1.77,0.00
19830,Sterling Patick,LAD,0,0,0,0,0,1,0,0,1.12,0,0.69,0.62,0.85,0,0,0,6.19,1.74,7.61,5.61,1.36,0.00
15323,Luis Patino,FA,0,0,0,0,0,1,0,0,1,0,0.56,0.53,0.87,0,0,0,5.08,1.52,7.79,4.74,1.64,0.00
17509,Chad Patrick,MIL,30,29,6,0,0,153,5,8,144,20,63,53,161,0,0,0,3.71,1.29,9.47,3.12,3.04,1.18
17061,Jack Patterson,CHC,0,0,0,0,0,1,0,0,1.02,0,0.66,0.67,0.93,0,0,0,5.92,1.68,8.33,6.00,1.39,0.00
18137,Hunter Patteson,KC,0,0,0,0,0,1,0,0,1.12,0,0.65,0.46,0.73,0,0,0,5.89,1.58,6.53,4.14,1.58,0.00
20632,Truman Pauley,CWS,0,0,0,0,0,1,0,0,0.85,0,0.47,0.52,0.9,0,0,0,4.28,1.38,8.10,4.72,1.71,0.00
10966,James Paxton,FA,0,0,0,0,0,1,0,0,0.95,0,0.51,0.46,0.89,0,0,0,4.63,1.41,8.02,4.17,1.92,0.00
15634,Joel Payamps,ATL,52,0,0,0,0,50,2,2,44,7,23,17,45,5,1,1,4.14,1.22,8.10,3.06,2.65,1.26
20483,Nate Payne,MIA,0,0,0,0,0,1,0,0,0.9,0,0.74,1.21,0.85,0,0,0,6.64,2.11,7.65,10.91,0.70,0.00
14792,Nate Pearson,HOU,50,0,0,0,0,53,2,2,51,8,28,21,43,0,0,1,4.75,1.36,7.30,3.57,2.05,1.36
19813,Ethan Pecko,HOU,0,0,0,0,0,1,0,0,1.05,0,0.61,0.5,0.93,0,0,0,5.47,1.55,8.39,4.52,1.86,0.00
16205,Zach Peek,NYM,0,0,0,0,0,1,0,0,1.02,0,0.58,0.55,0.9,0,0,0,5.26,1.57,8.12,4.97,1.63,0.00
18765,Joel Peguero,SF,64,0,0,0,0,65,1,0,53,7,25,22,53,0,0,0,3.46,1.15,7.34,3.05,2.41,0.97
17645,Elvis Peguero,FA,0,0,0,0,0,1,0,0,0.96,0,0.49,0.45,0.91,0,0,0,4.37,1.42,8.23,4.08,2.02,0.00
15708,CD Pelham,FA,0,0,0,0,0,1,0,0,0.98,0,0.54,0.51,0.93,0,0,0,4.83,1.49,8.36,4.59,1.82,0.00
17201,Colin Peluse,PHI,0,0,0,0,0,1,0,0,1.16,0,0.64,0.44,0.69,0,0,0,5.80,1.60,6.25,3.94,1.59,0.00
17486,Jose Pena,FA,0,0,0,0,0,1,0,0,1.07,0,0.88,1.03,0.81,0,0,0,7.92,2.10,7.25,9.23,0.79,0.00
19853,Francis Pena,SD,0,0,0,0,0,1,0,0,1.04,0,0.57,0.57,0.84,0,0,0,5.17,1.62,7.56,5.17,1.46,0.00
20502,Dalton Pence,TEX,0,0,0,0,0,1,0,0,0.92,0,0.58,0.57,0.89,0,0,0,5.23,1.49,8.05,5.12,1.57,0.00
19676,Walter Pennington,BAL,0,0,0,0,0,1,0,0,0.95,0,0.49,0.47,0.95,0,0,0,4.44,1.43,8.53,4.23,2.02,0.00
19472,Zach Penrod,WSH,0,0,0,0,0,1,0,0,1.02,0,0.62,0.65,0.95,0,0,0,5.53,1.67,8.57,5.89,1.46,0.00
20035,Ben Peoples,CWS,0,0,0,0,0,1,0,0,0.95,0,0.58,0.68,0.86,0,0,0,5.19,1.63,7.73,6.11,1.27,0.00
16083,Ryan Pepiot,TB,30,30,12,0,0,166,12,9,125,25,63,51,166,0,0,0,3.42,1.06,9.00,2.77,3.25,1.36
16591,Luis Perales,WSH,0,0,0,0,0,1,0,0,1,0,0.57,0.58,0.97,0,0,0,5.13,1.58,8.74,5.25,1.67,0.00
14539,Wandy Peralta,SD,60,0,0,0,0,59,3,2,50,7,24,23,48,12,2,2,3.66,1.24,7.32,3.51,2.09,1.07
14194,Freddy Peralta,NYM,29,29,13,0,0,169,14,8,128,24,61,62,199,0,0,0,3.25,1.12,10.60,3.30,3.21,1.28
8997,Wily Peralta,FA,0,0,0,0,0,1,0,0,1.11,0,0.84,0.61,0.82,0,0,0,7.53,1.71,7.41,5.46,1.36,0.00
19762,Luis Peralta,COL,29,0,0,0,0,29,1,2,26,4,14,12,25,0,0,2,4.34,1.31,7.76,3.72,2.08,1.24
18775,Sammy Peralta,MIL,17,0,0,0,0,19,1,1,17,3,9,7,16,0,0,2,4.26,1.26,7.58,3.32,2.29,1.42
14211,Angel Perdomo,LAA,46,0,0,0,0,49,3,3,41,6,23,18,41,0,0,0,4.22,1.20,7.53,3.31,2.28,1.10
18491,Wilfredo Pereira,FA,0,0,0,0,0,1,0,0,1.22,0,0.88,0.61,0.7,0,0,0,7.91,1.83,6.33,5.50,1.15,0.00
17277,Eury Perez,MIA,27,27,8,0,0,149,10,9,112,21,64,50,166,0,0,0,3.87,1.09,10.03,3.02,3.32,1.27
17603,Francisco Perez,ATH,0,0,0,0,0,1,0,0,1.06,0,0.67,0.57,1.02,0,0,0,6.00,1.63,9.15,5.15,1.78,0.00
18832,Marcelo Perez,SEA,0,0,0,0,0,1,0,0,1.28,0,0.84,0.46,0.61,0,0,0,7.58,1.73,5.53,4.10,1.35,0.00
19188,Samuel Perez,FA,0,0,0,0,0,1,0,0,1.07,0,0.51,0.57,0.72,0,0,0,4.61,1.64,6.44,5.13,1.26,0.00
19173,Fernando Perez,TOR,0,0,0,0,0,1,0,0,1.13,0,0.67,0.46,0.71,0,0,0,5.99,1.59,6.35,4.14,1.53,0.00
14546,Cionel Perez,WSH,56,0,0,0,0,50,3,4,46,2,24,25,43,14,4,3,4.32,1.42,7.74,4.50,1.72,0.36
10867,Martin Perez,ATL,18,18,8,0,0,101,3,6,93,14,46,38,76,0,0,0,4.10,1.30,6.77,3.39,2.00,1.25
15878,Brayan Perez,FA,0,0,0,0,0,1,0,0,1.17,0,0.7,0.58,0.71,0,0,0,6.28,1.75,6.42,5.19,1.24,0.00
20544,Steven Perez,CLE,0,0,0,0,0,1,0,0,1.03,0,0.55,0.73,0.84,0,0,0,4.91,1.76,7.59,6.58,1.15,0.00
18142,Jack Perkins,ATH,26,0,0,0,0,32,1,1,26,4,15,13,28,0,0,0,4.22,1.22,7.88,3.66,2.15,1.13
19905,Aaron Perry,CHC,0,0,0,0,0,1,0,0,1.2,0,0.83,0.48,0.88,0,0,0,7.50,1.68,7.95,4.35,1.83,0.00
18445,Michael Petersen,MIA,32,0,0,0,0,33,1,1,29,4,15,12,28,0,0,2,4.09,1.24,7.64,3.27,2.33,1.09
19684,Kai Peterson,TOR,0,0,0,0,0,1,0,0,0.93,0,0.61,0.88,1.01,0,0,0,5.53,1.82,9.06,7.96,1.14,0.00
19383,Todd Peterson,WSH,0,0,0,0,0,1,0,0,1.14,0,0.69,0.63,0.78,0,0,0,6.26,1.77,7.01,5.63,1.24,0.00
19112,Austin Peterson,CLE,0,0,0,0,0,1,0,0,1.09,0,0.56,0.33,0.69,0,0,0,5.06,1.42,6.25,3.00,2.08,0.00
14778,David Peterson,NYM,28,28,14,1,0,163,9,6,162,14,73,66,152,0,0,0,4.03,1.40,8.39,3.64,2.30,0.77
20075,RJ Petit,COL,0,0,0,0,0,1,0,0,0.97,0,0.5,0.51,0.93,0,0,0,4.53,1.48,8.35,4.63,1.80,0.00
17319,Chase Petty,CIN,26,3,1,0,0,41,2,4,39,6,22,17,35,0,0,0,4.83,1.37,7.68,3.73,2.06,1.32
16903,Brandon Pfaadt,ARI,29,29,11,0,0,170,10,11,184,28,98,39,157,0,0,0,5.19,1.31,8.31,2.06,4.03,1.48
17522,Jake Pfennigs,FA,0,0,0,0,0,1,0,0,1.21,0,0.79,0.57,0.86,0,0,0,7.15,1.77,7.70,5.09,1.51,0.00
18811,Alex Pham,BAL,0,0,0,0,0,1,0,0,0.96,0,0.58,0.52,0.92,0,0,0,5.26,1.48,8.29,4.67,1.77,0.00
16221,Beau Philip,FA,0,0,0,0,0,1,0,0,1.18,0,0.77,0.6,0.8,0,0,0,6.97,1.78,7.20,5.40,1.33,0.00
16215,Connor Phillips,CIN,50,0,0,0,0,53,1,0,42,7,24,21,50,0,0,0,4.08,1.19,8.49,3.57,2.38,1.19
15681,Tyler Phillips,MIA,62,0,0,0,0,69,3,5,64,10,33,20,52,7,3,2,4.30,1.22,6.78,2.61,2.60,1.30
15548,Evan Phillips,LAD,24,0,0,0,0,24,1,1,19,2,8,8,22,6,2,2,3.00,1.13,8.25,3.00,2.75,0.75
13711,Brett Phillips,FA,0,0,0,0,0,0,0,0,0,0,0,0,0,0,0,0,0.00,0.00,0.00,0.00,0.00,0.00
19320,Carson Pierce,TOR,0,0,0,0,0,1,0,0,1.02,0,0.56,0.59,0.86,0,0,0,5.06,1.62,7.77,5.33,1.46,0.00
19155,Anderson Pilar,ATL,0,0,0,0,0,1,0,0,1.01,0,0.52,0.47,0.89,0,0,0,4.68,1.48,8.00,4.26,1.88,0.00
18700,Jake Pilarski,LAD,0,0,0,0,0,1,0,0,1.11,0,0.59,0.66,0.84,0,0,0,5.30,1.77,7.55,5.95,1.27,0.00
15446,Konnor Pilkington,DET,56,0,0,0,0,58,2,2,47,8,24,22,50,0,0,0,3.72,1.19,7.76,3.41,2.27,1.24
17249,Robinson Pina,FA,0,0,0,0,0,1,0,0,1.06,0,0.58,0.42,0.85,0,0,0,5.25,1.49,7.68,3.81,2.02,0.00
14233,Riley Pint,SD,0,0,0,0,0,1,0,0,0.89,0,0.63,0.81,1.09,0,0,0,5.68,1.71,9.84,7.30,1.35,0.00
19915,Jonathan Pintaro,NYM,17,0,0,0,0,19,1,1,17,3,9,7,16,0,0,0,4.26,1.26,7.58,3.32,2.29,1.42
17874,Juan Pinto,SEA,0,0,0,0,0,1,0,0,1.46,0,1.95,1.79,0.8,0,0,0,17.51,3.25,7.24,16.07,0.45,0.00
13766,Ricardo Pinto,FA,0,0,0,0,0,1,0,0,1.28,0,0.74,0.55,0.74,0,0,0,6.62,1.83,6.62,4.91,1.35,0.00
17133,Jean Pinto,FA,0,0,0,0,0,1,0,0,1.02,0,0.64,0.61,0.8,0,0,0,5.80,1.63,7.23,5.50,1.31,0.00
15483,Dominic Pipkin,PIT,0,0,0,0,0,1,0,0,1.01,0,0.6,0.52,0.92,0,0,0,5.38,1.53,8.24,4.66,1.77,0.00
14014,Nick Pivetta,SD,29,29,15,0,0,173,11,9,135,27,69,49,199,0,0,0,3.59,1.06,10.35,2.55,4.06,1.40
15536,Michael Plassmeyer,TOR,0,0,0,0,0,1,0,0,1.16,0,0.74,0.42,0.86,0,0,0,6.65,1.57,7.74,3.74,2.07,0.00
15384,Zach Plesac,FA,0,0,0,0,0,1,0,0,1.22,0,0.85,0.51,0.66,0,0,0,7.67,1.72,5.95,4.57,1.30,0.00
11505,Adam Plutko,FA,0,0,0,0,0,1,0,0,1.05,0,0.67,0.38,0.61,0,0,0,6.00,1.44,5.46,3.46,1.58,0.00
15393,Colin Poche,DET,32,0,0,0,0,32,1,1,28,4,17,16,28,0,0,1,4.78,1.38,7.88,4.50,1.75,1.13
17184,Andrew Politi,FA,0,0,0,0,0,1,0,0,1.05,0,0.65,0.52,0.92,0,0,0,5.85,1.57,8.29,4.71,1.76,0.00
20015,Davis Polo,ATL,0,0,0,0,0,1,0,0,1.46,0,1.19,0.62,0.5,0,0,0,10.72,2.08,4.51,5.60,0.81,0.00
11436,Drew Pomeranz,LAA,58,0,0,0,0,56,3,2,45,6,19,18,55,17,5,3,3.05,1.13,8.84,2.89,3.06,0.96
13834,Cody Ponce,TOR,34,22,10,0,0,132,8,8,129,17,56,37,127,3,1,1,3.82,1.26,8.66,2.52,3.43,1.16
14918,Zach Pop,PHI,0,0,0,0,0,1,0,0,1,0,0.54,0.4,0.9,0,0,0,4.82,1.39,8.08,3.56,2.27,0.00
20539,Austin Pope,ATL,0,0,0,0,0,1,0,0,1.13,0,0.63,0.49,0.95,0,0,0,5.72,1.62,8.52,4.40,1.94,0.00
16260,Sean Poppen,FA,0,0,0,0,0,1,0,0,1.15,0,0.68,0.57,0.91,0,0,0,6.08,1.72,8.15,5.11,1.60,0.00
17931,Brock Porter,TEX,0,0,0,0,0,1,0,0,0.88,0,0.62,0.91,0.88,0,0,0,5.56,1.79,7.91,8.20,0.96,0.00
19763,Ovis Portes,CIN,0,0,0,0,0,1,0,0,1.06,0,0.89,1.11,0.84,0,0,0,8.00,2.16,7.57,9.95,0.76,0.00
13923,Cody Poteet,FA,0,0,0,0,0,1,0,0,0.96,0,0.53,0.39,0.92,0,0,0,4.80,1.35,8.27,3.47,2.38,0.00
20345,PJ Poulin,WSH,60,0,0,0,0,59,3,3,52,7,25,23,53,10,4,3,3.81,1.27,8.08,3.51,2.30,1.07
17555,Cade Povich,BAL,17,7,2,0,0,47,1,3,49,7,27,19,45,0,0,0,5.17,1.45,8.62,3.64,2.37,1.34
16817,Holden Powell,WSH,0,0,0,0,0,1,0,0,0.97,0,0.58,0.7,0.89,0,0,0,5.22,1.67,7.97,6.33,1.26,0.00
17491,Ryan Prager,CLE,0,0,0,0,0,1,0,0,1.08,0,0.52,0.47,0.98,0,0,0,4.72,1.55,8.78,4.27,2.05,0.00
12782,Ryan Pressly,FA,0,0,0,0,0,0,0,0,0,0,0,0,0,0,0,0,0.00,0.00,0.00,0.00,0.00,0.00
17945,Connor Prielipp,MIN,0,0,0,0,0,1,0,0,1.12,0,0.58,0.47,0.95,0,0,0,5.21,1.59,8.54,4.23,2.02,0.00
16058,Quinn Priester,MIL,21,21,7,0,0,120,8,7,116,17,56,38,95,0,0,0,4.20,1.28,7.13,2.85,2.50,1.28
16180,Michael Prosecky,COL,0,0,0,0,0,1,0,0,1.07,0,0.69,0.72,0.84,0,0,0,6.21,1.79,7.54,6.44,1.17,0.00
14421,Austin Pruitt,ATH,0,0,0,0,0,1,0,0,1.04,0,0.55,0.35,0.83,0,0,0,4.96,1.39,7.47,3.16,2.36,0.00
14326,A.J. Puckett,FA,0,0,0,0,0,1,0,0,1.2,0,0.69,0.61,0.75,0,0,0,6.17,1.81,6.73,5.46,1.23,0.00
13011,A.J. Puk,ARI,28,0,0,0,0,29,2,2,25,5,12,9,30,4,6,2,3.72,1.17,9.31,2.79,3.33,1.55
20565,Matt Pushard,STL,0,0,0,0,0,1,0,0,0.9,0,0.52,0.48,0.93,0,0,0,4.70,1.39,8.36,4.35,1.92,0.00
19105,Zack Qin,SD,0,0,0,0,0,1,0,0,1.21,0,0.85,0.79,0.84,0,0,0,7.65,2.00,7.54,7.09,1.06,0.00
14251,Cal Quantrill,TEX,15,15,4,0,0,80,3,6,89,13,49,29,55,0,0,0,5.51,1.48,6.19,3.26,1.90,1.46
19051,Dylan Questad,MIN,0,0,0,0,0,1,0,0,1.34,0,1.73,1.73,0.78,0,0,0,15.53,3.07,7.05,15.53,0.45,0.00
19261,Joshua Quezada,MIL,0,0,0,0,0,1,0,0,1.38,0,1.34,0.65,0.8,0,0,0,12.04,2.03,7.20,5.85,1.23,0.00
15791,Jose Quijada,FA,0,0,0,0,0,1,0,0,0.91,0,0.46,0.46,1.02,0,0,0,4.15,1.37,9.19,4.15,2.21,0.00
20702,Luis Quinones,FA,0,0,0,0,0,1,0,0,0.99,0,0.72,0.66,0.95,0,0,0,6.48,1.65,8.56,5.93,1.44,0.00
12329,Jose Quintana,COL,24,24,10,0,0,132,8,8,121,15,55,47,98,0,0,0,3.76,1.27,6.69,3.21,2.09,1.02
14297,Cole Ragans,KC,30,30,16,0,0,174,12,9,139,16,69,62,223,0,0,0,3.57,1.16,11.53,3.21,3.60,0.83
16844,Carson Ragsdale,FA,0,0,0,0,0,1,0,0,1.03,0,0.65,0.56,0.88,0,0,0,5.84,1.59,7.88,5.07,1.56,0.00
13886,Tanner Rainey,DET,13,0,0,0,0,13,0,0,11,1,7,6,11,0,0,1,4.85,1.31,7.62,4.15,1.83,0.69
16821,Max Rajcic,STL,0,0,0,0,0,1,0,0,1.23,0,0.72,0.57,0.7,0,0,0,6.50,1.80,6.34,5.09,1.25,0.00
10987,Brooks Raley,NYM,59,0,0,0,0,56,3,2,43,5,21,20,50,14,3,3,3.38,1.13,8.04,3.21,2.50,0.80
16383,Jack Ralston,MIA,0,0,0,0,0,1,0,0,0.95,0,0.56,0.81,0.98,0,0,0,5.02,1.76,8.79,7.31,1.20,0.00
16446,Aldo Ramirez,FA,0,0,0,0,0,1,0,0,1.08,0,1.03,0.6,0.85,0,0,0,9.22,1.68,7.65,5.40,1.42,0.00
16516,Yohan Ramirez,PIT,44,0,0,0,0,46,2,2,42,6,23,18,43,5,1,2,4.50,1.30,8.41,3.52,2.39,1.17
12285,Nick Ramirez,FA,0,0,0,0,0,1,0,0,1.04,0,0.5,0.33,0.79,0,0,0,4.49,1.37,7.12,3.00,2.38,0.00
12117,Erasmo Ramirez,FA,0,0,0,0,0,1,0,0,1.03,0,0.52,0.35,0.88,0,0,0,4.69,1.37,7.88,3.11,2.54,0.00
19426,Emmanuel Ramirez,FA,0,0,0,0,0,1,0,0,0.95,0,0.56,0.43,0.98,0,0,0,5.01,1.38,8.84,3.90,2.27,0.00
19436,Irwin Ramirez,PIT,0,0,0,0,0,1,0,0,1.38,0,1.15,1.73,0.5,0,0,0,10.35,3.10,4.50,15.53,0.29,0.00
20098,Kelvin Ramirez,LAD,0,0,0,0,0,1,0,0,1.06,0,0.82,1.12,0.86,0,0,0,7.36,2.18,7.72,10.06,0.77,0.00
18052,Luis Ramirez,TEX,0,0,0,0,0,1,0,0,1.37,0,1.1,0.88,0.72,0,0,0,9.94,2.25,6.49,7.90,0.82,0.00
20552,Wilkin Ramos,SF,0,0,0,0,0,1,0,0,0.89,0,0.48,0.65,0.86,0,0,0,4.30,1.55,7.72,5.85,1.32,0.00
19063,Ryan Ramsey,KC,0,0,0,0,0,1,0,0,1.07,0,0.7,0.61,0.85,0,0,0,6.32,1.69,7.62,5.52,1.38,0.00
19108,Lane Ramsey,FA,0,0,0,0,0,1,0,0,0.98,0,0.58,0.5,0.98,0,0,0,5.20,1.47,8.79,4.46,1.97,0.00
19616,Josh Randall,WSH,0,0,0,0,0,1,0,0,1.35,0,0.79,0.35,0.73,0,0,0,7.07,1.70,6.60,3.14,2.10,0.00
18295,Scott Randall,PIT,0,0,0,0,0,1,0,0,1.09,0,0.63,0.34,0.84,0,0,0,5.63,1.43,7.53,3.06,2.46,0.00
17683,Alan Rangel,PHI,14,3,1,0,0,29,1,1,25,4,12,11,24,1,0,0,3.72,1.24,7.45,3.41,2.18,1.24
14909,Nick Raquet,STL,32,0,0,0,0,33,2,2,27,4,14,12,27,0,0,0,3.82,1.18,7.36,3.27,2.25,1.09
20524,Taylor Rashi,ARI,0,0,0,0,0,1,0,0,1.01,0,0.58,0.56,0.96,0,0,0,5.24,1.57,8.64,5.06,1.71,0.00
14877,Drew Rasmussen,TB,29,29,7,0,0,153,10,6,125,11,50,38,151,0,0,0,2.94,1.07,8.88,2.24,3.97,0.65
11599,Robbie Ray,SF,28,28,10,0,0,169,8,12,140,19,78,70,179,0,0,0,4.15,1.24,9.53,3.73,2.56,1.01
16839,Johnny Ray,CWS,0,0,0,0,0,1,0,0,1.06,0,0.77,0.76,1,0,0,0,6.97,1.82,9.00,6.86,1.31,0.00
18123,Dylan Ray,ARI,0,0,0,0,0,1,0,0,1.17,0,0.79,0.55,0.78,0,0,0,7.13,1.73,7.06,4.99,1.42,0.00
16893,Marco Raya,MIN,0,0,0,0,0,1,0,0,1.09,0,0.75,0.68,0.83,0,0,0,6.74,1.77,7.46,6.11,1.22,0.00
20726,Oscar Rayo,FA,0,0,0,0,0,1,0,0,1.1,0,0.57,0.48,0.64,0,0,0,5.11,1.58,5.76,4.35,1.33,0.00
13786,Colin Rea,CHC,36,10,4,0,0,84,6,4,80,13,39,23,68,0,1,0,4.18,1.23,7.29,2.46,2.96,1.39
19210,Joe Record,FA,0,0,0,0,0,1,0,0,1.08,0,0.63,0.71,0.9,0,0,0,5.69,1.80,8.09,6.43,1.26,0.00
18840,Carlson Reed,PIT,0,0,0,0,0,1,0,0,0.91,0,0.56,0.79,0.83,0,0,0,5.08,1.70,7.46,7.10,1.05,0.00
14245,Michael Reed,TEX,0,0,0,0,0,1,0,0,0.95,0,0.8,2.03,0.82,0,0,0,7.20,2.98,7.42,18.23,0.41,0.00
17069,Sheldon Reed,FA,0,0,0,0,0,1,0,0,1.06,0,0.73,0.7,0.92,0,0,0,6.55,1.76,8.32,6.30,1.32,0.00
13376,Sean Reid-Foley,ATL,0,0,0,0,0,1,0,0,0.98,0,0.56,0.58,1.02,0,0,0,5.03,1.55,9.18,5.19,1.77,0.00
17040,Evan Reifert,TB,0,0,0,0,0,1,0,0,0.88,0,0.55,0.64,1.09,0,0,0,4.95,1.51,9.79,5.74,1.71,0.00
16855,Patrick Reilly,BAL,0,0,0,0,0,1,0,0,0.89,0,0.58,0.68,0.9,0,0,0,5.25,1.57,8.14,6.08,1.34,0.00
19904,Vince Reilly,CHC,0,0,0,0,0,1,0,0,1.21,0,0.75,0.59,0.73,0,0,0,6.77,1.80,6.56,5.33,1.23,0.00
20091,Tyler Renz,MIL,0,0,0,0,0,1,0,0,1.23,0,0.81,0.71,0.65,0,0,0,7.28,1.95,5.84,6.42,0.91,0.00
19789,Jeremy Reyes,ATL,0,0,0,0,0,1,0,0,0.9,0,0.54,1.11,0.76,0,0,0,4.87,2.01,6.84,9.97,0.69,0.00
19372,Dalvinson Reyes,BOS,0,0,0,0,0,1,0,0,1.4,0,2,1.55,0.75,0,0,0,18.00,2.95,6.75,13.95,0.48,0.00
18328,Luis Reyes,CWS,0,0,0,0,0,1,0,0,1.45,0,1.1,0.93,0.7,0,0,0,9.87,2.38,6.28,8.33,0.75,0.00
15793,Gerardo Reyes,ATH,0,0,0,0,0,1,0,0,0.92,0,0.63,0.65,1.03,0,0,0,5.64,1.57,9.23,5.86,1.57,0.00
15360,Luis Reyes,FA,0,0,0,0,0,1,0,0,1.18,0,0.86,0.83,0.7,0,0,0,7.72,2.01,6.28,7.45,0.84,0.00
11717,Jimmy Reyes,FA,0,0,0,0,0,1,0,0,0.93,0,0.75,0.8,0.93,0,0,0,6.75,1.73,8.33,7.20,1.16,0.00
20691,Angel Reyes,FA,0,0,0,0,0,1,0,0,1.11,0,0.72,0.62,0.73,0,0,0,6.45,1.73,6.54,5.58,1.17,0.00
14377,Sean Reynolds,FA,0,0,0,0,0,1,0,0,0.93,0,0.61,0.7,0.93,0,0,0,5.46,1.64,8.40,6.34,1.32,0.00
18145,Eric Reyzelman,NYY,0,0,0,0,0,1,0,0,0.87,0,0.57,0.72,0.96,0,0,0,5.14,1.59,8.68,6.48,1.34,0.00
19784,Orlando Ribalta,WSH,36,0,0,0,0,36,1,1,36,5,19,14,30,0,0,0,4.75,1.39,7.50,3.50,2.14,1.25
15127,Trevor Richards,PHI,0,0,0,0,0,1,0,0,0.97,0,0.55,0.43,0.99,0,0,0,4.93,1.40,8.95,3.84,2.33,0.00
15453,Lyon Richardson,CIN,18,0,0,0,0,20,1,1,19,4,11,9,16,0,0,0,4.95,1.40,7.20,4.05,1.78,1.80
15949,Stephen Ridings,LAD,0,0,0,0,0,1,0,0,0.91,0,0.51,0.41,0.94,0,0,0,4.61,1.32,8.44,3.71,2.28,0.00
15907,Trey Riley,FA,0,0,0,0,0,1,0,0,1.2,0,0.79,1.06,0.89,0,0,0,7.11,2.26,7.97,9.54,0.84,0.00
20500,Hancel Rincon,STL,0,0,0,0,0,1,0,0,1.18,0,0.73,0.5,0.67,0,0,0,6.59,1.68,6.01,4.47,1.34,0.00
19094,Logan Rinehart,BAL,0,0,0,0,0,1,0,0,0.92,0,0.51,0.53,0.92,0,0,0,4.56,1.45,8.31,4.78,1.74,0.00
14077,Yacksel Rios,CHC,0,0,0,0,0,1,0,0,0.96,0,0.55,0.52,0.93,0,0,0,4.95,1.48,8.38,4.67,1.79,0.00
17964,JR Ritchie,ATL,0,0,0,0,0,1,0,0,0.86,0,0.49,0.54,0.85,0,0,0,4.37,1.40,7.61,4.86,1.57,0.00
17914,Yaqui Rivera,BAL,0,0,0,0,0,1,0,0,0.95,0,0.58,0.91,0.95,0,0,0,5.26,1.86,8.54,8.21,1.04,0.00
20077,Bryan Rivera,MIL,0,0,0,0,0,1,0,0,1.27,0,1.27,1.24,0.77,0,0,0,11.39,2.50,6.97,11.15,0.62,0.00
19939,Eduardo Rivera,BOS,0,0,0,0,0,1,0,0,0.97,0,0.62,0.75,0.9,0,0,0,5.54,1.72,8.09,6.72,1.20,0.00
16224,Erik Rivera,BOS,0,0,0,0,0,1,0,0,1.05,0,0.93,1.07,0.93,0,0,0,8.38,2.12,8.38,9.59,0.87,0.00
19074,Jesus Rivero,FA,0,0,0,0,0,1,0,0,1,0,0.87,0.93,0.92,0,0,0,7.82,1.93,8.25,8.36,0.99,0.00
16874,Christian Roa,HOU,0,0,0,0,0,1,0,0,0.93,0,0.62,0.76,0.94,0,0,0,5.55,1.68,8.42,6.84,1.23,0.00
18356,Dalton Roach,FA,0,0,0,0,0,1,0,0,1.02,0,0.55,0.46,0.85,0,0,0,4.99,1.48,7.61,4.11,1.85,0.00
20696,Julio Robaina,FA,0,0,0,0,0,1,0,0,1.16,0,0.62,0.51,0.81,0,0,0,5.61,1.66,7.25,4.58,1.58,0.00
16612,Sem Robberse,STL,0,0,0,0,0,1,0,0,1.1,0,0.67,0.51,0.84,0,0,0,5.99,1.61,7.54,4.55,1.66,0.00
19363,Jimmy Robbins,FA,0,0,0,0,0,1,0,0,1.01,0,0.63,0.65,0.89,0,0,0,5.72,1.67,8.03,5.88,1.37,0.00
14967,Josh Roberson,FA,0,0,0,0,0,1,0,0,1.07,0,0.68,0.65,0.93,0,0,0,6.13,1.72,8.41,5.81,1.45,0.00
19682,Daniel Robert,PHI,0,0,0,0,0,1,0,0,0.92,0,0.49,0.46,0.99,0,0,0,4.37,1.39,8.93,4.16,2.15,0.00
17231,Austin Roberts,TEX,0,0,0,0,0,1,0,0,0.99,0,0.58,0.55,0.92,0,0,0,5.18,1.53,8.24,4.91,1.68,0.00
15543,Ethan Roberts,CHC,34,0,0,0,0,35,1,1,31,5,16,12,29,0,0,0,4.11,1.23,7.46,3.09,2.42,1.29
10046,David Robertson,FA,0,0,0,0,0,0,0,0,0,0,0,0,0,0,0,0,0.00,0.00,0.00,0.00,0.00,0.00
18801,Nick Robertson,LAD,0,0,0,0,0,1,0,0,0.98,0,0.57,0.49,0.94,0,0,0,5.17,1.47,8.47,4.41,1.92,0.00
19671,Hayden Robinson,MIL,0,0,0,0,0,1,0,0,1.1,0,0.93,1.03,0.85,0,0,0,8.32,2.13,7.65,9.23,0.83,0.00
19650,Kyle Robinson,ATH,0,0,0,0,0,1,0,0,1.33,0,0.82,0.68,0.59,0,0,0,7.34,2.01,5.32,6.09,0.87,0.00
17922,Cam Robinson,TB,0,0,0,0,0,1,0,0,1.08,0,0.56,0.77,0.9,0,0,0,5.08,1.86,8.14,6.95,1.17,0.00
19347,Benony Robles,FA,0,0,0,0,0,1,0,0,1.15,0,0.86,0.78,0.9,0,0,0,7.72,1.93,8.14,7.05,1.15,0.00
17107,Domingo Robles,ATH,0,0,0,0,0,1,0,0,1.05,0,0.6,0.42,0.82,0,0,0,5.37,1.47,7.35,3.74,1.96,0.00
16823,Tekoah Roby,STL,0,0,0,0,0,1,0,0,1.07,0,0.64,0.42,0.89,0,0,0,5.77,1.49,7.97,3.78,2.11,0.00
17372,Joe Rock,TB,20,2,1,0,0,30,1,1,26,4,12,9,26,0,0,0,3.60,1.17,7.80,2.70,2.89,1.20
15407,Kumar Rocker,TEX,22,22,6,0,0,118,3,7,111,15,57,44,106,0,0,0,4.35,1.31,8.08,3.36,2.41,1.14
13347,Carlos Rodon,NYY,24,24,11,0,0,144,11,9,119,24,67,53,152,0,0,0,4.19,1.19,9.50,3.31,2.87,1.50
13219,Joely Rodriguez,FA,0,0,0,0,0,1,0,0,0.97,0,0.5,0.41,0.97,0,0,0,4.48,1.38,8.76,3.66,2.39,0.00
11251,Wilking Rodriguez,NYY,0,0,0,0,0,1,0,0,0.88,0,0.5,0.63,1.02,0,0,0,4.50,1.52,9.17,5.71,1.60,0.00
12783,Eduardo Rodriguez,ARI,24,24,8,0,0,135,9,9,143,19,69,50,125,0,0,0,4.60,1.43,8.33,3.33,2.50,1.27
14385,Chris Rodriguez,CWS,0,0,0,0,0,1,0,0,1.08,0,0.66,0.62,0.83,0,0,0,5.96,1.70,7.45,5.59,1.33,0.00
15420,Grayson Rodriguez,LAA,20,20,10,0,0,114,11,4,108,14,51,36,123,0,0,0,4.03,1.26,9.71,2.84,3.42,1.11
15336,Luis Rodriguez,HOU,0,0,0,0,0,1,0,0,1.15,0,0.63,0.74,0.69,0,0,0,5.69,1.89,6.20,6.64,0.93,0.00
15198,Elvin Rodriguez,FA,0,0,0,0,0,1,0,0,1.06,0,0.61,0.38,0.89,0,0,0,5.45,1.44,7.99,3.43,2.33,0.00
15606,Osiel Rodriguez,FA,0,0,0,0,0,1,0,0,0.95,0,0.58,0.68,0.89,0,0,0,5.26,1.63,7.99,6.11,1.31,0.00
15881,Yerry Rodriguez,NYY,0,0,0,0,0,1,0,0,1.01,0,0.6,0.54,0.99,0,0,0,5.44,1.55,8.87,4.86,1.82,0.00
16502,Manuel Rodriguez,TB,15,0,0,0,0,15,1,1,12,1,5,5,12,0,0,0,3.00,1.13,7.20,3.00,2.40,0.60
17554,Elmer Rodriguez,NYY,0,0,0,0,0,1,0,0,0.93,0,0.49,0.65,0.86,0,0,0,4.41,1.58,7.70,5.88,1.31,0.00
17848,Luis R. Rodriguez,NYM,0,0,0,0,0,1,0,0,1,0,0.56,0.46,0.92,0,0,0,5.00,1.46,8.30,4.15,2.00,0.00
17708,Randy Rodriguez,SF,0,0,0,0,0,1,0,0,0.85,0,0.45,0.51,1.07,0,0,0,4.04,1.36,9.59,4.55,2.11,0.00
18170,Carlos Rodriguez,MIL,26,2,0,0,0,33,0,1,30,4,15,12,28,0,0,0,4.09,1.27,7.64,3.27,2.33,1.09
18720,Adrian Rodriguez,TEX,0,0,0,0,0,1,0,0,0.93,0,0.75,1.02,1.03,0,0,0,6.72,1.96,9.31,9.19,1.01,0.00
18554,Yariel Rodriguez,TOR,36,0,1,0,0,37,2,1,29,5,15,16,34,5,1,1,3.65,1.22,8.27,3.89,2.13,1.22
18745,Dionys Rodriguez,STL,0,0,0,0,0,1,0,0,1.22,0,0.98,0.91,0.6,0,0,0,8.85,2.14,5.43,8.23,0.66,0.00
19431,Jose Rodriguez,LAD,0,0,0,0,0,1,0,0,1.11,0,0.75,0.6,1.03,0,0,0,6.71,1.71,9.31,5.37,1.73,0.00
19481,Aneuris Rodriguez,BAL,0,0,0,0,0,1,0,0,1.09,0,0.76,0.95,0.89,0,0,0,6.86,2.04,7.99,8.55,0.93,0.00
19271,Yerlin Rodriguez,MIL,0,0,0,0,0,1,0,0,0.99,0,1.01,1.58,0.99,0,0,0,9.09,2.57,8.91,14.23,0.63,0.00
19836,Manuel Rodriguez,MIL,0,0,0,0,0,1,0,0,1.12,0,0.68,0.33,0.69,0,0,0,6.14,1.45,6.22,2.99,2.08,0.00
19854,Bradgley Rodriguez,SD,40,0,0,0,0,42,3,1,34,5,18,15,36,0,0,0,3.86,1.17,7.71,3.21,2.40,1.07
20713,Erian Rodriguez,FA,0,0,0,0,0,1,0,0,1.12,0,0.73,0.71,0.7,0,0,0,6.60,1.84,6.34,6.43,0.99,0.00
20737,Gabriel Rodriguez,FA,0,0,0,0,0,1,0,0,1.38,0,1.03,1.2,0.59,0,0,0,9.23,2.59,5.29,10.84,0.49,0.00
20282,Julio Rodriguez,HOU,0,0,0,0,0,1,0,0,1.1,0,0.76,0.68,0.94,0,0,0,6.88,1.78,8.49,6.12,1.39,0.00
20119,Raimy Rodriguez,HOU,0,0,0,0,0,1,0,0,1.05,0,1.15,1.53,0.75,0,0,0,10.37,2.58,6.74,13.79,0.49,0.00
20657,Grant Rogers,TOR,0,0,0,0,0,1,0,0,1.23,0,0.67,0.43,0.61,0,0,0,6.06,1.66,5.47,3.84,1.42,0.00
18120,Dalton Rogers,BOS,0,0,0,0,0,1,0,0,1.05,0,0.7,0.86,0.92,0,0,0,6.27,1.91,8.25,7.74,1.07,0.00
16438,Tyler Rogers,TOR,73,0,0,0,0,72,4,5,64,7,23,13,52,27,2,3,2.88,1.07,6.50,1.63,4.00,0.88
15594,Josh Rogers,COL,0,0,0,0,0,1,0,0,1.31,0,0.85,0.39,0.66,0,0,0,7.64,1.70,5.90,3.52,1.68,0.00
14790,Trevor Rogers,BAL,27,27,12,1,0,161,9,9,137,14,60,55,146,0,0,0,3.35,1.19,8.16,3.07,2.65,0.78
13742,Taylor Rogers,MIN,51,0,0,0,0,51,3,4,43,6,20,20,49,13,12,4,3.53,1.24,8.65,3.53,2.45,1.06
17114,Kendry Rojas,MIN,0,0,0,0,0,1,0,0,1.08,0,0.58,0.5,0.9,0,0,0,5.26,1.58,8.14,4.49,1.81,0.00
18217,Juan Rojas,BAL,0,0,0,0,0,1,0,0,1.18,0,0.77,0.77,0.75,0,0,0,6.96,1.95,6.76,6.96,0.97,0.00
14303,Ryan Rolison,CHC,6,3,0,0,0,16,0,0,17,3,9,7,12,0,0,0,5.06,1.50,6.75,3.94,1.71,1.69
15533,Drew Rom,MIL,0,0,0,0,0,1,0,0,1.07,0,0.62,0.48,0.95,0,0,0,5.56,1.55,8.51,4.30,1.98,0.00
15493,Jordan Romano,LAA,58,0,0,0,0,56,2,3,52,9,30,19,52,14,4,3,4.82,1.27,8.36,3.05,2.74,1.45
13196,Sal Romano,FA,0,0,0,0,0,1,0,0,1.23,0,1.05,0.57,0.65,0,0,0,9.45,1.80,5.85,5.17,1.13,0.00
19846,Josiah Romeo,ATH,0,0,0,0,0,1,0,0,2.52,0,2.58,1.27,0.4,0,0,0,23.25,3.79,3.56,11.44,0.31,0.00
14373,JoJo Romero,STL,63,0,0,0,0,63,5,4,52,5,23,22,56,17,15,4,3.29,1.17,8.00,3.14,2.55,0.71
15491,Tommy Romero,CHC,0,0,0,0,0,1,0,0,1.01,0,0.68,0.69,0.72,0,0,0,6.09,1.69,6.50,6.19,1.05,0.00
15527,John Rooney,TB,0,0,0,0,0,1,0,0,0.96,0,0.54,0.57,0.96,0,0,0,4.86,1.54,8.68,5.15,1.69,0.00
19768,Jarold Rosado,CWS,0,0,0,0,0,1,0,0,1.16,0,0.88,0.85,0.86,0,0,0,7.88,2.01,7.76,7.65,1.01,0.00
20103,Leomar Rosario,HOU,0,0,0,0,0,1,0,0,0.98,0,0.86,1.18,0.88,0,0,0,7.74,2.16,7.96,10.61,0.75,0.00
15620,Jerming Rosario,LAD,0,0,0,0,0,1,0,0,1.08,0,0.81,0.91,0.87,0,0,0,7.26,1.99,7.79,8.23,0.95,0.00
16735,Alejandro Rosario,WSH,0,0,0,0,0,1,0,0,1.05,0,0.46,0.26,1.01,0,0,0,4.16,1.31,9.09,2.32,3.91,0.00
17715,Kenny Rosenberg,FA,0,0,0,0,0,1,0,0,1.1,0,0.62,0.47,0.84,0,0,0,5.60,1.58,7.54,4.26,1.77,0.00
17395,Dylan Ross,NYM,0,0,0,0,0,1,0,0,0.81,0,0.43,0.56,1.06,0,0,0,3.90,1.37,9.50,5.00,1.90,0.00
12163,Joe Ross,ARI,54,0,0,0,0,54,2,3,53,7,26,19,44,0,0,2,4.33,1.33,7.33,3.17,2.32,1.17
20436,Houston Roth,FA,0,0,0,0,0,1,0,0,0.98,0,0.6,0.63,0.9,0,0,0,5.44,1.60,8.11,5.63,1.44,0.00
18192,Landen Roupp,SF,28,22,6,0,0,120,8,8,114,11,51,54,111,0,0,0,3.83,1.40,8.33,4.05,2.06,0.83
19781,Ethan Routzahn,SD,0,0,0,0,0,1,0,0,1.07,0,0.61,0.51,0.76,0,0,0,5.49,1.58,6.81,4.57,1.49,0.00
16988,Braxton Roxby,SF,0,0,0,0,0,1,0,0,0.95,0,0.63,0.6,1.01,0,0,0,5.64,1.55,9.10,5.38,1.69,0.00
19461,Chris Roycroft,STL,39,0,0,0,0,41,2,2,38,5,21,16,34,2,1,2,4.61,1.32,7.46,3.51,2.13,1.10
16517,Michael Rucker,SEA,0,0,0,0,0,1,0,0,1.02,0,0.52,0.41,0.95,0,0,0,4.70,1.43,8.51,3.67,2.32,0.00
18148,Will Rudy,MIL,0,0,0,0,0,1,0,0,1.2,0,0.83,0.57,0.65,0,0,0,7.48,1.77,5.86,5.14,1.14,0.00
19898,Jason Ruffcorn,SEA,0,0,0,0,0,1,0,0,1.04,0,0.62,0.63,0.84,0,0,0,5.58,1.68,7.60,5.70,1.33,0.00
12271,Jose Ruiz,FA,0,0,0,0,0,1,0,0,0.99,0,0.5,0.38,0.95,0,0,0,4.53,1.37,8.55,3.46,2.47,0.00
19903,Luis Rujano,CHC,0,0,0,0,0,1,0,0,1.18,0,0.8,0.95,0.82,0,0,0,7.16,2.13,7.42,8.57,0.87,0.00
16155,Carter Rustad,BAL,0,0,0,0,0,1,0,0,0.95,0,0.53,0.54,0.88,0,0,0,4.80,1.49,7.95,4.88,1.63,0.00
16050,Jackson Rutledge,WSH,52,0,0,0,0,57,3,3,53,8,28,18,48,7,2,2,4.42,1.25,7.58,2.84,2.67,1.26
16036,Joe Ryan,MIN,29,29,15,0,0,172,11,10,146,28,72,35,196,0,0,0,3.77,1.05,10.26,1.83,5.60,1.47
15165,Ryder Ryan,LAD,0,0,0,0,0,1,0,0,0.97,0,0.64,0.58,0.78,0,0,0,5.72,1.56,7.00,5.26,1.33,0.00
17815,River Ryan,LAD,12,6,1,0,0,37,1,1,31,4,14,13,31,0,0,0,3.41,1.19,7.54,3.16,2.38,0.97
19161,Andrew Saalfrank,ARI,0,0,0,0,0,0,0,0,0,0,0,0,0,0,0,0,0.00,0.00,0.00,0.00,0.00,0.00
17718,Erik Sabrowski,CLE,61,0,0,0,0,61,2,2,47,6,23,23,59,15,3,2,3.39,1.15,8.70,3.39,2.57,0.89
14107,Connor Sadzeck,FA,0,0,0,0,0,1,0,0,1.1,0,0.63,0.76,0.92,0,0,0,5.64,1.87,8.25,6.88,1.20,0.00
17473,Dustin Saenz,WSH,0,0,0,0,0,1,0,0,1.22,0,0.7,0.42,0.66,0,0,0,6.28,1.65,5.91,3.82,1.55,0.00
19488,Darlin Saladin,STL,0,0,0,0,0,1,0,0,1.16,0,0.76,0.76,0.69,0,0,0,6.82,1.92,6.17,6.82,0.91,0.00
18802,Eduardo Salazar,MIN,0,0,0,0,0,1,0,0,1.18,0,0.65,0.53,0.84,0,0,0,5.88,1.71,7.54,4.79,1.58,0.00
20472,Kelvis Salcedo,DET,0,0,0,0,0,1,0,0,0.73,0,0.49,0.79,0.81,0,0,0,4.45,1.52,7.30,7.08,1.03,0.00
11438,Chris Sale,ATL,26,26,14,0,0,160,12,6,131,14,52,40,204,0,0,0,2.93,1.07,11.48,2.25,5.10,0.79
20442,R.J. Sales,WSH,0,0,0,0,0,1,0,0,1.17,0,0.59,0.52,0.75,0,0,0,5.32,1.69,6.71,4.66,1.44,0.00
17861,Royber Salinas,FA,0,0,0,0,0,1,0,0,0.98,0,0.62,0.61,0.95,0,0,0,5.61,1.59,8.59,5.52,1.56,0.00
18184,Tyler Samaniego,BOS,0,0,0,0,0,1,0,0,0.98,0,0.57,0.45,0.93,0,0,0,5.16,1.43,8.33,4.07,2.05,0.00
19758,Bryan Sammons,DET,0,0,0,0,0,1,0,0,0.99,0,0.65,0.55,0.84,0,0,0,5.82,1.54,7.57,4.94,1.53,0.00
13571,Adrian Sampson,FA,0,0,0,0,0,1,0,0,1.14,0,0.65,0.44,0.72,0,0,0,5.89,1.58,6.45,3.93,1.64,0.00
13147,Angel Sanchez,FA,0,0,0,0,0,1,0,0,1.11,0,0.58,0.46,0.81,0,0,0,5.26,1.56,7.25,4.10,1.77,0.00
11452,Aaron Sanchez,KC,0,0,0,0,0,1,0,0,1.17,0,0.85,0.71,0.66,0,0,0,7.68,1.87,5.90,6.37,0.93,0.00
14508,Sixto Sanchez,FA,0,0,0,0,0,1,0,0,1.03,0,0.55,0.38,0.8,0,0,0,4.92,1.41,7.17,3.38,2.13,0.00
16500,Cristopher Sanchez,PHI,29,29,18,1,0,186,13,6,168,15,62,39,178,0,0,0,3.00,1.11,8.61,1.89,4.56,0.73
16627,Yehizon Sanchez,MIN,0,0,0,0,0,1,0,0,1.47,0,1.23,0.94,0.66,0,0,0,11.04,2.41,5.90,8.48,0.70,0.00
19833,Samuel Sanchez,LAD,0,0,0,0,0,1,0,0,1.46,0,0.98,0.4,0.71,0,0,0,8.84,1.86,6.38,3.60,1.77,0.00
18277,Franklin Sanchez,MIA,0,0,0,0,0,1,0,0,0.94,0,0.68,0.89,0.98,0,0,0,6.08,1.83,8.78,7.99,1.10,0.00
17219,Bryan Sanchez,WSH,0,0,0,0,0,1,0,0,1.43,0,1.31,1.12,0.8,0,0,0,11.80,2.55,7.16,10.12,0.71,0.00
18940,Will Sanders,CHC,0,0,0,0,0,1,0,0,1.19,0,0.77,0.55,0.82,0,0,0,6.97,1.73,7.40,4.91,1.51,0.00
20456,Cam Sanders,PIT,21,0,0,0,0,22,1,1,19,3,10,8,18,0,0,0,4.09,1.23,7.36,3.27,2.25,1.23
18771,David Sandlin,CWS,0,0,0,0,0,1,0,0,1.16,0,0.72,0.51,0.89,0,0,0,6.47,1.67,8.02,4.55,1.76,0.00
15506,Nick Sandlin,LAA,40,0,0,0,0,40,1,3,32,6,16,16,37,4,0,3,3.60,1.20,8.33,3.60,2.31,1.35
15342,Patrick Sandoval,BOS,28,11,3,0,0,74,2,6,77,7,38,35,71,0,0,0,4.62,1.51,8.64,4.26,2.03,0.85
12811,Juan Sandoval,FA,0,0,0,0,0,1,0,0,0.93,0,0.47,0.4,0.93,0,0,0,4.28,1.33,8.33,3.60,2.31,0.00
19852,Jayvien Sandridge,LAA,20,0,0,0,0,19,1,1,16,3,9,7,16,0,0,0,4.26,1.21,7.58,3.32,2.29,1.42
13859,Cole Sands,MIN,64,0,0,0,0,67,4,2,58,7,29,22,62,16,9,3,3.90,1.19,8.33,2.96,2.82,0.94
15244,Reiver Sanmartin,SF,37,0,0,0,0,38,2,2,34,5,16,13,33,0,0,0,3.79,1.24,7.82,3.08,2.54,1.18
17864,Alimber Santa,HOU,0,0,0,0,0,1,0,0,1.01,0,0.65,0.78,0.94,0,0,0,5.89,1.79,8.42,7.01,1.20,0.00
14486,Dennis Santana,PIT,65,0,0,0,0,66,4,3,52,7,27,23,59,4,21,5,3.68,1.14,8.05,3.14,2.57,0.95
13870,Tony Santillan,CIN,69,0,0,0,0,68,3,4,57,8,25,31,62,22,8,3,3.31,1.29,8.21,4.10,2.00,1.06
14887,Antonio Santos,CHC,0,0,0,0,0,1,0,0,0.89,0,0.58,0.64,0.81,0,0,0,5.21,1.53,7.26,5.77,1.26,0.00
15228,Gregory Santos,SF,20,0,0,0,0,20,1,1,18,2,9,8,15,0,0,2,4.05,1.30,6.75,3.60,1.88,0.90
15897,Junior Santos,FA,0,0,0,0,0,1,0,0,1.12,0,0.68,0.79,0.61,0,0,0,6.12,1.91,5.48,7.14,0.77,0.00
15899,Victor Santos,STL,0,0,0,0,0,1,0,0,1.26,0,0.85,0.49,0.65,0,0,0,7.68,1.75,5.85,4.41,1.33,0.00
16610,Dahian Santos,TOR,0,0,0,0,0,1,0,0,0.88,0,0.67,0.73,0.97,0,0,0,6.07,1.61,8.72,6.54,1.33,0.00
16726,Alex Santos,HOU,0,0,0,0,0,1,0,0,1.2,0,1.04,1,0.88,0,0,0,9.35,2.20,7.94,9.00,0.88,0.00
18204,Winston Santos,TEX,0,0,0,0,0,1,0,0,1.16,0,0.76,0.47,0.88,0,0,0,6.88,1.63,7.94,4.21,1.88,0.00
20703,Pedro Santos,FA,0,0,0,0,0,1,0,0,0.98,0,0.63,0.93,0.96,0,0,0,5.63,1.90,8.66,8.33,1.04,0.00
19521,Jonathan Santucci,NYM,0,0,0,0,0,1,0,0,0.95,0,0.51,0.58,0.88,0,0,0,4.62,1.53,7.96,5.26,1.52,0.00
18363,Roki Sasaki,LAD,31,18,9,0,0,118,8,4,101,12,51,45,111,3,2,1,3.89,1.24,8.47,3.43,2.47,0.92
17286,Tayler Saucedo,LAA,33,0,0,0,0,33,1,1,31,4,16,13,28,0,0,1,4.36,1.33,7.64,3.55,2.15,1.09
14784,Matt Sauer,FA,0,0,0,0,0,1,0,0,1.14,0,0.72,0.47,0.86,0,0,0,6.49,1.61,7.70,4.21,1.83,0.00
16831,Jason Savacool,STL,0,0,0,0,0,1,0,0,1.09,0,0.65,0.8,0.64,0,0,0,5.87,1.89,5.76,7.18,0.80,0.00
18022,Nate Savino,ARI,0,0,0,0,0,1,0,0,1.08,0,0.82,0.85,0.8,0,0,0,7.37,1.92,7.20,7.63,0.94,0.00
13888,Josh Sborz,TEX,39,0,0,0,0,40,2,2,35,4,18,13,37,0,0,2,4.05,1.20,8.33,2.93,2.85,0.90
19099,Caden Scarborough,TEX,0,0,0,0,0,1,0,0,0.94,0,0.55,0.47,0.91,0,0,0,4.95,1.41,8.22,4.24,1.94,0.00
9278,Max Scherzer,TOR,17,17,6,0,0,86,5,5,80,16,42,23,84,0,0,0,4.38,1.19,8.76,2.40,3.65,1.67
19574,Ethan Schiefelbein,DET,0,0,0,0,0,1,0,0,1.08,0,0.77,0.6,0.88,0,0,0,6.97,1.68,7.88,5.40,1.46,0.00
20463,Tyler Schlaffer,CHC,0,0,0,0,0,1,0,0,1.04,0,0.77,0.76,0.71,0,0,0,6.89,1.79,6.35,6.80,0.93,0.00
19619,Rafe Schlesinger,CLE,0,0,0,0,0,1,0,0,1.17,0,0.69,0.66,0.82,0,0,0,6.17,1.84,7.34,5.97,1.23,0.00
19844,Cam Schlittler,NYY,24,24,9,0,0,135,9,8,112,15,53,56,144,0,0,0,3.53,1.24,9.60,3.73,2.57,1.00
14798,Clarke Schmidt,NYY,15,3,1,0,0,30,1,1,25,3,12,11,29,0,0,0,3.60,1.20,8.70,3.30,2.64,0.90
18918,Cole Schoenwetter,CIN,0,0,0,0,0,1,0,0,1.26,0,1.27,1.41,0.74,0,0,0,11.42,2.67,6.62,12.68,0.52,0.00
18384,Jesse Scholtens,TB,24,1,0,0,0,29,1,1,27,4,14,10,27,0,0,0,4.34,1.28,8.38,3.10,2.70,1.24
19475,Will Schomberg,MIA,0,0,0,0,0,1,0,0,0.95,0,0.63,0.76,0.92,0,0,0,5.69,1.71,8.26,6.86,1.20,0.00
20160,Kruz Schoolcraft,SD,0,0,0,0,0,1,0,0,0.95,0,0.57,0.5,1,0,0,0,5.17,1.45,9.00,4.50,2.00,0.00
16428,John Schreiber,KC,66,0,0,0,0,63,3,3,55,7,27,23,58,21,3,3,3.86,1.24,8.29,3.29,2.52,1.00
17904,Austin Schulfer,PHI,0,0,0,0,0,1,0,0,1.05,0,0.6,0.53,0.86,0,0,0,5.39,1.58,7.75,4.73,1.64,0.00
17966,Noah Schultz,CWS,0,0,0,0,0,1,0,0,1.05,0,0.54,0.64,0.9,0,0,0,4.86,1.69,8.10,5.77,1.40,0.00
20082,Paxton Schultz,WSH,35,0,0,0,0,39,1,2,35,6,17,13,35,0,0,0,3.92,1.23,8.08,3.00,2.69,1.38
16182,Andrew Schultz,PHI,0,0,0,0,0,1,0,0,1.05,0,0.68,0.69,0.98,0,0,0,6.08,1.74,8.78,6.22,1.41,0.00
18147,Tyler Schweitzer,CWS,0,0,0,0,0,1,0,0,1.14,0,0.73,0.59,0.73,0,0,0,6.61,1.73,6.53,5.30,1.23,0.00
17342,Spencer Schwellenbach,ATL,13,13,8,1,0,76,5,3,63,9,27,14,76,0,0,0,3.20,1.01,9.00,1.66,5.43,1.07
17511,Christian Scott,NYM,23,5,2,0,0,44,2,2,40,6,21,14,36,0,0,0,4.30,1.23,7.36,2.86,2.57,1.23
15154,Tayler Scott,ATL,0,0,0,0,0,1,0,0,0.96,0,0.49,0.44,0.97,0,0,0,4.44,1.40,8.69,4.00,2.17,0.00
14171,Tanner Scott,LAD,65,0,0,0,0,65,5,5,52,7,25,24,68,28,5,6,3.46,1.17,9.42,3.32,2.83,0.97
16397,Andre Scrubb,FA,0,0,0,0,0,1,0,0,0.9,0,0.51,0.49,0.87,0,0,0,4.63,1.39,7.84,4.37,1.79,0.00
14954,Connor Seabold,TOR,0,0,0,0,0,1,0,0,1.11,0,0.69,0.42,0.87,0,0,0,6.22,1.53,7.84,3.75,2.09,0.00
15242,JP Sears,SD,28,24,8,0,0,134,8,9,133,22,62,34,113,0,0,0,4.16,1.25,7.59,2.28,3.32,1.48
20469,Andrew Sears,DET,0,0,0,0,0,1,0,0,1.02,0,0.6,0.67,0.83,0,0,0,5.37,1.69,7.46,5.99,1.25,0.00
14259,Cody Sedlock,FA,0,0,0,0,0,1,0,0,0.98,0,0.72,0.68,0.88,0,0,0,6.52,1.65,7.94,6.09,1.30,0.00
15694,Matt Seelinger,DET,0,0,0,0,0,1,0,0,0.89,0,0.47,0.54,0.96,0,0,0,4.18,1.43,8.65,4.87,1.78,0.00
18735,Enrique Segura,TEX,0,0,0,0,0,1,0,0,1.17,0,1.05,0.86,0.73,0,0,0,9.49,2.03,6.57,7.76,0.85,0.00
18254,Colin Selby,BAL,57,0,0,0,0,58,2,3,50,7,25,21,49,0,0,2,3.88,1.22,7.60,3.26,2.33,1.09
17459,Brock Selvidge,NYY,0,0,0,0,0,1,0,0,1.1,0,0.69,0.65,0.76,0,0,0,6.20,1.74,6.87,5.82,1.18,0.00
16837,Adam Seminaris,PHI,0,0,0,0,0,1,0,0,1.25,0,0.66,0.47,0.74,0,0,0,5.95,1.72,6.62,4.22,1.57,0.00
14711,Kodai Senga,NYM,28,20,5,0,0,115,10,4,85,15,46,43,138,0,0,0,3.60,1.11,10.80,3.37,3.21,1.17
13629,Antonio Senzatela,COL,35,4,0,0,0,57,2,4,62,12,33,22,37,0,0,0,5.21,1.47,5.84,3.47,1.68,1.89
20732,Jack Seppings,FA,0,0,0,0,0,1,0,0,1.23,0,0.66,0.85,0.75,0,0,0,5.96,2.08,6.79,7.61,0.89,0.00
18178,Luis Serna,NYY,0,0,0,0,0,1,0,0,1.13,0,0.89,0.7,0.88,0,0,0,8.05,1.83,7.89,6.28,1.26,0.00
15086,Florencio Serrano,FA,0,0,0,0,0,1,0,0,1.09,0,0.64,0.5,0.82,0,0,0,5.76,1.60,7.38,4.54,1.63,0.00
19968,Kenny Serwa,DET,0,0,0,0,0,1,0,0,1.05,0,0.63,0.64,0.55,0,0,0,5.68,1.69,4.94,5.75,0.86,0.00
19177,Adam Serwinowski,LAD,0,0,0,0,0,1,0,0,1.02,0,0.72,0.83,0.91,0,0,0,6.49,1.85,8.20,7.47,1.10,0.00
13248,Luis Severino,ATH,29,29,12,0,0,172,9,11,177,25,92,57,143,0,0,0,4.81,1.36,7.48,2.98,2.51,1.31
14190,Paul Sewald,ARI,56,0,0,0,0,56,2,2,48,8,25,19,52,12,10,5,4.02,1.20,8.36,3.05,2.74,1.29
16753,Ian Seymour,TB,36,20,7,0,0,125,7,7,106,13,52,42,124,0,0,0,3.74,1.18,8.93,3.02,2.95,0.94
16809,Carson Seymour,SF,19,0,0,0,0,24,1,1,22,4,11,9,19,0,0,0,4.13,1.29,7.13,3.38,2.11,1.50
19064,Tzu-Chen Sha,ATH,0,0,0,0,0,1,0,0,1.4,0,0.98,0.51,0.63,0,0,0,8.81,1.92,5.63,4.63,1.22,0.00
19287,Reese Sharp,BAL,0,0,0,0,0,1,0,0,0.96,0,0.51,0.61,0.91,0,0,0,4.59,1.57,8.19,5.49,1.49,0.00
18396,Davis Sharpe,CLE,0,0,0,0,0,1,0,0,1.2,0,0.77,0.47,0.77,0,0,0,6.96,1.67,6.96,4.23,1.64,0.00
10553,Bryan Shaw,SEA,0,0,0,0,0,1,0,0,0.98,0,0.57,0.61,0.88,0,0,0,5.10,1.59,7.94,5.45,1.46,0.00
18161,Emmet Sheehan,LAD,34,22,7,0,0,130,8,3,103,17,55,41,140,0,0,0,3.81,1.11,9.69,2.84,3.41,1.18
13399,Justus Sheffield,FA,0,0,0,0,0,1,0,0,1.22,0,0.82,0.63,0.84,0,0,0,7.34,1.85,7.58,5.64,1.34,0.00
20406,Chia-Shi Shen,SEA,0,0,0,0,0,1,0,0,1.32,0,0.97,0.42,0.67,0,0,0,8.77,1.74,5.99,3.77,1.59,0.00
19615,Grant Shepardson,MIA,0,0,0,0,0,1,0,0,1.18,0,0.92,1.07,0.75,0,0,0,8.32,2.25,6.76,9.64,0.70,0.00
19523,David Shields,KC,0,0,0,0,0,1,0,0,1.07,0,0.53,0.38,0.84,0,0,0,4.78,1.45,7.52,3.40,2.21,0.00
19384,Ben Shields,COL,0,0,0,0,0,1,0,0,0.97,0,0.52,0.44,0.95,0,0,0,4.68,1.41,8.55,3.92,2.18,0.00
18310,Jun-Seok Shim,NYM,0,0,0,0,0,1,0,0,0.93,0,1.01,1.21,0.91,0,0,0,9.11,2.14,8.23,10.85,0.76,0.00
18288,Adam Shoemaker,ATL,0,0,0,0,0,1,0,0,1.14,0,1.02,1.2,0.84,0,0,0,9.14,2.34,7.57,10.82,0.70,0.00
16947,TJ Shook,COL,0,0,0,0,0,1,0,0,1.06,0,0.63,0.51,0.89,0,0,0,5.70,1.57,8.00,4.60,1.74,0.00
16128,Avery Short,ARI,0,0,0,0,0,1,0,0,1.16,0,0.73,0.51,0.67,0,0,0,6.55,1.67,6.01,4.63,1.30,0.00
15532,Aaron Shortridge,FA,0,0,0,0,0,1,0,0,1.15,0,0.67,0.5,0.77,0,0,0,6.05,1.66,6.94,4.52,1.54,0.00
19019,Zack Showalter,STL,0,0,0,0,0,1,0,0,0.92,0,0.52,0.71,0.94,0,0,0,4.67,1.64,8.48,6.41,1.32,0.00
13585,Chasen Shreve,FA,0,0,0,0,0,1,0,0,0.95,0,0.51,0.37,0.91,0,0,0,4.63,1.33,8.19,3.36,2.44,0.00
18414,Chase Shugart,PHI,33,0,0,0,0,34,1,1,28,4,14,12,27,0,1,1,3.71,1.18,7.15,3.18,2.25,1.06
17643,Seth Shuman,WSH,0,0,0,0,0,1,0,0,1.22,0,0.75,0.34,0.79,0,0,0,6.77,1.56,7.10,3.04,2.33,0.00
16728,Jared Shuster,STL,0,0,0,0,0,1,0,0,1.14,0,0.64,0.46,0.79,0,0,0,5.75,1.60,7.08,4.13,1.71,0.00
16091,T.J. Sikkema,BOS,0,0,0,0,0,1,0,0,1.07,0,0.74,0.51,0.73,0,0,0,6.66,1.59,6.57,4.63,1.42,0.00
17438,Chase Silseth,LAA,48,0,0,0,0,52,2,2,45,7,22,19,48,3,0,1,3.81,1.23,8.31,3.29,2.53,1.21
17413,Eric Silva,DET,0,0,0,0,0,1,0,0,1.04,0,0.71,0.53,0.84,0,0,0,6.39,1.57,7.56,4.81,1.57,0.00
18239,Andres Silvera,PIT,0,0,0,0,0,1,0,0,1.25,0,0.8,0.74,0.88,0,0,0,7.18,1.98,7.88,6.65,1.18,0.00
18150,Liam Simon,SF,0,0,0,0,0,1,0,0,0.99,0,0.95,1.02,0.92,0,0,0,8.60,2.01,8.30,9.17,0.90,0.00
17115,Johan Simon,DET,0,0,0,0,0,1,0,0,1.14,0,0.7,0.61,0.86,0,0,0,6.34,1.74,7.74,5.48,1.41,0.00
20739,Benjamin Simon,FA,0,0,0,0,0,1,0,0,1.05,0,0.57,0.45,0.87,0,0,0,5.09,1.50,7.81,4.02,1.94,0.00
20020,Anthony Simonelli,KC,0,0,0,0,0,1,0,0,0.96,0,0.58,0.55,0.92,0,0,0,5.24,1.51,8.25,4.98,1.66,0.00
18270,Josh Simpson,SEA,36,0,0,0,0,36,2,2,34,5,20,17,34,0,0,2,5.00,1.42,8.50,4.25,2.00,1.25
17959,Landon Sims,ARI,0,0,0,0,0,1,0,0,1.11,0,0.6,0.72,0.93,0,0,0,5.36,1.82,8.39,6.44,1.30,0.00
12469,Lucas Sims,FA,37,0,0,0,0,37,0,2,32,5,22,19,34,0,0,2,5.35,1.38,8.27,4.62,1.79,1.22
18791,Nick Sinacola,SF,0,0,0,0,0,1,0,0,1.16,0,0.67,0.55,0.69,0,0,0,6.03,1.70,6.25,4.93,1.27,0.00
19997,Jack Sinclair,WSH,0,0,0,0,0,1,0,0,1.02,0,0.63,0.68,0.85,0,0,0,5.67,1.69,7.62,6.10,1.25,0.00
13874,Brady Singer,CIN,30,30,14,0,0,174,12,13,169,21,82,57,161,0,0,0,4.24,1.30,8.33,2.95,2.82,1.09
19653,Luke Sinnard,ATL,0,0,0,0,0,1,0,0,1.02,0,0.53,0.64,0.87,0,0,0,4.77,1.66,7.80,5.75,1.36,0.00
17596,Evan Sisk,PIT,46,0,0,0,0,45,2,2,39,5,20,18,42,0,0,0,4.00,1.27,8.40,3.60,2.33,1.00
18838,Paul Skenes,PIT,30,30,21,1,0,186,11,7,134,12,41,44,224,0,0,0,1.98,0.96,10.84,2.13,5.09,0.58
16963,Noah Skirrow,PHI,0,0,0,0,0,1,0,0,1.36,0,0.8,0.69,0.63,0,0,0,7.17,2.05,5.63,6.24,0.90,0.00
16006,Tarik Skubal,DET,30,30,19,0,0,190,15,5,138,14,50,33,232,0,0,0,2.37,0.90,10.99,1.56,7.03,0.66
16231,Justin Slaten,BOS,57,0,0,0,0,59,6,4,50,6,25,18,50,15,4,4,3.81,1.15,7.63,2.75,2.78,0.92
19508,Ryan Sloan,SEA,0,0,0,0,0,1,0,0,1.23,0,0.71,0.36,0.82,0,0,0,6.37,1.59,7.35,3.27,2.25,0.00
16092,Ethan Small,SF,0,0,0,0,0,1,0,0,0.96,0,0.55,0.47,0.94,0,0,0,4.92,1.43,8.50,4.25,2.00,0.00
15666,Devin Smeltzer,FA,0,0,0,0,0,1,0,0,1.19,0,0.73,0.49,0.76,0,0,0,6.58,1.69,6.87,4.44,1.55,0.00
15778,Julian Smith,FA,0,0,0,0,0,1,0,0,1.03,0,0.77,0.7,0.92,0,0,0,6.93,1.72,8.25,6.27,1.32,0.00
16994,Cade Smith,CLE,70,0,0,0,0,70,4,4,52,4,22,18,86,2,28,5,2.83,1.00,11.06,2.31,4.78,0.51
16832,Jake Smith,MIA,0,0,0,0,0,1,0,0,1.09,0,0.86,1.05,0.86,0,0,0,7.75,2.13,7.75,9.41,0.82,0.00
11549,Burch Smith,DET,0,0,0,0,0,1,0,0,1.02,0,0.57,0.4,0.94,0,0,0,5.11,1.42,8.43,3.60,2.34,0.00
13906,Drew Smith,WSH,45,0,0,0,0,45,0,0,40,5,19,18,43,0,1,1,3.80,1.29,8.60,3.60,2.39,1.00
19698,Parker Smith,HOU,0,0,0,0,0,1,0,0,1.18,0,0.63,0.74,0.74,0,0,0,5.63,1.92,6.62,6.62,1.00,0.00
19838,Travis Smith,MIL,0,0,0,0,0,1,0,0,1.18,0,0.69,0.52,0.57,0,0,0,6.17,1.70,5.11,4.71,1.09,0.00
18949,Brady Smith,LAD,0,0,0,0,0,1,0,0,0.91,0,0.8,0.79,0.95,0,0,0,7.20,1.70,8.55,7.09,1.21,0.00
19324,Cade Smith,NYY,0,0,0,0,0,1,0,0,0.91,0,0.55,0.59,0.89,0,0,0,4.93,1.50,7.99,5.30,1.51,0.00
19168,Shane Smith,CWS,28,28,7,0,0,158,6,9,132,21,71,63,153,0,0,0,4.04,1.23,8.72,3.59,2.43,1.20
17363,Dylan Smith,DET,33,0,0,0,0,36,2,2,29,4,14,12,27,0,0,0,3.50,1.14,6.75,3.00,2.25,1.00
17402,Hagen Smith,CWS,0,0,0,0,0,1,0,0,0.76,0,0.6,0.95,1.05,0,0,0,5.37,1.71,9.43,8.57,1.10,0.00
17386,Russell Smith,MIL,0,0,0,0,0,1,0,0,1.08,0,0.62,0.73,0.84,0,0,0,5.62,1.81,7.58,6.60,1.15,0.00
17963,Tristan Smith,CIN,0,0,0,0,0,1,0,0,1.06,0,0.74,0.66,0.95,0,0,0,6.64,1.72,8.55,5.96,1.44,0.00
20437,Austin Smith,COL,0,0,0,0,0,1,0,0,0.99,0,0.59,0.54,0.89,0,0,0,5.27,1.53,8.01,4.82,1.66,0.00
20447,Tanner Smith,BAL,0,0,0,0,0,1,0,0,1.05,0,0.58,0.56,0.96,0,0,0,5.23,1.61,8.60,5.00,1.72,0.00
17490,AJ Smith0Shawver,ATL,6,2,0,0,0,13,0,0,11,2,4,4,11,0,0,0,2.77,1.15,7.62,2.77,2.75,1.38
11506,Drew Smyly,FA,0,0,0,0,0,1,0,0,0.97,0,0.48,0.37,0.96,0,0,0,4.31,1.35,8.61,3.34,2.58,0.00
17587,Kirby Snead,SEA,0,0,0,0,0,1,0,0,1.12,0,0.7,0.51,0.88,0,0,0,6.28,1.63,7.96,4.61,1.73,0.00
12189,Blake Snell,LAD,21,21,11,0,0,123,9,6,88,8,36,55,156,0,0,0,2.63,1.16,11.41,4.02,2.84,0.59
17937,Robby Snelling,MIA,17,17,9,0,0,98,7,7,96,12,44,35,94,0,0,0,4.04,1.34,8.63,3.21,2.69,1.10
17265,Collin Snider,CHC,12,0,0,0,0,12,0,2,11,1,5,4,10,0,0,0,3.75,1.25,7.50,3.00,2.50,0.75
19994,Jack Snyder,TB,0,0,0,0,0,1,0,0,1.08,0,0.64,0.51,0.86,0,0,0,5.76,1.59,7.76,4.55,1.71,0.00
20596,Chase Solesky,TB,0,0,0,0,0,1,0,0,1.17,0,0.69,0.5,0.68,0,0,0,6.17,1.67,6.09,4.52,1.35,0.00
17315,Anthony Solometo,PIT,0,0,0,0,0,1,0,0,0.99,0,0.6,0.56,0.82,0,0,0,5.43,1.55,7.35,5.06,1.45,0.00
14916,Peter Solomon,FA,0,0,0,0,0,1,0,0,1.27,0,0.91,0.66,0.85,0,0,0,8.21,1.93,7.61,5.91,1.29,0.00
17126,Jared Solomon,FA,0,0,0,0,0,1,0,0,1.2,0,1.05,0.84,0.84,0,0,0,9.44,2.04,7.59,7.59,1.00,0.00
16386,Jake Sommers,FA,0,0,0,0,0,1,0,0,1.04,0,0.56,0.45,0.95,0,0,0,5.06,1.49,8.55,4.05,2.11,0.00
19974,Drew Sommers,DET,17,0,0,0,0,17,1,1,15,2,8,6,14,0,0,0,4.24,1.24,7.41,3.18,2.33,1.06
16247,Noah Song,BOS,0,0,0,0,0,1,0,0,1.01,0,0.57,0.49,0.92,0,0,0,5.09,1.51,8.26,4.44,1.86,0.00
15125,Jose Soriano,LAA,30,30,11,0,0,170,10,11,145,13,73,79,168,0,0,0,3.86,1.32,8.89,4.18,2.13,0.69
17845,George Soriano,STL,16,0,0,0,0,17,1,1,15,3,9,7,15,0,0,1,4.76,1.29,7.94,3.71,2.14,1.59
13863,Michael Soroka,ARI,22,22,4,0,0,135,3,7,119,22,70,53,131,0,0,1,4.67,1.27,8.73,3.53,2.47,1.47
20011,Listher Sosa,FA,0,0,0,0,0,1,0,0,1.07,0,0.65,0.51,0.81,0,0,0,5.88,1.58,7.27,4.63,1.57,0.00
19828,Ubaldo Soto,LAA,0,0,0,0,0,1,0,0,1.05,0,1.01,1.01,0.75,0,0,0,9.10,2.06,6.78,9.10,0.74,0.00
18893,Charlee Soto,MIN,0,0,0,0,0,1,0,0,1.21,0,0.78,0.64,0.87,0,0,0,6.99,1.86,7.84,5.80,1.35,0.00
15100,Gregory Soto,PIT,64,0,0,0,0,61,2,3,56,6,28,23,62,20,8,3,4.13,1.30,9.15,3.39,2.70,0.89
17060,Bennett Sousa,HOU,48,0,0,0,0,50,3,2,40,6,20,16,47,15,4,1,3.60,1.12,8.46,2.88,2.94,1.08
16183,Jared Southard,LAA,0,0,0,0,0,1,0,0,1.02,0,0.64,0.6,0.85,0,0,0,5.77,1.62,7.66,5.42,1.41,0.00
18257,Dylan Spain,FA,0,0,0,0,0,1,0,0,1.08,0,0.65,0.41,0.88,0,0,0,5.85,1.49,7.90,3.71,2.13,0.00
14262,Alex Speas,FA,0,0,0,0,0,1,0,0,1.02,0,0.69,0.67,1.01,0,0,0,6.23,1.69,9.09,6.06,1.50,0.00
14103,Gabe Speier,SEA,62,0,0,0,0,58,2,4,46,6,25,19,61,20,2,4,3.88,1.12,9.47,2.95,3.21,0.93
19200,Mitch Spence,KC,15,1,0,0,0,19,1,1,22,3,11,6,15,0,0,0,5.21,1.47,7.11,2.84,2.50,1.42
16987,Carson Spiers,CIN,0,0,0,0,0,1,0,0,1.05,0,0.58,0.46,0.88,0,0,0,5.21,1.52,7.89,4.15,1.90,0.00
15663,Jeffrey Springs,ATH,29,29,13,0,0,162,9,9,149,27,77,50,144,0,0,0,4.28,1.23,8.00,2.78,2.88,1.50
18023,Brandon Sproat,MIL,16,8,3,0,0,54,2,3,47,6,24,19,45,0,0,0,4.00,1.22,7.50,3.17,2.37,1.00
17999,Connor Staine,COL,0,0,0,0,0,1,0,0,1.21,0,0.88,0.76,0.67,0,0,0,7.92,1.97,6.00,6.82,0.88,0.00
16202,Garrett Stallings,MIL,0,0,0,0,0,1,0,0,1.18,0,0.72,0.42,0.69,0,0,0,6.49,1.60,6.22,3.77,1.65,0.00
20000,Dale Stanavich,MIA,0,0,0,0,0,1,0,0,0.94,0,0.55,0.74,0.96,0,0,0,4.93,1.68,8.68,6.65,1.31,0.00
11485,Ryne Stanek,STL,55,0,0,0,0,55,4,5,49,7,27,23,56,13,3,3,4.42,1.31,9.16,3.76,2.43,1.15
20108,Gage Stanifer,TOR,0,0,0,0,0,1,0,0,1.05,0,0.86,1,0.92,0,0,0,7.75,2.04,8.32,8.96,0.93,0.00
16394,Cody Stashak,PHI,0,0,0,0,0,1,0,0,1.14,0,0.66,0.36,0.96,0,0,0,5.98,1.50,8.68,3.28,2.65,0.00
13881,Josh Staumont,CIN,0,0,0,0,0,1,0,0,0.91,0,0.51,0.47,0.98,0,0,0,4.59,1.38,8.82,4.23,2.09,0.00
13992,Justin Steele,CHC,14,14,6,0,0,78,6,2,70,11,33,19,75,0,0,0,3.81,1.14,8.65,2.19,3.95,1.27
17407,Jacob Steinmetz,ARI,0,0,0,0,0,1,0,0,1.43,0,1.02,0.9,0.7,0,0,0,9.18,2.34,6.30,8.12,0.78,0.00
15002,Trevor Stephan,CLE,0,0,0,0,0,1,0,0,1.05,0,0.62,0.4,0.98,0,0,0,5.57,1.45,8.81,3.60,2.45,0.00
16976,Josh Stephan,TEX,0,0,0,0,0,1,0,0,1.17,0,0.68,0.42,0.75,0,0,0,6.12,1.59,6.77,3.79,1.79,0.00
19567,Khal Stephen,CLE,0,0,0,0,0,1,0,0,1,0,0.48,0.35,0.85,0,0,0,4.28,1.35,7.61,3.16,2.41,0.00
14225,Jackson Stephens,FA,0,0,0,0,0,1,0,0,0.96,0,0.46,0.4,0.86,0,0,0,4.15,1.36,7.70,3.56,2.16,0.00
12147,Robert Stephenson,LAA,59,0,0,0,0,59,3,3,47,7,24,20,54,16,10,5,3.66,1.14,8.24,3.05,2.70,1.07
19537,Levi Sterling,PIT,0,0,0,0,0,1,0,0,1.29,0,1.04,0.96,0.81,0,0,0,9.34,2.25,7.31,8.66,0.84,0.00
17083,Justin Sterner,ATH,64,0,0,0,0,67,3,4,58,8,25,22,60,18,6,4,3.36,1.19,8.06,2.96,2.73,1.07
19730,Kevin Stevens,NYY,0,0,0,0,0,1,0,0,0.94,0,0.48,0.44,0.98,0,0,0,4.32,1.38,8.78,3.92,2.24,0.00
20043,Casey Steward,PHI,0,0,0,0,0,1,0,0,1.17,0,0.83,0.78,0.74,0,0,0,7.48,1.94,6.66,7.02,0.95,0.00
14418,Brock Stewart,LAD,28,0,0,0,0,27,1,1,23,3,11,10,26,8,2,3,3.67,1.22,8.67,3.33,2.60,1.00
11024,Robert Stock,NYM,0,0,0,0,0,1,0,0,1.04,0,0.61,0.56,0.9,0,0,0,5.45,1.60,8.14,5.00,1.63,0.00
16910,Gavin Stone,LAD,13,2,0,0,0,22,1,0,25,3,14,7,17,0,0,0,5.73,1.45,6.95,2.86,2.43,1.23
16162,Levi Stoudt,PHI,0,0,0,0,0,1,0,0,1.1,0,0.73,0.56,0.77,0,0,0,6.56,1.66,6.97,5.00,1.39,0.00
14113,Matt Strahm,KC,65,0,0,0,0,66,5,3,49,7,22,19,70,25,4,4,3.00,1.03,9.55,2.59,3.68,0.95
12417,Dan Straily,FA,0,0,0,0,0,1,0,0,1.16,0,0.86,0.65,0.76,0,0,0,7.77,1.81,6.80,5.82,1.17,0.00
19162,Hunter Stratton,ATL,22,0,0,0,0,22,1,1,20,2,9,7,18,0,0,2,3.68,1.23,7.36,2.86,2.57,0.82
19332,Austin Strickland,SF,0,0,0,0,0,1,0,0,1.08,0,0.8,0.78,0.8,0,0,0,7.19,1.86,7.19,7.06,1.02,0.00
11911,Hunter Strickland,LAA,38,0,0,0,0,38,1,1,31,4,15,14,29,0,0,2,3.55,1.18,6.87,3.32,2.07,0.95
14865,Spencer Strider,ATL,26,26,10,0,0,153,10,8,129,25,64,65,189,0,0,0,3.76,1.27,11.12,3.82,2.91,1.47
12935,Ross Stripling,FA,0,0,0,0,0,1,0,0,1.09,0,0.56,0.29,0.81,0,0,0,4.99,1.38,7.31,2.59,2.82,0.00
12456,Marcus Stroman,FA,27,27,8,0,0,145,9,7,152,18,81,57,106,0,0,0,5.03,1.44,6.58,3.54,1.86,1.12
15008,Drew Strotman,FA,0,0,0,0,0,1,0,0,1.09,0,0.71,0.76,0.89,0,0,0,6.37,1.85,8.05,6.88,1.17,0.00
19933,Kade Strowd,ARI,55,0,0,0,0,54,3,3,45,6,20,21,46,13,3,2,3.33,1.22,7.67,3.50,2.19,1.00
18219,Michael Stryffeler,SF,0,0,0,0,0,1,0,0,1,0,0.58,0.74,0.94,0,0,0,5.26,1.74,8.44,6.64,1.27,0.00
17910,Peter Strzelecki,MIL,0,0,0,0,0,1,0,0,1.01,0,0.62,0.46,0.95,0,0,0,5.62,1.47,8.51,4.11,2.07,0.00
18834,Tyler Stuart,WSH,0,0,0,0,0,1,0,0,1.06,0,0.57,0.5,0.87,0,0,0,5.16,1.56,7.84,4.52,1.74,0.00
19652,Sam Stuhr,ATH,0,0,0,0,0,1,0,0,1.59,0,1.41,0.94,0.66,0,0,0,12.67,2.53,5.96,8.50,0.70,0.00
20656,Eston Stull,MIN,0,0,0,0,0,1,0,0,1.03,0,0.52,0.46,0.86,0,0,0,4.72,1.49,7.76,4.16,1.87,0.00
18549,Mitchell Stumpo,FA,0,0,0,0,0,1,0,0,1.12,0,0.82,0.72,0.95,0,0,0,7.42,1.84,8.52,6.45,1.32,0.00
18268,Santiago Suarez,TB,0,0,0,0,0,1,0,0,1.15,0,0.63,0.36,0.75,0,0,0,5.63,1.51,6.74,3.23,2.09,0.00
17211,Joander Suarez,NYM,0,0,0,0,0,1,0,0,1.06,0,0.66,0.4,0.83,0,0,0,5.96,1.46,7.48,3.60,2.08,0.00
14750,Ranger Suarez,BOS,27,27,16,0,0,164,11,8,159,16,64,47,156,0,0,0,3.51,1.26,8.56,2.58,3.32,0.88
14583,Jose Suarez,ATL,20,0,0,0,0,22,2,2,20,3,10,9,19,0,0,0,4.09,1.32,7.77,3.68,2.11,1.23
12078,Albert Suarez,BAL,21,0,0,0,0,23,1,0,20,2,8,6,19,0,0,1,3.13,1.13,7.43,2.35,3.17,0.78
13435,Andrew Suarez,FA,0,0,0,0,0,1,0,0,1.19,0,0.64,0.49,0.85,0,0,0,5.76,1.68,7.69,4.39,1.75,0.00
17146,Robert Suarez,ATL,66,0,0,0,0,66,5,6,49,8,26,20,59,26,9,6,3.55,1.05,8.05,2.73,2.95,1.09
20821,Christian Suarez,FA,0,0,0,0,0,1,0,0,1.02,0,0.63,0.97,0.82,0,0,0,5.69,1.99,7.42,8.74,0.85,0.00
15240,Wander Suero,ATH,0,0,0,0,0,1,0,0,0.91,0,0.44,0.46,0.95,0,0,0,3.96,1.37,8.58,4.15,2.07,0.00
14712,Tomoyuki Sugano,COL,23,23,8,0,0,127,8,8,140,27,65,29,86,0,0,0,4.61,1.33,6.09,2.06,2.97,1.91
16990,Billy Sullivan,FA,0,0,0,0,0,1,0,0,1.04,0,0.77,0.78,0.91,0,0,0,6.91,1.82,8.15,7.02,1.16,0.00
17496,Sean Sullivan,PIT,0,0,0,0,0,1,0,0,1.04,0,0.61,0.49,0.79,0,0,0,5.46,1.53,7.11,4.41,1.61,0.00
18957,Sean Sullivan,COL,0,0,0,0,0,1,0,0,0.97,0,0.46,0.35,0.85,0,0,0,4.16,1.32,7.64,3.13,2.44,0.00
17880,Beau Sulser,FA,0,0,0,0,0,1,0,0,1.15,0,0.64,0.39,0.82,0,0,0,5.74,1.54,7.42,3.52,2.11,0.00
15806,Cole Sulser,TB,48,0,0,0,0,51,3,2,43,6,21,19,43,9,1,1,3.71,1.22,7.59,3.35,2.26,1.06
13419,Trey Supak,TEX,0,0,0,0,0,1,0,0,1.15,0,0.66,0.42,0.76,0,0,0,5.93,1.57,6.83,3.79,1.80,0.00
17852,Jarlin Susana,WSH,0,0,0,0,0,1,0,0,1.02,0,0.74,0.82,1.05,0,0,0,6.66,1.84,9.49,7.36,1.29,0.00
13302,Brent Suter,LAA,65,0,0,0,0,65,2,2,61,8,28,19,52,9,1,2,3.88,1.23,7.20,2.63,2.74,1.11
19093,Matt Svanson,STL,62,0,0,0,0,66,3,2,45,5,20,23,66,14,4,3,2.73,1.03,9.00,3.14,2.87,0.68
19047,Eriq Swan,WSH,0,0,0,0,0,1,0,0,1.03,0,0.8,0.94,0.86,0,0,0,7.16,1.97,7.70,8.44,0.91,0.00
14708,Erik Swanson,FA,0,0,0,0,0,1,0,0,0.99,0,0.56,0.39,0.97,0,0,0,5.00,1.37,8.71,3.48,2.50,0.00
20133,Nic Swanson,HOU,0,0,0,0,0,1,0,0,1.12,0,0.78,0.65,0.8,0,0,0,6.99,1.77,7.16,5.89,1.21,0.00
16409,Devin Sweet,BOS,0,0,0,0,0,1,0,0,0.99,0,0.63,0.58,0.96,0,0,0,5.64,1.57,8.68,5.23,1.66,0.00
16774,Nick Swiney,HOU,0,0,0,0,0,1,0,0,1.26,0,0.87,0.79,0.77,0,0,0,7.81,2.05,6.97,7.12,0.98,0.00
18908,Travis Sykora,WSH,0,0,0,0,0,1,0,0,0.83,0,0.46,0.5,1.03,0,0,0,4.16,1.33,9.28,4.50,2.06,0.00
11632,Noah Syndergaard,FA,0,0,0,0,0,1,0,0,1.08,0,0.62,0.28,0.76,0,0,0,5.54,1.36,6.80,2.50,2.72,0.00
14473,Thomas Szapucki,FA,0,0,0,0,0,1,0,0,0.95,0,0.45,0.38,0.97,0,0,0,4.03,1.32,8.69,3.40,2.56,0.00
14814,Matt Tabor,SEA,0,0,0,0,0,1,0,0,1.02,0,0.5,0.46,0.93,0,0,0,4.50,1.48,8.37,4.14,2.02,0.00
11435,Jameson Taillon,CHC,26,26,15,0,0,156,12,8,143,25,66,34,124,0,0,0,3.81,1.13,7.15,1.96,3.65,1.44
18370,Hiroto Takahashi,FA,0,0,0,0,0,1,0,0,0.84,0,0.25,0.34,0.85,0,0,0,2.26,1.18,7.67,3.10,2.48,0.00
17865,Misael Tamarez,FA,0,0,0,0,0,1,0,0,1.07,0,0.78,0.64,0.84,0,0,0,7.05,1.70,7.55,5.74,1.32,0.00
14998,Freddy Tarnok,FA,0,0,0,0,0,1,0,0,0.89,0,0.53,0.51,0.93,0,0,0,4.78,1.41,8.33,4.63,1.80,0.00
19775,Bryce Tassin,DET,0,0,0,0,0,1,0,0,1.08,0,0.58,0.49,0.81,0,0,0,5.26,1.57,7.32,4.41,1.66,0.00
13809,Dillon Tate,FA,0,0,0,0,0,1,0,0,0.97,0,0.47,0.43,0.89,0,0,0,4.23,1.40,8.05,3.90,2.06,0.00
17562,Carlos Tavera,BAL,0,0,0,0,0,1,0,0,1.06,0,0.68,0.71,0.89,0,0,0,6.16,1.78,8.00,6.43,1.24,0.00
18117,Andrew Taylor,HOU,0,0,0,0,0,1,0,0,1.21,0,0.74,0.82,0.82,0,0,0,6.67,2.04,7.42,7.42,1.00,0.00
18988,Grant Taylor,CWS,66,2,0,0,0,73,2,4,66,6,35,31,78,14,3,3,4.32,1.33,9.62,3.82,2.52,0.74
19275,Troy Taylor,SEA,31,0,0,0,0,31,1,2,29,4,16,11,25,0,0,0,4.65,1.29,7.26,3.19,2.27,1.16
12996,Blake Taylor,FA,0,0,0,0,0,1,0,0,1.26,0,0.69,0.69,0.79,0,0,0,6.24,1.95,7.08,6.24,1.14,0.00
14380,Curtis Taylor,FA,0,0,0,0,0,1,0,0,0.95,0,0.53,0.52,0.8,0,0,0,4.74,1.47,7.23,4.67,1.55,0.00
15787,Josh Taylor,FA,0,0,0,0,0,1,0,0,1.04,0,0.56,0.4,0.98,0,0,0,5.06,1.44,8.78,3.60,2.44,0.00
20318,Zane Taylor,ATH,0,0,0,0,0,1,0,0,0.93,0,0.45,0.43,0.98,0,0,0,4.05,1.35,8.78,3.83,2.29,0.00
10042,Julio Teheran,FA,0,0,0,0,0,1,0,0,1.16,0,0.71,0.41,0.87,0,0,0,6.42,1.57,7.87,3.69,2.13,0.00
18183,Joaquin Tejada,PIT,0,0,0,0,0,1,0,0,1.01,0,0.8,1,0.85,0,0,0,7.18,2.00,7.66,8.96,0.86,0.00
15291,Kai0Wei Teng,HOU,17,4,1,0,0,35,1,1,32,4,18,14,30,0,0,0,4.63,1.31,7.71,3.60,2.14,1.03
18202,Emiliano Teodo,TEX,0,0,0,0,0,1,0,0,0.93,0,0.6,0.76,0.97,0,0,0,5.44,1.69,8.72,6.84,1.27,0.00
15147,Jackson Tetreault,FA,0,0,0,0,0,1,0,0,1.11,0,0.68,0.44,0.87,0,0,0,6.16,1.55,7.79,3.99,1.95,0.00
19346,Francis Texido,LAA,0,0,0,0,0,1,0,0,1.27,0,1.21,1.46,0.7,0,0,0,10.91,2.73,6.33,13.12,0.48,0.00
15134,Juan Then,FA,0,0,0,0,0,1,0,0,1.12,0,0.7,0.51,0.86,0,0,0,6.27,1.63,7.71,4.63,1.67,0.00
17885,Rodney Theophile,FA,0,0,0,0,0,1,0,0,1.04,0,0.65,0.83,0.77,0,0,0,5.82,1.88,6.89,7.49,0.92,0.00
12766,Caleb Thielbar,CHC,65,0,0,0,0,62,3,3,51,8,26,20,59,15,3,2,3.77,1.15,8.56,2.90,2.95,1.16
16385,Connor Thomas,ATL,0,0,0,0,0,1,0,0,1.27,0,0.66,0.4,0.78,0,0,0,5.91,1.67,7.02,3.61,1.95,0.00
19203,Tyler Thomas,FA,0,0,0,0,0,1,0,0,1.04,0,0.67,0.67,0.9,0,0,0,6.07,1.72,8.09,6.07,1.33,0.00
18772,Darrell Thompson,FA,0,0,0,0,0,1,0,0,0.91,0,0.52,0.6,1.02,0,0,0,4.64,1.51,9.14,5.42,1.69,0.00
17014,Ryan Thompson,ARI,53,0,0,0,0,51,3,4,48,5,21,16,43,15,8,3,3.71,1.25,7.59,2.82,2.69,0.88
15993,Zach Thompson,FA,0,0,0,0,0,1,0,0,1.04,0,0.65,0.53,0.79,0,0,0,5.83,1.57,7.12,4.77,1.49,0.00
16052,Zack Thompson,STL,0,0,0,0,0,1,0,0,1,0,0.69,0.69,1,0,0,0,6.21,1.69,9.00,6.21,1.45,0.00
16113,Matthew Thompson,CHC,0,0,0,0,0,1,0,0,1,0,0.77,0.88,0.8,0,0,0,6.89,1.87,7.16,7.89,0.91,0.00
14914,Keegan Thompson,COL,30,0,0,0,0,32,1,1,26,4,14,14,29,0,1,0,3.94,1.25,8.16,3.94,2.07,1.13
14915,Riley Thompson,FA,0,0,0,0,0,1,0,0,1.21,0,0.87,0.72,0.78,0,0,0,7.79,1.93,6.99,6.49,1.08,0.00
14356,Mason Thompson,TEX,0,0,0,0,0,1,0,0,1.04,0,0.58,0.45,0.93,0,0,0,5.20,1.49,8.38,4.03,2.08,0.00
16966,Sam Thoresen,CHC,0,0,0,0,0,1,0,0,0.93,0,0.55,0.75,0.98,0,0,0,4.95,1.69,8.83,6.79,1.30,0.00
15552,Trent Thornton,CHC,43,0,0,0,0,45,2,2,41,6,19,14,39,0,0,1,3.80,1.22,7.80,2.80,2.79,1.20
18886,Zach Thornton,NYM,0,0,0,0,0,1,0,0,1.05,0,0.51,0.34,0.76,0,0,0,4.61,1.39,6.86,3.07,2.23,0.00
17972,Drew Thorpe,CWS,12,12,4,0,0,63,3,3,53,10,33,25,46,0,0,0,4.71,1.24,6.57,3.57,1.84,1.43
17034,Ty Tice,FA,0,0,0,0,0,1,0,0,1.17,0,0.79,0.76,1,0,0,0,7.12,1.94,8.96,6.88,1.30,0.00
17944,Blade Tidwell,SF,18,2,1,0,0,29,1,1,28,4,15,11,24,0,0,0,4.66,1.34,7.45,3.41,2.18,1.24
16743,Ricky Tiedemann,TOR,0,0,0,0,0,1,0,0,0.9,0,0.52,0.5,1.02,0,0,0,4.66,1.40,9.20,4.54,2.03,0.00
19245,Izack Tiger,TEX,0,0,0,0,0,1,0,0,1.05,0,0.54,0.53,0.92,0,0,0,4.84,1.58,8.31,4.76,1.74,0.00
19171,Jesus Tillero,LAD,0,0,0,0,0,1,0,0,1.28,0,0.95,0.86,0.72,0,0,0,8.59,2.14,6.51,7.76,0.84,0.00
20286,Dameivi Tineo,MIA,0,0,0,0,0,1,0,0,1.16,0,0.71,0.78,0.82,0,0,0,6.41,1.94,7.34,7.06,1.04,0.00
14012,Jesus Tinoco,MIA,0,0,0,0,0,1,0,0,0.9,0,0.48,0.39,0.93,0,0,0,4.31,1.28,8.34,3.48,2.40,0.00
18538,Shosei Togo,FA,0,0,0,0,0,1,0,0,0.82,0,0.29,0.29,0.75,0,0,0,2.57,1.11,6.78,2.62,2.59,0.00
19566,Payton Tolle,BOS,26,6,3,0,0,53,3,3,48,8,25,20,47,0,0,0,4.25,1.28,7.98,3.40,2.35,1.36
19380,Jonah Tong,NYM,9,9,2,0,0,48,2,2,45,6,25,18,43,0,0,0,4.69,1.31,8.06,3.38,2.39,1.13
12767,Michael Tonkin,FA,35,0,0,0,0,35,1,1,29,4,16,12,31,0,0,2,4.11,1.17,7.97,3.09,2.58,1.03
15558,Justin Topa,MIN,64,0,0,0,0,64,2,4,53,5,22,18,52,19,10,3,3.09,1.11,7.31,2.53,2.89,0.70
15441,Lenny Torres,PHI,0,0,0,0,0,1,0,0,1.05,0,0.69,0.84,0.92,0,0,0,6.21,1.89,8.24,7.56,1.09,0.00
18392,Eric Torres,BAL,0,0,0,0,0,1,0,0,0.92,0,0.64,0.88,1.08,0,0,0,5.74,1.80,9.69,7.90,1.23,0.00
20134,Alejandro Torres,HOU,0,0,0,0,0,1,0,0,0.95,0,0.61,0.56,0.89,0,0,0,5.47,1.51,8.04,5.02,1.60,0.00
20114,Stharlin Torres,CIN,0,0,0,0,0,1,0,0,1.12,0,0.52,0.65,0.65,0,0,0,4.70,1.77,5.82,5.82,1.00,0.00
20532,Wande Torres,MIL,0,0,0,0,0,1,0,0,1.33,0,1.02,0.8,0.67,0,0,0,9.21,2.13,6.07,7.22,0.84,0.00
13385,Touki Toussaint,LAA,0,0,0,0,0,1,0,0,1.09,0,0.76,0.75,0.94,0,0,0,6.84,1.84,8.47,6.76,1.25,0.00
18548,Blake Townsend,FA,0,0,0,0,0,1,0,0,0.97,0,0.45,0.48,0.81,0,0,0,4.03,1.45,7.25,4.36,1.67,0.00
20522,Jesus Travieso,PIT,0,0,0,0,0,1,0,0,1.23,0,0.73,1.15,0.89,0,0,0,6.53,2.38,7.99,10.35,0.77,0.00
18962,Alonzo Tredwell,HOU,0,0,0,0,0,1,0,0,1.11,0,0.77,0.83,0.89,0,0,0,6.92,1.93,7.99,7.45,1.07,0.00
12810,Blake Treinen,LAD,62,0,0,0,0,60,4,4,53,7,26,24,59,11,2,4,3.90,1.28,8.85,3.60,2.46,1.05
20438,Josh Trentadue,TEX,0,0,0,0,0,1,0,0,1.02,0,0.58,0.66,0.93,0,0,0,5.26,1.68,8.33,5.91,1.41,0.00
15262,Lou Trivino,PHI,42,0,0,0,0,42,2,2,38,5,18,15,34,0,0,1,3.86,1.26,7.29,3.21,2.27,1.07
19045,Austin Troesser,NYM,0,0,0,0,0,1,0,0,1.03,0,0.6,0.52,0.94,0,0,0,5.40,1.55,8.44,4.72,1.79,0.00
14944,Alex Troop,FA,0,0,0,0,0,1,0,0,1.17,0,0.77,0.5,0.79,0,0,0,6.92,1.67,7.12,4.52,1.58,0.00
19264,Christopher Troye,FA,0,0,0,0,0,1,0,0,0.93,0,0.82,1.11,1.03,0,0,0,7.41,2.04,9.26,10.00,0.93,0.00
20013,Zack Tukis,PHI,0,0,0,0,0,1,0,0,1.41,0,1.67,1.99,0.72,0,0,0,15.06,3.41,6.45,17.93,0.36,0.00
17791,Tanner Tully,FA,0,0,0,0,0,1,0,0,1.36,0,0.85,0.37,0.6,0,0,0,7.66,1.73,5.39,3.37,1.60,0.00
20414,Yunior Tur,ATH,0,0,0,0,0,1,0,0,1.1,0,0.69,0.69,0.82,0,0,0,6.17,1.80,7.37,6.24,1.18,0.00
13437,Spencer Turnbull,FA,15,15,3,0,0,81,2,3,79,10,39,31,66,0,0,0,4.33,1.36,7.33,3.44,2.13,1.11
19649,Brady Tygart,BOS,0,0,0,0,0,1,0,0,0.95,0,0.51,0.47,0.98,0,0,0,4.61,1.43,8.78,4.27,2.05,0.00
17616,Kyle Tyler,FA,0,0,0,0,0,1,0,0,1.14,0,0.67,0.5,0.79,0,0,0,6.00,1.64,7.12,4.53,1.57,0.00
19912,Tyler Uberstine,BOS,0,0,0,0,0,1,0,0,1.06,0,0.57,0.47,0.91,0,0,0,5.10,1.54,8.16,4.27,1.91,0.00
15676,Edwin Uceta,TB,67,0,0,0,0,72,5,3,50,7,24,25,74,17,10,3,3.00,1.04,9.25,3.13,2.96,0.88
15023,Erich Uelmen,FA,0,0,0,0,0,1,0,0,1.03,0,0.55,0.48,0.91,0,0,0,4.96,1.51,8.16,4.29,1.90,0.00
18233,Miguel Ullola,HOU,0,0,0,0,0,1,0,0,0.82,0,0.7,0.94,0.98,0,0,0,6.30,1.76,8.78,8.48,1.04,0.00
12520,Duane Underwood,FA,0,0,0,0,0,1,0,0,0.98,0,0.54,0.52,0.87,0,0,0,4.84,1.51,7.79,4.72,1.65,0.00
17116,Geison Urbaez,TOR,0,0,0,0,0,1,0,0,1.11,0,0.61,0.74,0.65,0,0,0,5.49,1.85,5.89,6.67,0.88,0.00
18748,Jose Urbina,TB,0,0,0,0,0,1,0,0,1.08,0,0.7,0.69,0.74,0,0,0,6.30,1.77,6.63,6.22,1.07,0.00
18159,Walbert Urena,LAA,0,0,0,0,0,1,0,0,1.07,0,0.79,0.91,0.72,0,0,0,7.12,1.98,6.46,8.21,0.79,0.00
13194,Jose Urena,FA,6,6,1,0,0,35,1,1,34,5,18,14,24,0,0,0,4.63,1.37,6.17,3.60,1.71,1.29
17626,Abner Uribe,MIL,68,0,0,0,0,68,5,4,55,7,27,30,65,24,13,4,3.57,1.25,8.60,3.97,2.17,0.93
15944,Jose Urquidy,PIT,21,21,5,0,0,119,2,2,115,13,59,56,103,0,0,0,4.46,1.44,7.79,4.24,1.84,0.98
19194,Naoyuki Uwasawa,FA,0,0,0,0,0,1,0,0,1.16,0,0.87,0.65,0.76,0,0,0,7.82,1.81,6.82,5.81,1.17,0.00
19322,Tommy Vail,CWS,0,0,0,0,0,1,0,0,0.88,0,0.56,0.83,0.9,0,0,0,5.07,1.71,8.13,7.48,1.09,0.00
17702,Joel Valdez,CIN,0,0,0,0,0,1,0,0,1.01,0,0.64,0.79,0.89,0,0,0,5.80,1.80,8.05,7.10,1.13,0.00
18164,Luis Valdez,FA,0,0,0,0,0,1,0,0,1.1,0,0.65,0.5,0.9,0,0,0,5.81,1.59,8.10,4.46,1.81,0.00
14900,Framber Valdez,DET,30,30,19,2,0,189,13,10,159,15,70,61,184,0,0,0,3.34,1.17,8.77,2.91,3.02,0.72
19804,Juan Valera,BOS,0,0,0,0,0,1,0,0,1.02,0,0.73,0.69,0.8,0,0,0,6.54,1.71,7.20,6.22,1.16,0.00
17191,Samuel Valerio,KC,0,0,0,0,0,1,0,0,1.2,0,1.39,1.46,0.94,0,0,0,12.53,2.66,8.48,13.10,0.65,0.00
16391,Chris Vallimont,LAD,0,0,0,0,0,1,0,0,1.14,0,0.85,0.65,0.82,0,0,0,7.63,1.79,7.34,5.87,1.25,0.00
16948,Brian Van Belle,TB,0,0,0,0,0,1,0,0,1.18,0,0.6,0.33,0.77,0,0,0,5.44,1.51,6.91,3.01,2.30,0.00
14903,CJ Van Eyk,TOR,0,0,0,0,0,1,0,0,1.18,0,0.74,0.54,0.74,0,0,0,6.62,1.71,6.70,4.82,1.39,0.00
20129,Peter Van Loon,BAL,0,0,0,0,0,1,0,0,1.05,0,0.62,0.53,0.94,0,0,0,5.59,1.58,8.42,4.75,1.77,0.00
19016,Connor Van Scoyoc,FA,0,0,0,0,0,1,0,0,1.13,0,0.71,0.53,0.55,0,0,0,6.35,1.66,4.93,4.77,1.03,0.00
16477,Ricky Vanasco,DET,0,0,0,0,0,1,0,0,0.93,0,0.53,0.53,0.96,0,0,0,4.80,1.47,8.68,4.80,1.81,0.00
18141,Reid VanScoter,SEA,0,0,0,0,0,1,0,0,1.34,0,0.76,0.51,0.68,0,0,0,6.86,1.85,6.16,4.57,1.35,0.00
19986,Logan VanWey,HOU,0,0,0,0,0,1,0,0,1.01,0,0.53,0.68,0.98,0,0,0,4.75,1.68,8.84,6.08,1.45,0.00
19772,Yeferson Vargas,LAA,0,0,0,0,0,1,0,0,1.24,0,0.88,0.91,0.7,0,0,0,7.94,2.15,6.34,8.17,0.78,0.00
18398,Jordy Vargas,COL,0,0,0,0,0,1,0,0,1.11,0,0.89,0.78,0.89,0,0,0,8.06,1.88,8.05,6.98,1.15,0.00
15723,Carlos Vargas,SEA,62,0,0,0,0,62,4,3,59,11,29,26,55,10,1,3,4.21,1.37,7.98,3.77,2.12,1.60
15084,Victor Vargas,FA,0,0,0,0,0,1,0,0,1.05,0,0.63,0.41,0.76,0,0,0,5.67,1.45,6.88,3.65,1.89,0.00
17178,Gus Varland,WSH,18,0,0,0,0,18,1,1,17,2,8,7,15,3,1,1,4.00,1.33,7.50,3.50,2.14,1.00
17607,Louis Varland,TOR,62,0,10,0,0,67,5,3,66,10,34,21,63,18,3,3,4.57,1.30,8.46,2.82,3.00,1.34
15414,Mike Vasil,CWS,0,0,0,0,0,0,0,0,0,0,0,0,0,0,0,0,0.00,0.00,0.00,0.00,0.00,0.00
15729,Andrew Vasquez,FA,0,0,0,0,0,1,0,0,1.03,0,0.54,0.44,0.9,0,0,0,4.84,1.47,8.13,3.92,2.07,0.00
17629,Randy Vasquez,SD,26,26,7,0,0,139,6,9,137,18,66,52,93,0,0,0,4.27,1.36,6.02,3.37,1.79,1.17
19948,Jose Vasquez,LAD,0,0,0,0,0,1,0,0,1.75,0,3.22,2.35,0.77,0,0,0,29.03,4.10,6.97,21.15,0.33,0.00
20459,Daury Vasquez,ARI,0,0,0,0,0,1,0,0,1.19,0,0.89,1.14,0.82,0,0,0,8.02,2.33,7.37,10.26,0.72,0.00
19091,Luis Velasquez,NYY,0,0,0,0,0,1,0,0,0.82,0,0.55,0.93,0.96,0,0,0,4.91,1.75,8.68,8.36,1.04,0.00
11554,Vince Velasquez,CHC,0,0,0,0,0,1,0,0,0.97,0,0.49,0.65,0.95,0,0,0,4.44,1.62,8.56,5.81,1.47,0.00
20715,Ricardo Velez,FA,0,0,0,0,0,1,0,0,0.96,0,0.47,0.52,0.86,0,0,0,4.27,1.48,7.71,4.72,1.64,0.00
16507,Manuel Veloz,CWS,0,0,0,0,0,1,0,0,1.25,0,0.84,0.69,0.67,0,0,0,7.58,1.94,6.00,6.19,0.97,0.00
17612,Anthony Veneziano,FA,0,0,0,0,0,1,0,0,1.06,0,0.59,0.52,0.86,0,0,0,5.30,1.58,7.70,4.69,1.64,0.00
17210,Jordany Ventura,NYY,0,0,0,0,0,1,0,0,0.95,0,0.62,0.84,0.89,0,0,0,5.58,1.79,8.05,7.57,1.06,0.00
16760,Norge Vera,CWS,0,0,0,0,0,1,0,0,0.96,0,0.6,0.74,0.95,0,0,0,5.40,1.70,8.55,6.66,1.28,0.00
8309,Justin Verlander,DET,26,26,11,0,0,142,7,9,142,18,67,44,124,0,0,0,4.24,1.31,7.85,2.79,2.82,1.14
18199,Austin Vernon,TB,0,0,0,0,0,1,0,0,0.93,0,0.67,0.81,0.95,0,0,0,6.04,1.73,8.58,7.25,1.18,0.00
16615,Alex Vesia,LAD,63,0,0,0,0,61,4,3,47,8,23,24,69,23,5,3,3.39,1.16,10.18,3.54,2.88,1.18
17887,Nick Vespi,PHI,0,0,0,0,0,1,0,0,1.09,0,0.64,0.56,0.88,0,0,0,5.77,1.65,7.93,5.05,1.57,0.00
17138,Will Vest,DET,65,0,0,0,0,66,4,4,56,5,23,20,63,19,8,5,3.14,1.15,8.59,2.73,3.15,0.68
20745,Najer Victor,LAA,0,0,0,0,0,1,0,0,1.05,0,0.72,0.69,1.03,0,0,0,6.51,1.74,9.28,6.23,1.49,0.00
14579,Thyago Vieira,FA,0,0,0,0,0,1,0,0,0.94,0,0.49,0.46,1,0,0,0,4.39,1.40,9.00,4.16,2.16,0.00
18269,Eli Villalobos,SD,0,0,0,0,0,1,0,0,0.99,0,0.55,0.54,0.94,0,0,0,4.93,1.53,8.44,4.88,1.73,0.00
20136,Mike Villani,CIN,0,0,0,0,0,1,0,0,1.06,0,0.81,0.69,0.94,0,0,0,7.31,1.75,8.44,6.19,1.36,0.00
17606,Darius Vines,ATL,0,0,0,0,0,1,0,0,1.04,0,0.56,0.4,0.8,0,0,0,5.04,1.44,7.21,3.61,2.00,0.00
16339,Esmerlin Vinicio,SF,0,0,0,0,0,1,0,0,1.24,0,0.93,1.06,0.8,0,0,0,8.33,2.29,7.16,9.51,0.75,0.00
17136,Raffi Vizcaino,FA,0,0,0,0,0,1,0,0,1.01,0,0.58,0.67,1.01,0,0,0,5.22,1.68,9.08,6.03,1.51,0.00
15862,Anthony Vizcaya,FA,0,0,0,0,0,1,0,0,1.07,0,0.6,0.4,0.87,0,0,0,5.40,1.47,7.84,3.60,2.18,0.00
16416,Victor Vodnik,COL,61,0,0,0,0,63,5,4,62,6,30,26,58,8,9,4,4.29,1.40,8.29,3.71,2.23,0.86
19938,Joe Vogatsky,BOS,0,0,0,0,0,1,0,0,1.22,0,0.79,0.78,0.84,0,0,0,7.14,2.00,7.60,7.05,1.08,0.00
20480,Joey Volini,MIA,0,0,0,0,0,1,0,0,0.94,0,0.45,0.35,0.96,0,0,0,4.05,1.29,8.66,3.15,2.75,0.00
13642,Austin Voth,FA,0,0,0,0,0,1,0,0,0.95,0,0.48,0.36,0.95,0,0,0,4.36,1.31,8.57,3.21,2.67,0.00
17985,Trystan Vrieling,SF,0,0,0,0,0,1,0,0,1.14,0,0.69,0.47,0.79,0,0,0,6.25,1.61,7.09,4.27,1.66,0.00
12457,Michael Wacha,KC,28,28,13,0,0,165,10,9,152,16,64,46,135,0,0,0,3.49,1.20,7.36,2.51,2.93,0.87
14212,Brandon Waddell,NYM,14,0,0,0,0,16,2,2,14,2,7,5,13,0,0,0,3.94,1.19,7.31,2.81,2.60,1.13
15670,Jacob Waguespack,MIL,0,0,0,0,0,1,0,0,0.93,0,0.5,0.42,0.95,0,0,0,4.45,1.35,8.52,3.79,2.25,0.00
18253,Cole Waites,DET,0,0,0,0,0,1,0,0,0.97,0,0.51,0.48,0.96,0,0,0,4.60,1.44,8.60,4.30,2.00,0.00
17287,Ken Waldichuk,WSH,15,2,0,0,0,25,1,1,26,5,15,13,23,0,0,0,5.40,1.56,8.28,4.68,1.77,1.80
18880,Hurston Waldrep,ATL,15,15,6,0,0,87,5,4,72,10,41,41,69,0,0,0,4.24,1.30,7.14,4.24,1.68,1.03
19015,Matt Waldron,SD,8,8,2,0,0,45,1,3,44,7,25,24,35,0,0,0,5.00,1.51,7.00,4.80,1.46,1.40
18798,Ryan Walker,SF,63,0,0,0,0,63,6,5,54,5,24,19,64,0,17,4,3.43,1.16,9.14,2.71,3.37,0.71
17807,Josh Walker,BAL,0,0,0,0,0,1,0,0,0.97,0,0.54,0.46,0.98,0,0,0,4.88,1.43,8.80,4.12,2.14,0.00
11537,Taijuan Walker,PHI,38,17,5,0,0,110,6,7,120,21,63,43,79,0,0,1,5.15,1.48,6.46,3.52,1.84,1.72
16150,Jacob Wallace,ATL,0,0,0,0,0,1,0,0,0.95,0,0.68,0.75,0.95,0,0,0,6.14,1.70,8.53,6.74,1.27,0.00
16944,Chase Wallace,FA,0,0,0,0,0,1,0,0,1,0,0.63,0.52,0.8,0,0,0,5.63,1.53,7.20,4.72,1.52,0.00
17519,Trenton Wallace,TOR,0,0,0,0,0,1,0,0,0.95,0,0.54,0.63,0.94,0,0,0,4.82,1.58,8.45,5.66,1.49,0.00
17431,Andrew Walling,PHI,0,0,0,0,0,1,0,0,0.95,0,0.55,0.59,0.93,0,0,0,4.94,1.54,8.33,5.31,1.57,0.00
17697,Jake Walsh,FA,0,0,0,0,0,1,0,0,0.96,0,0.54,0.6,0.94,0,0,0,4.82,1.56,8.48,5.40,1.57,0.00
16088,Blake Walston,ARI,14,0,0,0,0,15,1,1,13,3,6,6,13,0,0,0,3.60,1.27,7.80,3.60,2.17,1.80
17744,Brandon Walter,HOU,0,0,0,0,0,1,0,0,0.93,0,0.46,0.24,0.88,0,0,0,4.18,1.17,7.93,2.17,3.66,0.00
18040,Andrew Walters,CLE,27,0,0,0,0,27,1,1,23,3,12,9,23,0,0,0,4.00,1.19,7.67,3.00,2.56,1.00
13900,Nash Walters,FA,0,0,0,0,0,1,0,0,0.97,0,0.59,0.46,0.94,0,0,0,5.30,1.43,8.48,4.10,2.07,0.00
17549,Andrew Wantz,TB,0,0,0,0,0,1,0,0,0.92,0,0.49,0.47,0.96,0,0,0,4.45,1.39,8.68,4.23,2.05,0.00
16398,Thaddeus Ward,BAL,0,0,0,0,0,1,0,0,1.08,0,0.71,0.84,0.86,0,0,0,6.41,1.93,7.72,7.59,1.02,0.00
14519,Art Warren,FA,0,0,0,0,0,1,0,0,1.14,0,0.72,0.58,0.97,0,0,0,6.50,1.72,8.70,5.20,1.67,0.00
17213,Austin Warren,NYM,36,0,0,0,0,38,3,2,32,5,16,13,32,1,0,0,3.79,1.18,7.58,3.08,2.46,1.18
17894,Will Warren,NYY,36,21,3,0,0,122,4,10,121,21,58,38,139,0,0,0,4.28,1.30,10.25,2.80,3.66,1.55
17174,Spenser Watkins,FA,0,0,0,0,0,1,0,0,1.18,0,0.71,0.47,0.73,0,0,0,6.39,1.65,6.59,4.22,1.56,0.00
16921,Ryan Watson,BOS,0,0,0,0,0,1,0,0,1.08,0,0.6,0.47,0.91,0,0,0,5.43,1.54,8.18,4.19,1.95,0.00
13864,Nolan Watson,FA,0,0,0,0,0,1,0,0,1.32,0,0.91,0.6,0.67,0,0,0,8.16,1.92,6.07,5.36,1.13,0.00
19325,Danny Watson,NYY,0,0,0,0,0,1,0,0,1.1,0,0.71,0.46,0.8,0,0,0,6.36,1.55,7.16,4.13,1.73,0.00
20484,Will Watson,NYM,0,0,0,0,0,1,0,0,0.96,0,0.51,0.71,0.88,0,0,0,4.56,1.67,7.92,6.37,1.24,0.00
20546,Troy Watson,DET,0,0,0,0,0,1,0,0,1.08,0,0.64,0.63,0.81,0,0,0,5.78,1.71,7.25,5.69,1.27,0.00
18062,Jacob Watters,TB,0,0,0,0,0,1,0,0,1.16,0,0.83,0.75,0.83,0,0,0,7.51,1.90,7.51,6.72,1.12,0.00
18974,Juaron Watts-Brown,BAL,0,0,0,0,0,1,0,0,0.98,0,0.73,0.77,0.95,0,0,0,6.58,1.75,8.52,6.95,1.23,0.00
16747,Beck Way,KC,0,0,0,0,0,1,0,0,1.11,0,0.82,0.86,0.75,0,0,0,7.39,1.96,6.78,7.70,0.88,0.00
16778,Sam Weatherly,COL,0,0,0,0,0,1,0,0,1.04,0,0.89,0.94,0.99,0,0,0,8.06,1.98,8.91,8.48,1.05,0.00
15409,Ryan Weathers,NYY,33,21,6,0,0,124,5,7,116,19,56,43,108,0,0,0,4.06,1.28,7.84,3.12,2.51,1.38
13395,Luke Weaver,NYM,65,0,1,0,0,69,4,5,56,11,31,22,73,24,6,4,4.04,1.13,9.52,2.87,3.32,1.43
13478,Logan Webb,SF,30,30,20,1,1,194,13,10,190,13,71,41,186,1,0,0,3.29,1.19,8.63,1.90,4.54,0.60
15781,Jacob Webb,CHC,50,0,0,0,0,50,3,3,39,5,20,20,46,6,1,2,3.60,1.18,8.28,3.60,2.30,0.90
16810,Ryan Webb,CLE,0,0,0,0,0,1,0,0,1.04,0,0.59,0.64,0.83,0,0,0,5.27,1.68,7.43,5.75,1.29,0.00
18755,Jacob Webb,BOS,0,0,0,0,0,1,0,0,1.07,0,0.62,0.57,0.9,0,0,0,5.53,1.64,8.10,5.12,1.58,0.00
17706,Nate Webb,FA,0,0,0,0,0,1,0,0,1.03,0,0.69,0.74,0.81,0,0,0,6.23,1.76,7.26,6.64,1.09,0.00
17135,Avery Weems,TEX,0,0,0,0,0,1,0,0,1.27,0,0.85,0.46,0.92,0,0,0,7.62,1.73,8.24,4.12,2.00,0.00
12236,Jordan Weems,LAD,0,0,0,0,0,1,0,0,1.01,0,0.57,0.5,0.92,0,0,0,5.16,1.51,8.26,4.53,1.83,0.00
19978,Robert Wegielnik,FA,0,0,0,0,0,1,0,0,1.51,0,1.25,1.23,0.88,0,0,0,11.28,2.74,7.94,11.07,0.72,0.00
19486,Blake Wehunt,BOS,0,0,0,0,0,1,0,0,1.07,0,0.74,0.57,0.89,0,0,0,6.66,1.64,7.97,5.15,1.55,0.00
14552,Patrick Weigel,COL,0,0,0,0,0,1,0,0,1.09,0,0.77,0.57,0.99,0,0,0,6.94,1.67,8.87,5.16,1.72,0.00
15821,Blake Weiman,FA,0,0,0,0,0,1,0,0,1.11,0,0.71,0.42,0.86,0,0,0,6.37,1.54,7.74,3.80,2.04,0.00
19678,CJ Weins,DET,0,0,0,0,0,1,0,0,0.96,0,0.59,0.79,0.92,0,0,0,5.33,1.75,8.31,7.14,1.16,0.00
11596,Zack Weiss,FA,0,0,0,0,0,1,0,0,1.05,0,0.63,0.56,0.97,0,0,0,5.67,1.61,8.73,5.04,1.73,0.00
18230,Greg Weissert,BOS,66,0,0,0,0,65,3,3,59,7,25,22,58,13,4,5,3.46,1.25,8.03,3.05,2.64,0.97
19007,Levi Wells,BAL,0,0,0,0,0,1,0,0,1.17,0,0.73,0.64,0.83,0,0,0,6.58,1.80,7.43,5.72,1.30,0.00
14991,Tyler Wells,BAL,35,11,6,0,0,87,3,3,75,13,37,24,73,0,0,0,3.83,1.14,7.55,2.48,3.04,1.34
14463,Lachlan Wells,FA,0,0,0,0,0,1,0,0,1.07,0,0.56,0.25,0.73,0,0,0,5.08,1.32,6.59,2.27,2.90,0.00
13171,J.B. Wendelken,SD,0,0,0,0,0,1,0,0,1.05,0,0.66,0.47,0.93,0,0,0,5.96,1.52,8.34,4.21,1.98,0.00
19841,Jack Wenninger,NYM,0,0,0,0,0,1,0,0,1.06,0,0.61,0.51,0.86,0,0,0,5.51,1.57,7.72,4.57,1.69,0.00
19635,Jackson Wentworth,TOR,0,0,0,0,0,1,0,0,1.24,0,0.83,0.64,0.68,0,0,0,7.48,1.89,6.09,5.80,1.05,0.00
14242,Joey Wentz,ATL,0,0,0,0,0,0,0,0,0,0,0,0,0,0,0,0,0.00,0.00,0.00,0.00,0.00,0.00
19141,Lucas Wepf,LAD,0,0,0,0,0,1,0,0,0.92,0,0.55,0.65,1.02,0,0,0,4.95,1.57,9.15,5.85,1.56,0.00
16209,Hayden Wesneski,HOU,17,2,1,0,0,27,1,1,23,5,12,8,24,0,0,0,4.00,1.15,8.00,2.67,3.00,1.67
20008,John West,ARI,0,0,0,0,0,1,0,0,1.2,0,1.12,0.71,0.71,0,0,0,10.08,1.91,6.35,6.35,1.00,0.00
19492,Cameron Weston,BAL,0,0,0,0,0,1,0,0,1.04,0,0.62,0.58,0.86,0,0,0,5.61,1.62,7.72,5.25,1.47,0.00
20468,Cale Wetwiska,DET,0,0,0,0,0,1,0,0,1.05,0,0.57,0.52,0.93,0,0,0,5.17,1.57,8.33,4.72,1.76,0.00
10951,Zack Wheeler,PHI,20,20,14,0,0,121,9,4,89,14,38,27,144,0,0,0,2.83,0.96,10.71,2.01,5.33,1.04
17956,Carson Whisenhunt,SF,14,4,1,0,0,33,1,1,28,5,15,12,26,0,0,0,4.09,1.21,7.09,3.27,2.17,1.36
18093,Josh White,MIA,0,0,0,0,0,1,0,0,0.89,0,0.47,0.55,1.04,0,0,0,4.24,1.45,9.33,4.99,1.87,0.00
18265,Brendan White,SEA,0,0,0,0,0,1,0,0,1.08,0,0.63,0.48,0.92,0,0,0,5.67,1.56,8.28,4.36,1.90,0.00
17772,Colby White,FA,0,0,0,0,0,1,0,0,0.97,0,0.62,0.7,0.92,0,0,0,5.56,1.67,8.29,6.27,1.32,0.00
18888,Thomas White,MIA,9,9,6,0,0,53,3,3,44,6,24,26,53,0,0,0,4.08,1.32,9.00,4.42,2.04,1.02
14352,Mitch White,FA,0,0,0,0,0,1,0,0,1.05,0,0.59,0.45,0.91,0,0,0,5.32,1.50,8.20,4.04,2.03,0.00
15444,Owen White,FA,0,0,0,0,0,1,0,0,1.09,0,0.68,0.59,0.75,0,0,0,6.15,1.68,6.78,5.31,1.28,0.00
16793,Kodi Whitley,TB,0,0,0,0,0,1,0,0,1.05,0,0.57,0.4,0.94,0,0,0,5.10,1.45,8.42,3.57,2.36,0.00
14243,Forrest Whitley,FA,0,0,0,0,0,1,0,0,0.94,0,0.54,0.47,0.98,0,0,0,4.82,1.42,8.83,4.27,2.07,0.00
15554,Garrett Whitlock,BOS,61,0,4,0,0,65,5,3,55,7,24,21,63,22,5,3,3.32,1.17,8.72,2.91,3.00,0.97
18933,Joe Whitman,SF,0,0,0,0,0,1,0,0,1.21,0,0.82,0.58,0.82,0,0,0,7.40,1.79,7.40,5.25,1.41,0.00
19732,Kyle Whitten,TB,0,0,0,0,0,1,0,0,1.04,0,0.56,0.47,0.83,0,0,0,5.00,1.51,7.50,4.20,1.78,0.00
19321,Brett Wichrowski,MIL,0,0,0,0,0,1,0,0,1.09,0,0.6,0.66,0.64,0,0,0,5.42,1.75,5.76,5.93,0.97,0.00
17503,Patrick Wicklander,TB,0,0,0,0,0,1,0,0,1.17,0,0.73,0.63,0.77,0,0,0,6.58,1.80,6.93,5.69,1.22,0.00
17311,Jordan Wicks,CHC,24,3,1,0,0,41,1,2,41,5,20,13,34,1,1,1,4.39,1.32,7.46,2.85,2.62,1.10
15219,Taylor Widener,FA,0,0,0,0,0,1,0,0,1.25,0,0.87,0.61,0.9,0,0,0,7.81,1.87,8.10,5.50,1.47,0.00
15257,Brad Wieck,CHC,0,0,0,0,0,1,0,0,1.03,0,0.65,0.47,0.9,0,0,0,5.85,1.50,8.10,4.27,1.89,0.00
18986,Jaxon Wiggins,CHC,0,0,0,0,0,1,0,0,0.83,0,0.54,0.67,0.93,0,0,0,4.82,1.50,8.39,6.01,1.40,0.00
19269,Kyle Wilcox,FA,0,0,0,0,0,1,0,0,0.91,0,0.64,0.82,0.99,0,0,0,5.79,1.73,8.89,7.42,1.20,0.00
15422,Cole Wilcox,SEA,19,0,0,0,0,20,1,1,18,3,9,8,17,0,0,0,4.05,1.30,7.65,3.60,2.13,1.35
19918,Owen Wild,TB,0,0,0,0,0,1,0,0,1.17,0,0.67,0.5,0.81,0,0,0,6.01,1.67,7.28,4.49,1.62,0.00
19277,Nathan Wiles,FA,0,0,0,0,0,1,0,0,1.16,0,0.63,0.38,0.76,0,0,0,5.63,1.53,6.88,3.38,2.04,0.00
12503,Collin Wiles,FA,0,0,0,0,0,1,0,0,1.14,0,0.62,0.34,0.82,0,0,0,5.62,1.48,7.40,3.06,2.42,0.00
14229,Aaron Wilkerson,FA,0,0,0,0,0,1,0,0,1.07,0,0.63,0.29,0.67,0,0,0,5.68,1.35,6.05,2.58,2.34,0.00
19417,Matt Wilkinson,CLE,0,0,0,0,0,1,0,0,1.03,0,0.61,0.6,0.93,0,0,0,5.48,1.63,8.35,5.40,1.55,0.00
15916,Zach Willeman,FA,0,0,0,0,0,1,0,0,1.14,0,0.76,0.64,0.59,0,0,0,6.88,1.78,5.28,5.77,0.92,0.00
16090,Kendall Williams,FA,0,0,0,0,0,1,0,0,1.18,0,0.81,0.67,0.64,0,0,0,7.26,1.85,5.80,6.07,0.96,0.00
14876,Gavin Williams,CLE,28,28,11,0,0,163,10,8,136,19,67,75,167,0,0,0,3.70,1.29,9.22,4.14,2.23,1.05
13048,Devin Williams,NYM,67,0,0,0,0,65,5,4,45,6,23,25,76,1,31,4,3.18,1.08,10.52,3.46,3.04,0.83
12986,Trevor Williams,WSH,21,0,0,0,0,22,1,1,24,3,11,7,18,0,0,0,4.50,1.41,7.36,2.86,2.57,1.23
17991,Henry Williams,KC,0,0,0,0,0,1,0,0,1.15,0,0.74,0.61,0.73,0,0,0,6.69,1.76,6.54,5.50,1.19,0.00
16108,Brandon Williamson,CIN,31,3,1,0,0,47,2,2,39,8,21,17,39,0,0,0,4.02,1.19,7.47,3.26,2.29,1.53
18805,Amos Willingham,HOU,0,0,0,0,0,1,0,0,1.07,0,0.58,0.45,0.9,0,0,0,5.21,1.51,8.11,4.01,2.02,0.00
17417,Alec Willis,FA,0,0,0,0,0,1,0,0,0.9,0,0.45,0.43,0.93,0,0,0,4.05,1.33,8.33,3.83,2.18,0.00
17692,Brooks Wilson,FA,0,0,0,0,0,1,0,0,0.92,0,0.55,0.52,0.99,0,0,0,4.92,1.44,8.94,4.64,1.92,0.00
18942,Paul Wilson,DET,0,0,0,0,0,1,0,0,1.35,0,0.98,1.28,0.85,0,0,0,8.78,2.63,7.65,11.48,0.67,0.00
17101,Steven Wilson,TB,50,0,0,0,0,50,2,3,41,7,22,21,45,7,2,4,3.96,1.24,8.10,3.78,2.14,1.26
10653,Justin Wilson,FA,53,0,0,0,0,53,2,2,51,7,24,19,52,0,0,3,4.08,1.32,8.83,3.23,2.74,1.19
14375,Bryse Wilson,PHI,0,0,0,0,0,1,0,0,1.11,0,0.55,0.32,0.71,0,0,0,4.94,1.43,6.38,2.88,2.22,0.00
20744,Dylan Wilson,FA,0,0,0,0,0,1,0,0,1.62,0,1.54,1.47,0.53,0,0,0,13.82,3.09,4.80,13.24,0.36,0.00
17739,Allan Winans,FA,5,5,1,0,0,27,2,2,25,4,14,9,22,0,0,0,4.67,1.26,7.33,3.00,2.44,1.33
17171,Josh Winckowski,TOR,24,0,0,0,0,30,2,2,27,3,13,11,25,0,0,1,3.90,1.27,7.50,3.30,2.27,0.90
15858,Josh Winder,FA,0,0,0,0,0,1,0,0,1.12,0,0.62,0.41,0.93,0,0,0,5.62,1.53,8.35,3.67,2.27,0.00
15346,Trey Wingenter,FA,0,0,0,0,0,1,0,0,0.98,0,0.54,0.45,1.02,0,0,0,4.82,1.43,9.16,4.07,2.25,0.00
15408,Cole Winn,TEX,59,0,0,0,0,64,2,3,53,7,28,22,53,14,3,3,3.94,1.17,7.45,3.09,2.41,0.98
18276,Keaton Winn,SF,22,0,1,0,0,25,1,2,23,3,12,8,21,0,0,0,4.32,1.24,7.56,2.88,2.63,1.08
20566,Cade Winquest,NYY,0,0,0,0,0,1,0,0,1.2,0,0.79,0.71,0.76,0,0,0,7.08,1.91,6.86,6.41,1.07,0.00
14112,Nick Wittgren,FA,0,0,0,0,0,1,0,0,1.1,0,0.63,0.37,0.8,0,0,0,5.66,1.46,7.23,3.32,2.18,0.00
18787,Tyler Woessner,MIL,0,0,0,0,0,1,0,0,1.12,0,0.73,0.67,0.83,0,0,0,6.58,1.79,7.51,6.07,1.24,0.00
16852,Nate Wohlgemuth,FA,0,0,0,0,0,1,0,0,0.86,0,0.51,0.59,0.94,0,0,0,4.61,1.45,8.44,5.29,1.60,0.00
16071,Josh Wolf,SF,0,0,0,0,0,1,0,0,1.05,0,0.76,1.01,0.89,0,0,0,6.88,2.05,8.05,9.05,0.89,0.00
17567,Jackson Wolf,SD,11,0,0,0,0,12,1,0,10,1,5,4,9,0,0,0,3.75,1.17,6.75,3.00,2.25,0.75
19289,Grant Wolfram,BAL,25,0,0,0,0,27,2,2,26,3,13,11,24,1,0,0,4.33,1.37,8.00,3.67,2.18,1.00
18916,Blake Wolters,KC,0,0,0,0,0,1,0,0,1.15,0,0.87,1.31,0.57,0,0,0,7.86,2.46,5.17,11.79,0.44,0.00
15463,Jake Wong,FA,0,0,0,0,0,1,0,0,1.1,0,0.73,0.55,0.84,0,0,0,6.53,1.64,7.57,4.93,1.53,0.00
18195,Bryan Woo,SEA,30,30,17,0,0,182,13,7,148,25,67,38,179,0,0,0,3.31,1.02,8.85,1.88,4.71,1.24
12488,Alex Wood,FA,0,0,0,0,0,1,0,0,1.08,0,0.52,0.38,0.86,0,0,0,4.72,1.46,7.70,3.38,2.27,0.00
20196,Gage Wood,PHI,0,0,0,0,0,1,0,0,0.93,0,0.5,0.45,0.98,0,0,0,4.50,1.38,8.78,4.05,2.17,0.00
13867,Jake Woodford,TB,0,0,0,0,0,1,0,0,1.14,0,0.61,0.4,0.8,0,0,0,5.47,1.54,7.16,3.58,2.00,0.00
14525,Brandon Woodruff,MIL,23,23,10,1,1,131,9,5,95,18,47,35,142,0,0,0,3.23,0.99,9.76,2.40,4.06,1.24
15499,Simeon Woods Richardson,MIN,31,21,4,0,0,122,5,4,122,18,69,53,114,0,0,0,5.09,1.43,8.41,3.91,2.15,1.33
19039,Jason Woodward,MIL,0,0,0,0,0,1,0,0,1.04,0,0.63,0.6,0.98,0,0,0,5.63,1.64,8.78,5.40,1.62,0.00
17501,Logan Workman,TB,0,0,0,0,0,1,0,0,1.04,0,0.56,0.42,0.81,0,0,0,4.99,1.46,7.25,3.81,1.91,0.00
19618,Jakob Wright,LAD,0,0,0,0,0,1,0,0,1.15,0,0.63,0.57,0.9,0,0,0,5.63,1.72,8.10,5.17,1.57,0.00
14765,Kyle Wright,CHC,17,17,3,0,0,97,2,4,96,13,52,40,88,0,0,0,4.82,1.40,8.16,3.71,2.20,1.21
18714,Justin Wrobleski,LAD,32,3,0,0,0,51,1,1,46,8,25,18,46,0,0,0,4.41,1.25,8.12,3.18,2.56,1.41
16887,Jeremy Wu-Yelland,BOS,0,0,0,0,0,1,0,0,0.99,0,0.65,0.59,1.03,0,0,0,5.82,1.57,9.26,5.29,1.75,0.00
19029,Hiro Wyatt,KC,0,0,0,0,0,1,0,0,1.42,0,0.98,0.76,0.69,0,0,0,8.84,2.18,6.24,6.80,0.92,0.00
16557,Randy Wynne,FA,0,0,0,0,0,1,0,0,1.26,0,0.7,0.33,0.61,0,0,0,6.34,1.58,5.47,2.95,1.85,0.00
17163,Yoshinobu Yamamoto,LAD,27,27,15,0,0,160,12,6,119,12,48,48,186,0,0,0,2.70,1.04,10.46,2.70,3.88,0.68
19262,Ricardo Yan,ARI,0,0,0,0,0,1,0,0,0.96,0,0.86,1.12,0.8,0,0,0,7.75,2.09,7.23,10.12,0.71,0.00
19969,Jefry Yan,FA,0,0,0,0,0,1,0,0,1.08,0,0.82,0.93,1.19,0,0,0,7.39,2.01,10.67,8.38,1.27,0.00
13471,Ryan Yarbrough,NYY,46,3,1,0,0,65,1,1,57,10,28,19,50,6,1,2,3.88,1.17,6.92,2.63,2.63,1.38
13221,Kirby Yates,LAA,58,0,0,0,0,57,3,3,42,8,23,23,62,9,14,3,3.63,1.14,9.79,3.63,2.70,1.26
18289,Justin Yeager,SD,0,0,0,0,0,1,0,0,0.86,0,0.46,0.57,0.83,0,0,0,4.17,1.43,7.50,5.14,1.46,0.00
20660,Chay Yeager,TOR,0,0,0,0,0,1,0,0,0.96,0,0.61,0.59,0.83,0,0,0,5.50,1.55,7.51,5.27,1.42,0.00
19474,Reynaldo Yean,LAD,0,0,0,0,0,1,0,0,0.79,0,0.86,1.21,1.01,0,0,0,7.76,2.00,9.08,10.90,0.83,0.00
16480,Eddy Yean,WSH,0,0,0,0,0,1,0,0,1.17,0,0.61,0.67,0.71,0,0,0,5.46,1.85,6.41,6.06,1.06,0.00
19503,Trey Yesavage,TOR,29,24,7,0,0,134,10,7,116,14,56,49,140,0,0,0,3.76,1.23,9.40,3.29,2.86,0.94
19875,Nelfy Ynfante,STL,0,0,0,0,0,1,0,0,1.41,0,0.9,0.86,0.68,0,0,0,8.10,2.26,6.13,7.70,0.80,0.00
13544,Huascar Ynoa,LAA,0,0,0,0,0,1,0,0,1.03,0,0.69,0.52,0.87,0,0,0,6.26,1.55,7.85,4.65,1.69,0.00
19413,Craig Yoho,MIL,31,0,0,0,0,33,2,1,28,4,16,13,27,0,0,0,4.36,1.24,7.36,3.55,2.08,1.09
20496,Eric Yost,SD,0,0,0,0,0,1,0,0,1.25,0,0.74,0.67,0.7,0,0,0,6.69,1.92,6.29,5.99,1.05,0.00
19208,Christian Young,FA,0,0,0,0,0,1,0,0,1.31,0,0.93,0.4,0.81,0,0,0,8.41,1.71,7.25,3.58,2.02,0.00
17882,Danny Young,ATL,16,0,0,0,0,16,0,0,14,2,7,6,15,0,0,0,3.94,1.25,8.44,3.38,2.50,1.13
13839,Alex Young,FA,0,0,0,0,0,1,0,0,0.94,0,0.46,0.38,0.93,0,0,0,4.10,1.32,8.38,3.42,2.45,0.00
16949,Brandon Young,BAL,16,4,1,0,0,34,1,2,35,6,20,12,28,0,0,0,5.29,1.38,7.41,3.18,2.33,1.59
16773,Kenyon Yovan,LAA,0,0,0,0,0,1,0,0,1.08,0,0.59,0.52,0.89,0,0,0,5.35,1.60,7.97,4.72,1.69,0.00
17628,Tyrone Yulie,NYY,0,0,0,0,0,1,0,0,1.07,0,0.96,1.04,0.82,0,0,0,8.68,2.11,7.39,9.32,0.79,0.00
19318,Alfredo Zarraga,TB,0,0,0,0,0,1,0,0,0.95,0,0.5,0.56,0.98,0,0,0,4.54,1.51,8.83,5.03,1.75,0.00
13045,Rob Zastryzny,MIL,47,0,0,0,0,45,3,2,37,5,19,16,37,3,0,1,3.80,1.18,7.40,3.20,2.31,1.00
19256,Christian Zazueta,LAD,0,0,0,0,0,1,0,0,1.11,0,0.68,0.48,0.86,0,0,0,6.08,1.59,7.77,4.28,1.81,0.00
14287,Ryan Zeferjahn,LAA,64,0,0,0,0,64,3,3,50,8,27,26,62,13,2,3,3.80,1.19,8.72,3.66,2.38,1.13
17131,Angel Zerpa,MIL,59,0,0,0,0,60,3,2,57,7,28,20,51,7,0,3,4.20,1.28,7.65,3.00,2.55,1.05
14268,T.J. Zeuch,FA,0,0,0,0,0,1,0,0,1.35,0,0.87,0.5,0.69,0,0,0,7.81,1.85,6.17,4.54,1.36,0.00
19745,Chen Zhong-Ao Zhuang,ATH,0,0,0,0,0,1,0,0,1.17,0,0.62,0.34,0.77,0,0,0,5.61,1.52,6.89,3.09,2.23,0.00
18041,Jacob Zibin,CLE,0,0,0,0,0,1,0,0,1.22,0,0.78,1,0.51,0,0,0,6.99,2.21,4.56,8.97,0.51,0.00
17409,Calvin Ziegler,NYM,0,0,0,0,0,1,0,0,0.83,0,0.54,0.56,1.02,0,0,0,4.83,1.39,9.22,5.05,1.83,0.00
19568,Gage Ziehl,BOS,0,0,0,0,0,1,0,0,1.22,0,0.68,0.35,0.75,0,0,0,6.12,1.57,6.77,3.15,2.15,0.00
15664,Bruce Zimmermann,STL,0,0,0,0,0,1,0,0,1.15,0,0.6,0.36,0.77,0,0,0,5.41,1.51,6.89,3.20,2.15,0.00
18126,Steven Zobac,KC,0,0,0,0,0,1,0,0,1.28,0,0.8,0.45,0.79,0,0,0,7.19,1.72,7.09,4.01,1.77,0.00
16664,Tyler Zuber,MIA,0,0,0,0,0,1,0,0,1.05,0,0.62,0.46,0.95,0,0,0,5.59,1.51,8.57,4.14,2.07,0.00
17186,Yosver Zulueta,SEA,22,0,0,0,0,23,1,1,19,3,10,8,19,0,0,0,3.91,1.17,7.43,3.13,2.38,1.17
18280,Guillo Zuniga,SEA,0,0,0,0,0,1,0,0,1.01,0,0.65,0.51,0.87,0,0,0,5.84,1.52,7.85,4.63,1.69,0.00
18176,Nick Zwack,SF,0,0,0,0,0,1,0,0,1.11,0,0.67,0.49,0.85,0,0,0,5.99,1.59,7.62,4.37,1.75,0.00